Идентификатор,Наименование,Группа способов,Уровень возможностей нарушителя,Возможные реализуемые угрозы,Возможные меры защиты,Условия реализации,Выполняемые действия,Последствия реализации,Идентификаторы других систем,Ссылки на источник
СП.1.1,Эксплуатация известных уязвимостей,СП.1 Эксплуатация уязвимостей,"В.1 Нарушитель, обладающий базовыми возможностями","УБИ.1 Угроза утечки информации;
УБИ.2 Угроза несанкционированного доступа;
УБИ.3 Угроза несанкционированной модификации (искажения);
УБИ.4 Угроза несанкционированной подмены;
УБИ.5 Угроза удаления информационных ресурсов;
УБИ.6 Угроза отказа в обслуживании;
УБИ.7 Угроза ненадлежащего (нецелевого) использования;
УБИ.8 Угроза нарушения функционирования (работоспособности);
УБИ.10 Угроза распространения противоправной информации;
УБИ.11 Угроза несанкционированного массового сбора информации","ОПС.2.5 Определение и применение параметров настройки компонентов программного обеспечения, включая программные компоненты средств защиты информации, обеспечивающих реализацию мер защиты информации, а также устранение возможных уязвимостей информационной системы, приводящих к возникновению угроз безопасности информации;
АУД.2.1 Выявление (поиск) уязвимостей, связанных с ошибками кода в программном (микропрограммном) обеспечении (общесистемном, прикладном, специальном), а также программном обеспечении средств защиты информации, правильностью установки и настройки средств защиты информации, технических средств и программного обеспечения, а также корректностью работы средств защиты информации при их взаимодействии с техническими средствами и программным обеспечением ;
АУД.2.2 Разработка по результатам выявления (поиска) уязвимостей отчетов с описанием выявленных уязвимостей и планом мероприятий по их устранению; анализ отчетов с результатами поиска уязвимостей и оценки достаточности реализованных мер защиты информации ;
АУД.2.3 Устранение выявленных уязвимостей, в том числе путем установки обновлений программного обеспечения средств защиты информации, общесистемного программного обеспечения, прикладного программного обеспечения или микропрограммного обеспечения технических средств ;
АУД.2.4 Информирование должностных лиц оператора (пользователей, администраторов, подразделения по защите информации) о результатах поиска уязвимостей и оценки достаточности реализованных мер защиты информации ",Данные уточняются,Данные уточняются,Данные уточняются,Данные уточняются,Данные уточняются
СП.1.2,"Эксплуатация уязвимостей ""нулевого дня""",СП.1 Эксплуатация уязвимостей,"В.2 Нарушитель, обладающий базовыми повышенными возможностями","УБИ.1 Угроза утечки информации;
УБИ.2 Угроза несанкционированного доступа;
УБИ.3 Угроза несанкционированной модификации (искажения);
УБИ.4 Угроза несанкционированной подмены;
УБИ.5 Угроза удаления информационных ресурсов;
УБИ.6 Угроза отказа в обслуживании;
УБИ.7 Угроза ненадлежащего (нецелевого) использования;
УБИ.8 Угроза нарушения функционирования (работоспособности);
УБИ.10 Угроза распространения противоправной информации;
УБИ.11 Угроза несанкционированного массового сбора информации","ОПС.2.5 Определение и применение параметров настройки компонентов программного обеспечения, включая программные компоненты средств защиты информации, обеспечивающих реализацию мер защиты информации, а также устранение возможных уязвимостей информационной системы, приводящих к возникновению угроз безопасности информации;
АУД.2.1 Выявление (поиск) уязвимостей, связанных с ошибками кода в программном (микропрограммном) обеспечении (общесистемном, прикладном, специальном), а также программном обеспечении средств защиты информации, правильностью установки и настройки средств защиты информации, технических средств и программного обеспечения, а также корректностью работы средств защиты информации при их взаимодействии с техническими средствами и программным обеспечением ;
АУД.2.2 Разработка по результатам выявления (поиска) уязвимостей отчетов с описанием выявленных уязвимостей и планом мероприятий по их устранению; анализ отчетов с результатами поиска уязвимостей и оценки достаточности реализованных мер защиты информации ;
АУД.2.4 Информирование должностных лиц оператора (пользователей, администраторов, подразделения по защите информации) о результатах поиска уязвимостей и оценки достаточности реализованных мер защиты информации ",Данные уточняются,Данные уточняются,Данные уточняются,Данные уточняются,Данные уточняются
СП.2.1,"Использование недостатков, связанных с неполнотой проверки вводимых (входных) данных",СП.2 Использование недостатков конфигурации,"В.2 Нарушитель, обладающий базовыми повышенными возможностями","УБИ.1 Угроза утечки информации;
УБИ.2 Угроза несанкционированного доступа;
УБИ.3 Угроза несанкционированной модификации (искажения);
УБИ.4 Угроза несанкционированной подмены;
УБИ.5 Угроза удаления информационных ресурсов;
УБИ.6 Угроза отказа в обслуживании;
УБИ.7 Угроза ненадлежащего (нецелевого) использования;
УБИ.8 Угроза нарушения функционирования (работоспособности);
УБИ.10 Угроза распространения противоправной информации;
УБИ.11 Угроза несанкционированного массового сбора информации;
УБИ.9 Угроза получения информационных ресурсов из недоверенного или скомпрометированного источника","ОЦЛ.3.1 Ограничение прав пользователей по вводу информации в информационную систему (ограничение по вводу в определенные типы объектов доступа (объекты файловой системы, объекты баз данных, объекты прикладного и специального программного обеспечения) информации исходя из задач и полномочий, решаемых пользователем в информационной системе);
ОЦЛ.4.2 Вводимые данные должны проверяться на наличие конструкций, которые могут быть интерпретированы программно-техническими средствами информационной системы как исполняемые команды;
УКФ.2.2 Оценка возможных последствий от внесения изменений в конфигурацию;
УКФ.4.1 Контроль действий по внесению изменений в информационной системе",Данные уточняются,Данные уточняются,Данные уточняются,Данные уточняются,Данные уточняются
СП.2.2,"Использование недостатков, связанных с управлением учетными данными",СП.2 Использование недостатков конфигурации,"В.1 Нарушитель, обладающий базовыми возможностями","УБИ.1 Угроза утечки информации;
УБИ.2 Угроза несанкционированного доступа;
УБИ.3 Угроза несанкционированной модификации (искажения);
УБИ.4 Угроза несанкционированной подмены;
УБИ.5 Угроза удаления информационных ресурсов;
УБИ.6 Угроза отказа в обслуживании;
УБИ.7 Угроза ненадлежащего (нецелевого) использования;
УБИ.8 Угроза нарушения функционирования (работоспособности);
УБИ.10 Угроза распространения противоправной информации;
УБИ.11 Угроза несанкционированного массового сбора информации;
УБИ.9 Угроза получения информационных ресурсов из недоверенного или скомпрометированного источника","УПД.1.1 Определение типа учетной записи (внутреннего пользователя, внешнего пользователя; системная, приложения; гостевая (анонимная), временная и (или) иные типы записей);
УПД.1.2 Объединение учетных записей в группы (при необходимости);
УПД.1.3 Верификация пользователя (проверка личности пользователя, его должностных (функциональных) обязанностей) при заведении учетной записи пользователя;
УПД.1.4 Заведение, активация, блокирование и уничтожение учетных записей пользователей;
УПД.1.5 Пересмотр и, при необходимости, корректировка учетных записей пользователей с периодичностью, определяемой субъектом;
УПД.1.6 Регламентация и контроль использования гостевых (анонимных) и временных учетных записей пользователей, а также привилегированных учетных записей администраторов;
УПД.1.7 Оповещение администратора, осуществляющего управление учетными записями пользователей, об изменении сведений о пользователях, их ролях, обязанностях, полномочиях, ограничениях;
УПД.1.8 Уничтожение временных учетных записей пользователей, предоставленных для однократного (ограниченного по времени) выполнения задач;
УПД.1.9 Предоставление пользователям прав доступа к объектам доступа, основываясь на задачах, решаемых пользователями",Данные уточняются,Данные уточняются,Данные уточняются,Данные уточняются,Данные уточняются
СП.2.3,"Использование недостатков, связанных с отсутствием проверки достоверности отправителя и/или получателя",СП.2 Использование недостатков конфигурации,"В.2 Нарушитель, обладающий базовыми повышенными возможностями","УБИ.1 Угроза утечки информации;
УБИ.2 Угроза несанкционированного доступа;
УБИ.3 Угроза несанкционированной модификации (искажения);
УБИ.4 Угроза несанкционированной подмены;
УБИ.5 Угроза удаления информационных ресурсов;
УБИ.6 Угроза отказа в обслуживании;
УБИ.7 Угроза ненадлежащего (нецелевого) использования;
УБИ.8 Угроза нарушения функционирования (работоспособности);
УБИ.10 Угроза распространения противоправной информации;
УБИ.11 Угроза несанкционированного массового сбора информации;
УБИ.9 Угроза получения информационных ресурсов из недоверенного или скомпрометированного источника","ЗИС.26.1 Аутентификация сервера, являющегося источником ответов на запросы (сервер доменных имен или DNS\002сервер) по определению сетевых адресов (IP-адресов) по сетевым именам (доменные имена) ;
ЗИС.26.2  Аутентификация сервера, являющегося источником ответов на запросы (кэширующийDNS-сервер) по определению сетевых имен (доменных имен) по сетевым адресам (IP-адресам) ;
ЗИС.27.1 Обеспечение подлинности сетевых соединений (сеансов взаимодействия), в том числе для защиты от подмены сетевых устройств и сервисов (защита от атак типа «человек посередине»);
ЗИС.28.1 Определение объектов или типов информации, для которых требуется обеспечение неотказуемости отправки (например, сообщения электронной почты ;
ЗИС.28.3 Регистрация событий, связанных с отправкой информации другому пользователю ;
ЗИС.29.1 Определение объектов или типов информации, для которых требуется обеспечение неотказуемости получения (сообщения электронной почты) ;
ЗИС.29.3 Регистрация событий, связанных с получением информации от другого пользователя ;
ЗИС.31.1 Выявление и анализ скрытых каналов передачи информации для определения параметров передачи информации, которые могут использоваться для скрытого хранения информации и скрытой передачи информации за пределы информационной системы;
ЗИС.35.2 Обеспечение доверенных канала, маршрута внутри инфраструктуры между администратором, пользователем и средствами защиты информации (функциями безопасности);
ЗИС.35.5 Обеспечение подлинности сетевых соединений (сеансов взаимодействия) внутри инфраструктуры, в том числе для защиты от подмены сетевых устройств и сервисов;
УКФ.0.1 Разработка правил и процедур (политик) управления конфигурацией информационной (автоматизированной) системы;
УКФ.1.1 Идентификация сетевых подключений информационной системы к внешним информационным системам и сетям;
УКФ.1.2 Идентификация сетевых подключений внешних информационных систем и сетей к информационной системе",Данные уточняются,Данные уточняются,Данные уточняются,Данные уточняются,Данные уточняются
СП.2.4,"Использование недостатков, связанных с хранением ключевой информации в программном коде (в оперативной памяти)",СП.2 Использование недостатков конфигурации,"В.2 Нарушитель, обладающий базовыми повышенными возможностями","УБИ.1 Угроза утечки информации;
УБИ.2 Угроза несанкционированного доступа;
УБИ.3 Угроза несанкционированной модификации (искажения);
УБИ.4 Угроза несанкционированной подмены;
УБИ.5 Угроза удаления информационных ресурсов;
УБИ.8 Угроза нарушения функционирования (работоспособности);
УБИ.10 Угроза распространения противоправной информации;
УБИ.11 Угроза несанкционированного массового сбора информации;
УБИ.9 Угроза получения информационных ресурсов из недоверенного или скомпрометированного источника","АУД.2.1 Выявление (поиск) уязвимостей, связанных с ошибками кода в программном (микропрограммном) обеспечении (общесистемном, прикладном, специальном), а также программном обеспечении средств защиты информации, правильностью установки и настройки средств защиты информации, технических средств и программного обеспечения, а также корректностью работы средств защиты информации при их взаимодействии с техническими средствами и программным обеспечением ;
УПД.1.9 Предоставление пользователям прав доступа к объектам доступа, основываясь на задачах, решаемых пользователями;
ЗИС.12.1 Изоляция процессов (выполнение программ) в выделенной области памяти",Данные уточняются,Данные уточняются,Данные уточняются,Данные уточняются,Данные уточняются
СП.2.5,"Использование недостатков, связанных с передачей ключевой информации по системным шинам",СП.2 Использование недостатков конфигурации,"В.3 Нарушитель, обладающий средними возможностями","УБИ.1 Угроза утечки информации;
УБИ.2 Угроза несанкционированного доступа;
УБИ.3 Угроза несанкционированной модификации (искажения);
УБИ.4 Угроза несанкционированной подмены;
УБИ.5 Угроза удаления информационных ресурсов;
УБИ.6 Угроза отказа в обслуживании;
УБИ.8 Угроза нарушения функционирования (работоспособности);
УБИ.10 Угроза распространения противоправной информации;
УБИ.11 Угроза несанкционированного массового сбора информации;
УБИ.9 Угроза получения информационных ресурсов из недоверенного или скомпрометированного источника","ОЦЛ.1.5 Обеспечение физической защиты технических средств информационной системы;
ЗТС.3.1 Контроль и управление физическим доступом к техническим средствам, средствам защиты информации, средствам обеспечения функционирования, а также в помещения и сооружения, в которых они установлены, исключающие несанкционированный физический доступ к средствам обработки информации, средствам защиты информации и средствам обеспечения функционирования информационной системы и помещения и сооружения, в которых они установлены;
ЗИС.2.1 Управление (контроль) входящими в информационную систему и исходящими из информационной системы информационными потоками на физической и (или) логической границе информационной системы (сегментов информационной системы);
ЗИС.2.2 Обеспечение взаимодействия информационной системы и (или) ее сегментов с иными информационными системами и сетями только через сетевые интерфейсы, которые обеспечивают управление (контроль) информационными потоками с использованием средств защиты информации (управляемые (контролируемые) сетевые интерфейсы), установленных на физическом и (или) логическом периметре информационной системы или ее отдельных сегментов (маршрутизаторов, межсетевых экранов, коммутаторов, прокси-серверов, шлюзов безопасности, средств построения виртуальных частных сетей и иных средств защиты информации)",Данные уточняются,Данные уточняются,Данные уточняются,Данные уточняются,Данные уточняются
СП.2.6,"Использование недостатков, связанных с использованием нестойкой криптографии",СП.2 Использование недостатков конфигурации,"В.3 Нарушитель, обладающий средними возможностями","УБИ.1 Угроза утечки информации;
УБИ.2 Угроза несанкционированного доступа;
УБИ.3 Угроза несанкционированной модификации (искажения);
УБИ.4 Угроза несанкционированной подмены;
УБИ.5 Угроза удаления информационных ресурсов;
УБИ.8 Угроза нарушения функционирования (работоспособности);
УБИ.10 Угроза распространения противоправной информации;
УБИ.11 Угроза несанкционированного массового сбора информации;
УБИ.9 Угроза получения информационных ресурсов из недоверенного или скомпрометированного источника","ЗИС.2.1 Управление (контроль) входящими в информационную систему и исходящими из информационной системы информационными потоками на физической и (или) логической границе информационной системы (сегментов информационной системы);
ЗИС.2.2 Обеспечение взаимодействия информационной системы и (или) ее сегментов с иными информационными системами и сетями только через сетевые интерфейсы, которые обеспечивают управление (контроль) информационными потоками с использованием средств защиты информации (управляемые (контролируемые) сетевые интерфейсы), установленных на физическом и (или) логическом периметре информационной системы или ее отдельных сегментов (маршрутизаторов, межсетевых экранов, коммутаторов, прокси-серверов, шлюзов безопасности, средств построения виртуальных частных сетей и иных средств защиты информации)",Данные уточняются,Данные уточняются,Данные уточняются,Данные уточняются,Данные уточняются
СП.2.7,"Использование недостатков, связанных с некорректной настройкой сетевого доступа",СП.2 Использование недостатков конфигурации,"В.2 Нарушитель, обладающий базовыми повышенными возможностями","УБИ.1 Угроза утечки информации;
УБИ.2 Угроза несанкционированного доступа;
УБИ.3 Угроза несанкционированной модификации (искажения);
УБИ.4 Угроза несанкционированной подмены;
УБИ.5 Угроза удаления информационных ресурсов;
УБИ.6 Угроза отказа в обслуживании;
УБИ.7 Угроза ненадлежащего (нецелевого) использования;
УБИ.8 Угроза нарушения функционирования (работоспособности);
УБИ.10 Угроза распространения противоправной информации;
УБИ.11 Угроза несанкционированного массового сбора информации;
УБИ.9 Угроза получения информационных ресурсов из недоверенного или скомпрометированного источника","УКФ.1.1 Идентификация сетевых подключений информационной системы к внешним информационным системам и сетям;
УКФ.1.2 Идентификация сетевых подключений внешних информационных систем и сетей к информационной системе;
ЗИС.2.2 Обеспечение взаимодействия информационной системы и (или) ее сегментов с иными информационными системами и сетями только через сетевые интерфейсы, которые обеспечивают управление (контроль) информационными потоками с использованием средств защиты информации (управляемые (контролируемые) сетевые интерфейсы), установленных на физическом и (или) логическом периметре информационной системы или ее отдельных сегментов (маршрутизаторов, межсетевых экранов, коммутаторов, прокси-серверов, шлюзов безопасности, средств построения виртуальных частных сетей и иных средств защиты информации)",Данные уточняются,Данные уточняются,Данные уточняются,Данные уточняются,Данные уточняются
СП.2.8,"Использование недостатков конфигурации, связанных с настройками по умолчанию (включая пароли по умолчанию)",СП.2 Использование недостатков конфигурации,"В.1 Нарушитель, обладающий базовыми возможностями","УБИ.1 Угроза утечки информации;
УБИ.2 Угроза несанкционированного доступа;
УБИ.3 Угроза несанкционированной модификации (искажения);
УБИ.4 Угроза несанкционированной подмены;
УБИ.5 Угроза удаления информационных ресурсов;
УБИ.6 Угроза отказа в обслуживании;
УБИ.7 Угроза ненадлежащего (нецелевого) использования;
УБИ.8 Угроза нарушения функционирования (работоспособности);
УБИ.10 Угроза распространения противоправной информации;
УБИ.11 Угроза несанкционированного массового сбора информации;
УБИ.9 Угроза получения информационных ресурсов из недоверенного или скомпрометированного источника",ИАФ.4.2 Выдача средств аутентификации пользователям; генерация и выдача начальной аутентификационной информации (начальных значений средств аутентификации),Данные уточняются,Данные уточняются,Данные уточняются,Данные уточняются,Данные уточняются
СП.2.9,"Использование недостатков конфигурации, связанных с отсутствием проверки сертификата сети (для беспроводных сетей)",СП.2 Использование недостатков конфигурации,"В.1 Нарушитель, обладающий базовыми возможностями","УБИ.1 Угроза утечки информации;
УБИ.2 Угроза несанкционированного доступа;
УБИ.3 Угроза несанкционированной модификации (искажения);
УБИ.4 Угроза несанкционированной подмены;
УБИ.5 Угроза удаления информационных ресурсов;
УБИ.6 Угроза отказа в обслуживании;
УБИ.7 Угроза ненадлежащего (нецелевого) использования;
УБИ.8 Угроза нарушения функционирования (работоспособности);
УБИ.10 Угроза распространения противоправной информации;
УБИ.11 Угроза несанкционированного массового сбора информации;
УБИ.9 Угроза получения информационных ресурсов из недоверенного или скомпрометированного источника","АУД.1.3 Контроль выполнения условий и сроков действия сертификатов соответствия на средства защиты информации и принятие мер, направленных на устранение выявленных недостатков;
ЗИС.32.1 Ограничение на использование в информационной системе беспроводных соединений (в частности 802.11хWi-Fi, 802.15.1 Bluetooth, 802.22WRAN, IrDA и иных беспроводных соединений) в соответствии с задачами (функциями) информационной системы, для решения которых такие соединения необходимы;
ЗИС.32.2 Предоставление доступа к параметрам(изменению параметров) настройки беспроводных соединений только администраторам информационной системы; обеспечение возможности реализации беспроводных соединений только через контролируемые интерфейсы (в том числе, путем применения средств защиты информации);
ЗИС.32.3 Регистрация и анализ событий, связанных с использованием беспроводных соединений, в том числе для выявления попыток несанкционированного подключения к информационной системе через беспроводные соединения",Данные уточняются,Данные уточняются,Данные уточняются,Данные уточняются,Данные уточняются
СП.2.10,"Использование недостатков конфигурации сетевого оборудования, связанных с отсутствием или некорректной фильтрацией трафика",СП.2 Использование недостатков конфигурации,"В.1 Нарушитель, обладающий базовыми возможностями","УБИ.1 Угроза утечки информации;
УБИ.2 Угроза несанкционированного доступа;
УБИ.3 Угроза несанкционированной модификации (искажения);
УБИ.4 Угроза несанкционированной подмены;
УБИ.5 Угроза удаления информационных ресурсов;
УБИ.6 Угроза отказа в обслуживании;
УБИ.7 Угроза ненадлежащего (нецелевого) использования;
УБИ.8 Угроза нарушения функционирования (работоспособности);
УБИ.10 Угроза распространения противоправной информации;
УБИ.11 Угроза несанкционированного массового сбора информации;
УБИ.9 Угроза получения информационных ресурсов из недоверенного или скомпрометированного источника","ЗИС.35.1 Фильтрация сетевого трафика, в том числе между внешними сетями и внутренними, в том числе при организации сетевого обмена с сетями связи общего пользования",Данные уточняются,Данные уточняются,Данные уточняются,Данные уточняются,Данные уточняются
СП.2.11,"Использование недостатков, связанных с некорректной настройкой прав доступа",СП.2 Использование недостатков конфигурации,"В.1 Нарушитель, обладающий базовыми возможностями","УБИ.1 Угроза утечки информации;
УБИ.2 Угроза несанкционированного доступа;
УБИ.3 Угроза несанкционированной модификации (искажения);
УБИ.4 Угроза несанкционированной подмены;
УБИ.5 Угроза удаления информационных ресурсов;
УБИ.6 Угроза отказа в обслуживании;
УБИ.7 Угроза ненадлежащего (нецелевого) использования;
УБИ.8 Угроза нарушения функционирования (работоспособности);
УБИ.10 Угроза распространения противоправной информации;
УБИ.11 Угроза несанкционированного массового сбора информации;
УБИ.9 Угроза получения информационных ресурсов из недоверенного или скомпрометированного источника","УПД.1.1 Определение типа учетной записи (внутреннего пользователя, внешнего пользователя; системная, приложения; гостевая (анонимная), временная и (или) иные типы записей);
УПД.1.3 Верификация пользователя (проверка личности пользователя, его должностных (функциональных) обязанностей) при заведении учетной записи пользователя;
УПД.1.5 Пересмотр и, при необходимости, корректировка учетных записей пользователей с периодичностью, определяемой субъектом;
УПД.1.6 Регламентация и контроль использования гостевых (анонимных) и временных учетных записей пользователей, а также привилегированных учетных записей администраторов;
УПД.1.7 Оповещение администратора, осуществляющего управление учетными записями пользователей, об изменении сведений о пользователях, их ролях, обязанностях, полномочиях, ограничениях;
УПД.1.8 Уничтожение временных учетных записей пользователей, предоставленных для однократного (ограниченного по времени) выполнения задач;
УПД.1.9 Предоставление пользователям прав доступа к объектам доступа, основываясь на задачах, решаемых пользователями;
УПД.2.1 Реализация дискреционного метода управления доступом, предусматривающего управление доступом субъектов доступа к объектам доступа на основе идентификационной информации субъекта и для каждого объекта доступа – списка, содержащего набор субъектов доступа (групп субъектов) и ассоциированных с ними типов доступа;
УПД.2.2 Реализация ролевого метода управления доступом, предусматривающего управление доступом субъектов доступа к объектам доступа на основе ролей субъектов доступа (совокупность действий и обязанностей, связанных с определенным видом деятельности);
УПД.2.3 Реализация мандатного метода управления доступом, предусматривающего управление доступом субъектов доступа к объектам доступа на основе сопоставления классификационных меток каждого субъекта доступа и каждого объекта доступа, отражающих классификационные уровни субъектов доступа и объектов доступа, являющиеся комбинациями иерархических и неиерархических категорий;
УПД.3.2 Контроль доступа пользователей к процессу загрузки операционной системы;
УПД.4.1 Разделение полномочий (ролей) пользователей, администраторов и лиц, обеспечивающих функционирование информационной системы, в соответствии с их должностными обязанностями (функциями). Определение в организационно-распорядительных документах по защите информации (документирование) полномочий (ролей) пользователей, администраторов и лиц, обеспечивающих функционирование информационной системы.;
УПД.5.1 Назначение прав и привилегий пользователям и запускаемым от их имени процессам, администраторам и лицам, обеспечивающим функционирование, минимально необходимых для выполнения ими своих должностных обязанностей (функций), и санкционирование доступа к объектам доступа в соответствии с минимально необходимыми правами и привилегиями;
УПД.6.2 Блокирование устройства, с которого предпринимаются попытки доступа, и (или) учетной записи пользователя при превышении пользователем ограничения количества неуспешных попыток входа;
УПД.13.1 Установление (в том числе документальное) видов доступа, разрешенных для удаленного доступа к объектам доступа;
УПД.13.2 Ограничение на использование удаленного доступа в соответствии с задачами (функциями), для решения которых такой доступ необходим, и предоставление удаленного доступа для каждого разрешенного вида удаленного доступа;
УПД.13.3 Предоставление удаленного доступа только тем пользователям, которым он необходим для выполнения установленных должностных обязанностей (функций);
УПД.13.5 Контроль удаленного доступа пользователей (процессов запускаемых от имени пользователей) к объектам доступа до начала информационного взаимодействия (передачи защищаемой информации);
УПД.14.1 Предоставление доступа только авторизованным (уполномоченным) пользователям;
УПД.14.2 Определение типов прикладного программного обеспечения, к которым разрешен доступ авторизованным (уполномоченным) пользователям из внешних информационных систем",Данные уточняются,Данные уточняются,Данные уточняются,Данные уточняются,Данные уточняются
СП.3.1,Эксплуатация недостатков незащищенных протоколов передачи данных,СП.3 Использование недостатков архитектуры,"В.1 Нарушитель, обладающий базовыми возможностями","УБИ.1 Угроза утечки информации;
УБИ.2 Угроза несанкционированного доступа;
УБИ.3 Угроза несанкционированной модификации (искажения);
УБИ.4 Угроза несанкционированной подмены;
УБИ.5 Угроза удаления информационных ресурсов;
УБИ.10 Угроза распространения противоправной информации;
УБИ.11 Угроза несанкционированного массового сбора информации","ЗИС.19.1 Защита информации от раскрытия, модификации и навязывания (ввода ложной информации) при ее передаче (подготовке к передаче) по каналам связи, имеющим выход за пределы контролируемой зоны ;
ЗИС.35.4 Отключение неиспользуемых сетевых протоколов компонентами инфраструктуры, хостовой операционной системы, вычислительной сети ",Данные уточняются,Данные уточняются,Данные уточняются,Данные уточняются,Данные уточняются
СП.3.2,"Эксплуатация недостатков, децентрализованного и неконтролируемого подключения к сети Интернет",СП.3 Использование недостатков архитектуры,"В.1 Нарушитель, обладающий базовыми возможностями","УБИ.1 Угроза утечки информации;
УБИ.2 Угроза несанкционированного доступа;
УБИ.3 Угроза несанкционированной модификации (искажения);
УБИ.4 Угроза несанкционированной подмены;
УБИ.5 Угроза удаления информационных ресурсов;
УБИ.6 Угроза отказа в обслуживании;
УБИ.7 Угроза ненадлежащего (нецелевого) использования;
УБИ.10 Угроза распространения противоправной информации;
УБИ.11 Угроза несанкционированного массового сбора информации;
УБИ.9 Угроза получения информационных ресурсов из недоверенного или скомпрометированного источника","УПД.1.1 Определение типа учетной записи (внутреннего пользователя, внешнего пользователя; системная, приложения; гостевая (анонимная), временная и (или) иные типы записей);
УКФ.1.1 Идентификация сетевых подключений информационной системы к внешним информационным системам и сетям;
УКФ.1.2 Идентификация сетевых подключений внешних информационных систем и сетей к информационной системе;
ЗИС.35.1 Фильтрация сетевого трафика, в том числе между внешними сетями и внутренними, в том числе при организации сетевого обмена с сетями связи общего пользования;
ИАФ.5.1 Обеспечение однозначной идентификации и аутентификации пользователей для всех видов доступа, кроме тех видов доступа, которые определяются как действия, разрешенные до идентификации и аутентификации. ;
УПД.14.4 Определение порядка предоставления доступа авторизованными (уполномоченным) пользователями из внешних информационных систем;
УПД.14.5 Определение порядка обработки, хранения и передачи информации с использованием внешних информационных систем;
АВЗ.1.5 Проверка в масштабе времени, близком к реальному, объектов (файлов) из внешних источников (съемных машинных носителей информации, сетевых подключений, в том числе к сетям общего пользования, и других внешних источников) при загрузке, открытии или исполнении таких файлов;
ЗИС.17.2 Обеспечить мониторинг и контроль использования сети Интернет для всех средств вычислительной техники, расположенных в группах сегментов вычислительной сети организации, предназначенных для обработки и (или) хранения информации конфиденциального характера, и для всех учетных записей, используемых для осуществления доступа к сети Интернет;
ЗИС.17.3 Определение перечня ресурсов сети Интернет, на которых высока вероятность публикации информации конфиденциального характера ;
ЗИС.17.4 Мониторинг содержания указанных выше ресурсов сети Интернет с целью возможной публикации информации конфиденциального характера;
ЗИС.22.1 Передача, сопоставление (сравнение) атрибутов безопасности (меток безопасности) с информацией, которой она обменивается с иными (внешними) информационными системами ",Данные уточняются,Данные уточняются,Данные уточняются,Данные уточняются,Данные уточняются
СП.4.1,Внедрение вредоносного программного обеспечения через электронную почту,СП.4 Внедрение вредоносного программного обеспечения,"В.1 Нарушитель, обладающий базовыми возможностями","УБИ.1 Угроза утечки информации;
УБИ.2 Угроза несанкционированного доступа;
УБИ.3 Угроза несанкционированной модификации (искажения);
УБИ.4 Угроза несанкционированной подмены;
УБИ.5 Угроза удаления информационных ресурсов;
УБИ.6 Угроза отказа в обслуживании;
УБИ.7 Угроза ненадлежащего (нецелевого) использования;
УБИ.8 Угроза нарушения функционирования (работоспособности);
УБИ.10 Угроза распространения противоправной информации;
УБИ.11 Угроза несанкционированного массового сбора информации;
УБИ.9 Угроза получения информационных ресурсов из недоверенного или скомпрометированного источника","ЗИС.28.1 Определение объектов или типов информации, для которых требуется обеспечение неотказуемости отправки (например, сообщения электронной почты ;
ЗИС.29.1 Определение объектов или типов информации, для которых требуется обеспечение неотказуемости получения (сообщения электронной почты) ;
АВЗ.1.5 Проверка в масштабе времени, близком к реальному, объектов (файлов) из внешних источников (съемных машинных носителей информации, сетевых подключений, в том числе к сетям общего пользования, и других внешних источников) при загрузке, открытии или исполнении таких файлов;
АВЗ.1.1 Применение средств антивирусной защиты на автоматизированных рабочих местах, серверах, периметральных средствах защиты информации (средствах межсетевого экранирования, прокси-серверах, почтовых шлюзах и других средствах защиты информации), мобильных технических средствах и иных точках доступа в информационной системе, подверженных внедрению (заражению) вредоносными компьютерными программами (вирусами) через съемные машинные носители информации или сетевые подключения, в том числе к сетям общего пользования (вложения электронной почты, веб- и другие сетевые сервисы) ;
АВЗ.2.1 Применение средств антивирусной защиты на прокси-серверах, почтовых шлюза, почтовых серверах и иных точках доступа в информационную систему, подверженных внедрению (заражению) вредоносными компьютерными программами (вирусами) через съемные машинные носители информации или сетевые подключения, в том числе к сетям общего пользования (вложения электронной почты, веб- и другие сетевые сервисы);
ЗИС.15.1 Реализация электронного почтового обмена с внешними сетями через ограниченное количество контролируемых точек;
ЗИС.16.1 Обнаружение и реагирование на поступление незапрашиваемых электронных сообщений (писем, документов) и иной информации, не относящихся к функционированию информационной системы (защита от спама);
ЗИС.17.1 Мониторинг и контроль использования сервисов электронной почты (в том числе с использованием web-интерфейса) при передаче информации на внешние адреса электронной почты для всего трафика электронной почты и для всех учетных записей сервисов электронной почты ",Данные уточняются,Данные уточняются,Данные уточняются,Данные уточняются,Данные уточняются
СП.4.2,Внедрение вредоносного программного обеспечения через съемные носители информации,СП.4 Внедрение вредоносного программного обеспечения,"В.1 Нарушитель, обладающий базовыми возможностями","УБИ.1 Угроза утечки информации;
УБИ.2 Угроза несанкционированного доступа;
УБИ.3 Угроза несанкционированной модификации (искажения);
УБИ.4 Угроза несанкционированной подмены;
УБИ.5 Угроза удаления информационных ресурсов;
УБИ.6 Угроза отказа в обслуживании;
УБИ.7 Угроза ненадлежащего (нецелевого) использования;
УБИ.8 Угроза нарушения функционирования (работоспособности);
УБИ.10 Угроза распространения противоправной информации;
УБИ.11 Угроза несанкционированного массового сбора информации;
УБИ.9 Угроза получения информационных ресурсов из недоверенного или скомпрометированного источника","АВЗ.1.5 Проверка в масштабе времени, близком к реальному, объектов (файлов) из внешних источников (съемных машинных носителей информации, сетевых подключений, в том числе к сетям общего пользования, и других внешних источников) при загрузке, открытии или исполнении таких файлов;
АВЗ.1.1 Применение средств антивирусной защиты на автоматизированных рабочих местах, серверах, периметральных средствах защиты информации (средствах межсетевого экранирования, прокси-серверах, почтовых шлюзах и других средствах защиты информации), мобильных технических средствах и иных точках доступа в информационной системе, подверженных внедрению (заражению) вредоносными компьютерными программами (вирусами) через съемные машинные носители информации или сетевые подключения, в том числе к сетям общего пользования (вложения электронной почты, веб- и другие сетевые сервисы) ;
АВЗ.2.1 Применение средств антивирусной защиты на прокси-серверах, почтовых шлюза, почтовых серверах и иных точках доступа в информационную систему, подверженных внедрению (заражению) вредоносными компьютерными программами (вирусами) через съемные машинные носители информации или сетевые подключения, в том числе к сетям общего пользования (вложения электронной почты, веб- и другие сетевые сервисы);
ЗНИ.5.1 Определение оператором интерфейсов средств вычислительной техники, которые могут использоваться для ввода (вывода) информации, разрешенных и (или) запрещенных к использованию в информационной системе;
ЗНИ.5.3 Контроль доступа пользователей к разрешенным к использованию интерфейсов ввода (вывода);
ЗНИ.6.1 Определение оператором типов носителей информации, ввод (вывод) информации на которые подлежит контролю;
ЗНИ.6.3  Запрет действий по вводу (выводу) информации для пользователей, не имеющих полномочий на ввод (вывод) информации на машинные носители информации, и на носители информации, на которые запрещен ввод (вывод) информации;
ЗНИ.7.1 Определение оператором типов носителей информации, подключение которых к информационной системе разрешено;
ЗНИ.7.3 Запрет подключения носителей информации, подключение которых к информационной системе не разрешено",Данные уточняются,Данные уточняются,Данные уточняются,Данные уточняются,Данные уточняются
СП.4.3,Внедрение вредоносного программного обеспечения через посещение сайтов,СП.4 Внедрение вредоносного программного обеспечения,"В.1 Нарушитель, обладающий базовыми возможностями","УБИ.1 Угроза утечки информации;
УБИ.2 Угроза несанкционированного доступа;
УБИ.3 Угроза несанкционированной модификации (искажения);
УБИ.4 Угроза несанкционированной подмены;
УБИ.5 Угроза удаления информационных ресурсов;
УБИ.6 Угроза отказа в обслуживании;
УБИ.7 Угроза ненадлежащего (нецелевого) использования;
УБИ.8 Угроза нарушения функционирования (работоспособности);
УБИ.10 Угроза распространения противоправной информации;
УБИ.11 Угроза несанкционированного массового сбора информации;
УБИ.9 Угроза получения информационных ресурсов из недоверенного или скомпрометированного источника","АВЗ.1.5 Проверка в масштабе времени, близком к реальному, объектов (файлов) из внешних источников (съемных машинных носителей информации, сетевых подключений, в том числе к сетям общего пользования, и других внешних источников) при загрузке, открытии или исполнении таких файлов;
АВЗ.1.1 Применение средств антивирусной защиты на автоматизированных рабочих местах, серверах, периметральных средствах защиты информации (средствах межсетевого экранирования, прокси-серверах, почтовых шлюзах и других средствах защиты информации), мобильных технических средствах и иных точках доступа в информационной системе, подверженных внедрению (заражению) вредоносными компьютерными программами (вирусами) через съемные машинные носители информации или сетевые подключения, в том числе к сетям общего пользования (вложения электронной почты, веб- и другие сетевые сервисы) ;
АВЗ.2.1 Применение средств антивирусной защиты на прокси-серверах, почтовых шлюза, почтовых серверах и иных точках доступа в информационную систему, подверженных внедрению (заражению) вредоносными компьютерными программами (вирусами) через съемные машинные носители информации или сетевые подключения, в том числе к сетям общего пользования (вложения электронной почты, веб- и другие сетевые сервисы);
ЗИС.18.1 Ограничение доступа к сайтам или типам сайтов, запрещенных к использованию",Данные уточняются,Данные уточняются,Данные уточняются,Данные уточняются,Данные уточняются
СП.4.4,Внедрение вредоносного программного обеспечения через сетевое взаимодействие,СП.4 Внедрение вредоносного программного обеспечения,"В.2 Нарушитель, обладающий базовыми повышенными возможностями","УБИ.1 Угроза утечки информации;
УБИ.2 Угроза несанкционированного доступа;
УБИ.3 Угроза несанкционированной модификации (искажения);
УБИ.4 Угроза несанкционированной подмены;
УБИ.5 Угроза удаления информационных ресурсов;
УБИ.6 Угроза отказа в обслуживании;
УБИ.7 Угроза ненадлежащего (нецелевого) использования;
УБИ.8 Угроза нарушения функционирования (работоспособности);
УБИ.10 Угроза распространения противоправной информации;
УБИ.11 Угроза несанкционированного массового сбора информации;
УБИ.9 Угроза получения информационных ресурсов из недоверенного или скомпрометированного источника","ЗИС.35.2 Обеспечение доверенных канала, маршрута внутри инфраструктуры между администратором, пользователем и средствами защиты информации (функциями безопасности);
ЗИС.35.5 Обеспечение подлинности сетевых соединений (сеансов взаимодействия) внутри инфраструктуры, в том числе для защиты от подмены сетевых устройств и сервисов;
ЗИС.2.2 Обеспечение взаимодействия информационной системы и (или) ее сегментов с иными информационными системами и сетями только через сетевые интерфейсы, которые обеспечивают управление (контроль) информационными потоками с использованием средств защиты информации (управляемые (контролируемые) сетевые интерфейсы), установленных на физическом и (или) логическом периметре информационной системы или ее отдельных сегментов (маршрутизаторов, межсетевых экранов, коммутаторов, прокси-серверов, шлюзов безопасности, средств построения виртуальных частных сетей и иных средств защиты информации);
ЗИС.35.1 Фильтрация сетевого трафика, в том числе между внешними сетями и внутренними, в том числе при организации сетевого обмена с сетями связи общего пользования;
ЗИС.35.4 Отключение неиспользуемых сетевых протоколов компонентами инфраструктуры, хостовой операционной системы, вычислительной сети ;
АВЗ.1.5 Проверка в масштабе времени, близком к реальному, объектов (файлов) из внешних источников (съемных машинных носителей информации, сетевых подключений, в том числе к сетям общего пользования, и других внешних источников) при загрузке, открытии или исполнении таких файлов;
АВЗ.1.1 Применение средств антивирусной защиты на автоматизированных рабочих местах, серверах, периметральных средствах защиты информации (средствах межсетевого экранирования, прокси-серверах, почтовых шлюзах и других средствах защиты информации), мобильных технических средствах и иных точках доступа в информационной системе, подверженных внедрению (заражению) вредоносными компьютерными программами (вирусами) через съемные машинные носители информации или сетевые подключения, в том числе к сетям общего пользования (вложения электронной почты, веб- и другие сетевые сервисы) ;
АВЗ.2.1 Применение средств антивирусной защиты на прокси-серверах, почтовых шлюза, почтовых серверах и иных точках доступа в информационную систему, подверженных внедрению (заражению) вредоносными компьютерными программами (вирусами) через съемные машинные носители информации или сетевые подключения, в том числе к сетям общего пользования (вложения электронной почты, веб- и другие сетевые сервисы);
АУД.5.1 Применение систем анализа сетевого трафика, предназначенных для перехвата потоков данных и обнаружения признаков сложных, чаще всего целевых атак;
ЗИС.35.3 Контроль передачи служебных информационных сообщений, передаваемых в сетях, хостовой операционной системы, по составу, объёму и иным характеристикам ;
ЗИС.35.6 Обеспечение изоляции потоков данных, передаваемых и обрабатываемых компонентами инфраструктуры и сетевых потоков вычислительной сети;
ЗИС.35.7 Семантический и статистический анализ сетевого трафика вычислительной сети",Данные уточняются,Данные уточняются,Данные уточняются,Данные уточняются,Данные уточняются
СП.4.5,Внедрение вредоносного программного обеспечения через средства удаленного управления/доступа,СП.4 Внедрение вредоносного программного обеспечения,"В.1 Нарушитель, обладающий базовыми возможностями","УБИ.1 Угроза утечки информации;
УБИ.2 Угроза несанкционированного доступа;
УБИ.3 Угроза несанкционированной модификации (искажения);
УБИ.4 Угроза несанкционированной подмены;
УБИ.5 Угроза удаления информационных ресурсов;
УБИ.6 Угроза отказа в обслуживании;
УБИ.7 Угроза ненадлежащего (нецелевого) использования;
УБИ.8 Угроза нарушения функционирования (работоспособности);
УБИ.10 Угроза распространения противоправной информации;
УБИ.11 Угроза несанкционированного массового сбора информации;
УБИ.9 Угроза получения информационных ресурсов из недоверенного или скомпрометированного источника","УПД.13.1 Установление (в том числе документальное) видов доступа, разрешенных для удаленного доступа к объектам доступа;
УПД.13.2 Ограничение на использование удаленного доступа в соответствии с задачами (функциями), для решения которых такой доступ необходим, и предоставление удаленного доступа для каждого разрешенного вида удаленного доступа;
УПД.13.3 Предоставление удаленного доступа только тем пользователям, которым он необходим для выполнения установленных должностных обязанностей (функций);
УПД.13.5 Контроль удаленного доступа пользователей (процессов запускаемых от имени пользователей) к объектам доступа до начала информационного взаимодействия (передачи защищаемой информации);
АВЗ.1.5 Проверка в масштабе времени, близком к реальному, объектов (файлов) из внешних источников (съемных машинных носителей информации, сетевых подключений, в том числе к сетям общего пользования, и других внешних источников) при загрузке, открытии или исполнении таких файлов;
АВЗ.1.1 Применение средств антивирусной защиты на автоматизированных рабочих местах, серверах, периметральных средствах защиты информации (средствах межсетевого экранирования, прокси-серверах, почтовых шлюзах и других средствах защиты информации), мобильных технических средствах и иных точках доступа в информационной системе, подверженных внедрению (заражению) вредоносными компьютерными программами (вирусами) через съемные машинные носители информации или сетевые подключения, в том числе к сетям общего пользования (вложения электронной почты, веб- и другие сетевые сервисы) ;
АВЗ.2.1 Применение средств антивирусной защиты на прокси-серверах, почтовых шлюза, почтовых серверах и иных точках доступа в информационную систему, подверженных внедрению (заражению) вредоносными компьютерными программами (вирусами) через съемные машинные носители информации или сетевые подключения, в том числе к сетям общего пользования (вложения электронной почты, веб- и другие сетевые сервисы);
УПД.13.4 Мониторинг и контроль удаленного доступа на предмет выявления несанкционированного удаленного доступа к объектам доступа",Данные уточняются,Данные уточняются,Данные уточняются,Данные уточняются,Данные уточняются
СП.4.6,Внедрение вредоносного программного обеспечения через средства установки/обновления программного обеспечения,СП.4 Внедрение вредоносного программного обеспечения,"В.3 Нарушитель, обладающий средними возможностями","УБИ.1 Угроза утечки информации;
УБИ.2 Угроза несанкционированного доступа;
УБИ.3 Угроза несанкционированной модификации (искажения);
УБИ.4 Угроза несанкционированной подмены;
УБИ.5 Угроза удаления информационных ресурсов;
УБИ.6 Угроза отказа в обслуживании;
УБИ.7 Угроза ненадлежащего (нецелевого) использования;
УБИ.8 Угроза нарушения функционирования (работоспособности);
УБИ.10 Угроза распространения противоправной информации;
УБИ.11 Угроза несанкционированного массового сбора информации;
УБИ.9 Угроза получения информационных ресурсов из недоверенного или скомпрометированного источника","ОПС.2.5 Определение и применение параметров настройки компонентов программного обеспечения, включая программные компоненты средств защиты информации, обеспечивающих реализацию мер защиты информации, а также устранение возможных уязвимостей информационной системы, приводящих к возникновению угроз безопасности информации;
УКФ.4.1 Контроль действий по внесению изменений в информационной системе;
ЗИС.26.1 Аутентификация сервера, являющегося источником ответов на запросы (сервер доменных имен или DNS\002сервер) по определению сетевых адресов (IP-адресов) по сетевым именам (доменные имена) ;
ЗИС.26.2  Аутентификация сервера, являющегося источником ответов на запросы (кэширующийDNS-сервер) по определению сетевых имен (доменных имен) по сетевым адресам (IP-адресам) ;
АВЗ.1.5 Проверка в масштабе времени, близком к реальному, объектов (файлов) из внешних источников (съемных машинных носителей информации, сетевых подключений, в том числе к сетям общего пользования, и других внешних источников) при загрузке, открытии или исполнении таких файлов;
АВЗ.1.1 Применение средств антивирусной защиты на автоматизированных рабочих местах, серверах, периметральных средствах защиты информации (средствах межсетевого экранирования, прокси-серверах, почтовых шлюзах и других средствах защиты информации), мобильных технических средствах и иных точках доступа в информационной системе, подверженных внедрению (заражению) вредоносными компьютерными программами (вирусами) через съемные машинные носители информации или сетевые подключения, в том числе к сетям общего пользования (вложения электронной почты, веб- и другие сетевые сервисы) ;
АВЗ.2.1 Применение средств антивирусной защиты на прокси-серверах, почтовых шлюза, почтовых серверах и иных точках доступа в информационную систему, подверженных внедрению (заражению) вредоносными компьютерными программами (вирусами) через съемные машинные носители информации или сетевые подключения, в том числе к сетям общего пользования (вложения электронной почты, веб- и другие сетевые сервисы);
ОПС.1.3 Ограничение запуска компонентов программного обеспечения от имени администраторов безопасности;
ОПС.1.4 Настройка параметров запуска компонентов программного обеспечения от имени учетной записи администратора безопасности таким образом, чтобы текущий пользователь средства вычислительной техники не мог получить через данные компоненты доступ к объектам доступа, на доступ к которым у него нет прав;
ОПС.2.1 Определение компонентов программного обеспечения (состава и конфигурации), подлежащих установке после загрузки операционной системы;
ОПС.2.2 Настройка параметров установки компонентов программного обеспечения, обеспечивающая исключение установки (если осуществимо) компонентов программного обеспечения, использование которых не требуется для реализации информационной технологии;
ОПС.2.3 Конфигурация устанавливаемых компонентов программного обеспечения (в том числе конфигурации, предусматривающие включение в домен, или не включение в домен);
ОПС.2.4 Контроль за установкой компонентов программного обеспечения (состав компонентов, параметры установки, конфигурация компонентов);
АВЗ.3.1 Проверку в масштабе времени, близком к реальному, объектов (файлов) архивных, исполняемых и зашифрованных при загрузке, открытии или исполнении таких файлов.;
АВЗ.4.1 Получение уведомлений о необходимости обновлений и непосредственном обновлении базы данных признаков вредоносных компьютерных программ (вирусов) ;
АВЗ.4.2 Получение из доверенных источников и установка обновлений базы данных признаков вредоносных компьютерных программ (вирусов);
АВЗ.4.3 Контроль целостности обновлений базы данных признаков вредоносных компьютерных программ (вирусов) ;
АВЗ.5.1 Реализация на разных уровнях информационной системы средств антивирусной защиты разных производителей;
ЗИС.7.1 Применение специально созданных (эмулированных) ложных компонентов информационной системы или создание ложных информационных систем, предназначенных для обнаружения, регистрации и анализа действий нарушителей в процессе реализации угроз безопасности информации;
УКФ.3.1 Разработка перечня программного обеспечения и (или) его компонентов, разрешенных оператором к установке («белый список»), и (или) перечнем программного обеспечения и (или) его компонентов, запрещенных оператором к установке («черный список»);
УКФ.3.2 Установка (инсталляция) в информационной системе программного обеспечения и (или) его компонентов должна осуществляться только от имени администратора;
УКФ.3.3 Проведение периодического контроля установленного (инсталлированного) в информационной системе программного обеспечения на предмет соответствия его перечню программного обеспечения, разрешенному к установке в информационной системе, а также на предмет отсутствия программного обеспечения, запрещенного оператором к установке;
ОПО.1.1 Проведение поиска и получение обновлений программного обеспечения от доверенного источника;
ОПО.2.1 Проведение проверки целостности программного обеспечения путем сверки контрольных сумм, предоставляемых разработчиком;
ОПО.3.1 Проведение проверки обновлений программного обеспечения на изолированном от основной информационной системы сегменте ;
ОПО.4.1 Реализация технологии централизованного обновления программного обеспечения, предусматривающая однократную передачу обновлений на сервер для их последующего применения на всех элементах информационной системы",Данные уточняются,Данные уточняются,Данные уточняются,Данные уточняются,Данные уточняются
СП.4.7,Внедрение вредоносного программного обеспечения через формы приема файлов ,СП.4 Внедрение вредоносного программного обеспечения,"В.1 Нарушитель, обладающий базовыми возможностями","УБИ.1 Угроза утечки информации;
УБИ.2 Угроза несанкционированного доступа;
УБИ.3 Угроза несанкционированной модификации (искажения);
УБИ.4 Угроза несанкционированной подмены;
УБИ.5 Угроза удаления информационных ресурсов;
УБИ.6 Угроза отказа в обслуживании;
УБИ.7 Угроза ненадлежащего (нецелевого) использования;
УБИ.8 Угроза нарушения функционирования (работоспособности);
УБИ.10 Угроза распространения противоправной информации;
УБИ.11 Угроза несанкционированного массового сбора информации;
УБИ.9 Угроза получения информационных ресурсов из недоверенного или скомпрометированного источника","АВЗ.1.5 Проверка в масштабе времени, близком к реальному, объектов (файлов) из внешних источников (съемных машинных носителей информации, сетевых подключений, в том числе к сетям общего пользования, и других внешних источников) при загрузке, открытии или исполнении таких файлов;
АВЗ.1.1 Применение средств антивирусной защиты на автоматизированных рабочих местах, серверах, периметральных средствах защиты информации (средствах межсетевого экранирования, прокси-серверах, почтовых шлюзах и других средствах защиты информации), мобильных технических средствах и иных точках доступа в информационной системе, подверженных внедрению (заражению) вредоносными компьютерными программами (вирусами) через съемные машинные носители информации или сетевые подключения, в том числе к сетям общего пользования (вложения электронной почты, веб- и другие сетевые сервисы) ;
АВЗ.2.1 Применение средств антивирусной защиты на прокси-серверах, почтовых шлюза, почтовых серверах и иных точках доступа в информационную систему, подверженных внедрению (заражению) вредоносными компьютерными программами (вирусами) через съемные машинные носители информации или сетевые подключения, в том числе к сетям общего пользования (вложения электронной почты, веб- и другие сетевые сервисы);
АВЗ.3.1 Проверку в масштабе времени, близком к реальному, объектов (файлов) архивных, исполняемых и зашифрованных при загрузке, открытии или исполнении таких файлов.",Данные уточняются,Данные уточняются,Данные уточняются,Данные уточняются,Данные уточняются
СП.4.8,"Внедрение вредоносного программного обеспечения через файлообменные ресурсы (FTP, SMB и т.п.)",СП.4 Внедрение вредоносного программного обеспечения,"В.1 Нарушитель, обладающий базовыми возможностями","УБИ.1 Угроза утечки информации;
УБИ.2 Угроза несанкционированного доступа;
УБИ.3 Угроза несанкционированной модификации (искажения);
УБИ.4 Угроза несанкционированной подмены;
УБИ.5 Угроза удаления информационных ресурсов;
УБИ.6 Угроза отказа в обслуживании;
УБИ.7 Угроза ненадлежащего (нецелевого) использования;
УБИ.8 Угроза нарушения функционирования (работоспособности);
УБИ.10 Угроза распространения противоправной информации;
УБИ.11 Угроза несанкционированного массового сбора информации;
УБИ.9 Угроза получения информационных ресурсов из недоверенного или скомпрометированного источника","АВЗ.1.5 Проверка в масштабе времени, близком к реальному, объектов (файлов) из внешних источников (съемных машинных носителей информации, сетевых подключений, в том числе к сетям общего пользования, и других внешних источников) при загрузке, открытии или исполнении таких файлов;
АВЗ.1.1 Применение средств антивирусной защиты на автоматизированных рабочих местах, серверах, периметральных средствах защиты информации (средствах межсетевого экранирования, прокси-серверах, почтовых шлюзах и других средствах защиты информации), мобильных технических средствах и иных точках доступа в информационной системе, подверженных внедрению (заражению) вредоносными компьютерными программами (вирусами) через съемные машинные носители информации или сетевые подключения, в том числе к сетям общего пользования (вложения электронной почты, веб- и другие сетевые сервисы) ;
АВЗ.2.1 Применение средств антивирусной защиты на прокси-серверах, почтовых шлюза, почтовых серверах и иных точках доступа в информационную систему, подверженных внедрению (заражению) вредоносными компьютерными программами (вирусами) через съемные машинные носители информации или сетевые подключения, в том числе к сетям общего пользования (вложения электронной почты, веб- и другие сетевые сервисы);
АВЗ.3.1 Проверку в масштабе времени, близком к реальному, объектов (файлов) архивных, исполняемых и зашифрованных при загрузке, открытии или исполнении таких файлов.",Данные уточняются,Данные уточняются,Данные уточняются,Данные уточняются,Данные уточняются
СП.4.9,"Внедрение вредоносного программного обеспечения через мессенджеры, системы видеоконференцсвязи",СП.4 Внедрение вредоносного программного обеспечения,"В.1 Нарушитель, обладающий базовыми возможностями","УБИ.1 Угроза утечки информации;
УБИ.2 Угроза несанкционированного доступа;
УБИ.3 Угроза несанкционированной модификации (искажения);
УБИ.4 Угроза несанкционированной подмены;
УБИ.5 Угроза удаления информационных ресурсов;
УБИ.6 Угроза отказа в обслуживании;
УБИ.7 Угроза ненадлежащего (нецелевого) использования;
УБИ.8 Угроза нарушения функционирования (работоспособности);
УБИ.10 Угроза распространения противоправной информации;
УБИ.11 Угроза несанкционированного массового сбора информации;
УБИ.9 Угроза получения информационных ресурсов из недоверенного или скомпрометированного источника","АВЗ.1.5 Проверка в масштабе времени, близком к реальному, объектов (файлов) из внешних источников (съемных машинных носителей информации, сетевых подключений, в том числе к сетям общего пользования, и других внешних источников) при загрузке, открытии или исполнении таких файлов;
АВЗ.1.1 Применение средств антивирусной защиты на автоматизированных рабочих местах, серверах, периметральных средствах защиты информации (средствах межсетевого экранирования, прокси-серверах, почтовых шлюзах и других средствах защиты информации), мобильных технических средствах и иных точках доступа в информационной системе, подверженных внедрению (заражению) вредоносными компьютерными программами (вирусами) через съемные машинные носители информации или сетевые подключения, в том числе к сетям общего пользования (вложения электронной почты, веб- и другие сетевые сервисы) ;
АВЗ.2.1 Применение средств антивирусной защиты на прокси-серверах, почтовых шлюза, почтовых серверах и иных точках доступа в информационную систему, подверженных внедрению (заражению) вредоносными компьютерными программами (вирусами) через съемные машинные носители информации или сетевые подключения, в том числе к сетям общего пользования (вложения электронной почты, веб- и другие сетевые сервисы);
АВЗ.3.1 Проверку в масштабе времени, близком к реальному, объектов (файлов) архивных, исполняемых и зашифрованных при загрузке, открытии или исполнении таких файлов.",Данные уточняются,Данные уточняются,Данные уточняются,Данные уточняются,Данные уточняются
СП.4.10,Внедрение вредоносного программного обеспечения через скомпрометированные обновления программного обеспечения или операционной системы,СП.4 Внедрение вредоносного программного обеспечения,"В.3 Нарушитель, обладающий средними возможностями","УБИ.1 Угроза утечки информации;
УБИ.2 Угроза несанкционированного доступа;
УБИ.3 Угроза несанкционированной модификации (искажения);
УБИ.4 Угроза несанкционированной подмены;
УБИ.5 Угроза удаления информационных ресурсов;
УБИ.6 Угроза отказа в обслуживании;
УБИ.7 Угроза ненадлежащего (нецелевого) использования;
УБИ.8 Угроза нарушения функционирования (работоспособности);
УБИ.10 Угроза распространения противоправной информации;
УБИ.11 Угроза несанкционированного массового сбора информации;
УБИ.9 Угроза получения информационных ресурсов из недоверенного или скомпрометированного источника","ОПС.2.5 Определение и применение параметров настройки компонентов программного обеспечения, включая программные компоненты средств защиты информации, обеспечивающих реализацию мер защиты информации, а также устранение возможных уязвимостей информационной системы, приводящих к возникновению угроз безопасности информации;
УКФ.4.1 Контроль действий по внесению изменений в информационной системе;
ЗИС.26.1 Аутентификация сервера, являющегося источником ответов на запросы (сервер доменных имен или DNS\002сервер) по определению сетевых адресов (IP-адресов) по сетевым именам (доменные имена) ;
ЗИС.26.2  Аутентификация сервера, являющегося источником ответов на запросы (кэширующийDNS-сервер) по определению сетевых имен (доменных имен) по сетевым адресам (IP-адресам) ;
АВЗ.1.5 Проверка в масштабе времени, близком к реальному, объектов (файлов) из внешних источников (съемных машинных носителей информации, сетевых подключений, в том числе к сетям общего пользования, и других внешних источников) при загрузке, открытии или исполнении таких файлов;
АВЗ.1.1 Применение средств антивирусной защиты на автоматизированных рабочих местах, серверах, периметральных средствах защиты информации (средствах межсетевого экранирования, прокси-серверах, почтовых шлюзах и других средствах защиты информации), мобильных технических средствах и иных точках доступа в информационной системе, подверженных внедрению (заражению) вредоносными компьютерными программами (вирусами) через съемные машинные носители информации или сетевые подключения, в том числе к сетям общего пользования (вложения электронной почты, веб- и другие сетевые сервисы) ;
АВЗ.2.1 Применение средств антивирусной защиты на прокси-серверах, почтовых шлюза, почтовых серверах и иных точках доступа в информационную систему, подверженных внедрению (заражению) вредоносными компьютерными программами (вирусами) через съемные машинные носители информации или сетевые подключения, в том числе к сетям общего пользования (вложения электронной почты, веб- и другие сетевые сервисы);
ОПС.1.3 Ограничение запуска компонентов программного обеспечения от имени администраторов безопасности;
ОПС.1.4 Настройка параметров запуска компонентов программного обеспечения от имени учетной записи администратора безопасности таким образом, чтобы текущий пользователь средства вычислительной техники не мог получить через данные компоненты доступ к объектам доступа, на доступ к которым у него нет прав;
ОПС.2.1 Определение компонентов программного обеспечения (состава и конфигурации), подлежащих установке после загрузки операционной системы;
ОПС.2.2 Настройка параметров установки компонентов программного обеспечения, обеспечивающая исключение установки (если осуществимо) компонентов программного обеспечения, использование которых не требуется для реализации информационной технологии;
ОПС.2.3 Конфигурация устанавливаемых компонентов программного обеспечения (в том числе конфигурации, предусматривающие включение в домен, или не включение в домен);
ОПС.2.4 Контроль за установкой компонентов программного обеспечения (состав компонентов, параметры установки, конфигурация компонентов);
АВЗ.3.1 Проверку в масштабе времени, близком к реальному, объектов (файлов) архивных, исполняемых и зашифрованных при загрузке, открытии или исполнении таких файлов.;
АВЗ.4.1 Получение уведомлений о необходимости обновлений и непосредственном обновлении базы данных признаков вредоносных компьютерных программ (вирусов) ;
АВЗ.4.2 Получение из доверенных источников и установка обновлений базы данных признаков вредоносных компьютерных программ (вирусов);
АВЗ.4.3 Контроль целостности обновлений базы данных признаков вредоносных компьютерных программ (вирусов) ;
АВЗ.5.1 Реализация на разных уровнях информационной системы средств антивирусной защиты разных производителей;
ЗИС.7.1 Применение специально созданных (эмулированных) ложных компонентов информационной системы или создание ложных информационных систем, предназначенных для обнаружения, регистрации и анализа действий нарушителей в процессе реализации угроз безопасности информации;
УКФ.3.1 Разработка перечня программного обеспечения и (или) его компонентов, разрешенных оператором к установке («белый список»), и (или) перечнем программного обеспечения и (или) его компонентов, запрещенных оператором к установке («черный список»);
УКФ.3.2 Установка (инсталляция) в информационной системе программного обеспечения и (или) его компонентов должна осуществляться только от имени администратора;
УКФ.3.3 Проведение периодического контроля установленного (инсталлированного) в информационной системе программного обеспечения на предмет соответствия его перечню программного обеспечения, разрешенному к установке в информационной системе, а также на предмет отсутствия программного обеспечения, запрещенного оператором к установке;
ОПО.1.1 Проведение поиска и получение обновлений программного обеспечения от доверенного источника;
ОПО.2.1 Проведение проверки целостности программного обеспечения путем сверки контрольных сумм, предоставляемых разработчиком;
ОПО.3.1 Проведение проверки обновлений программного обеспечения на изолированном от основной информационной системы сегменте ;
ОПО.4.1 Реализация технологии централизованного обновления программного обеспечения, предусматривающая однократную передачу обновлений на сервер для их последующего применения на всех элементах информационной системы",Данные уточняются,Данные уточняются,Данные уточняются,Данные уточняются,Данные уточняются
СП.4.11,"Внедрение вредоносного ПО через компрометацию инфраструктуры подрядчика, среды сборки разработчика (подрядчика) и (или) службы технической поддержки",СП.4 Внедрение вредоносного программного обеспечения,"В.3 Нарушитель, обладающий средними возможностями","УБИ.1 Угроза утечки информации;
УБИ.2 Угроза несанкционированного доступа;
УБИ.3 Угроза несанкционированной модификации (искажения);
УБИ.4 Угроза несанкционированной подмены;
УБИ.5 Угроза удаления информационных ресурсов;
УБИ.6 Угроза отказа в обслуживании;
УБИ.7 Угроза ненадлежащего (нецелевого) использования;
УБИ.8 Угроза нарушения функционирования (работоспособности);
УБИ.10 Угроза распространения противоправной информации;
УБИ.11 Угроза несанкционированного массового сбора информации;
УБИ.9 Угроза получения информационных ресурсов из недоверенного или скомпрометированного источника","ОПС.2.5 Определение и применение параметров настройки компонентов программного обеспечения, включая программные компоненты средств защиты информации, обеспечивающих реализацию мер защиты информации, а также устранение возможных уязвимостей информационной системы, приводящих к возникновению угроз безопасности информации;
УКФ.4.1 Контроль действий по внесению изменений в информационной системе;
ЗИС.26.1 Аутентификация сервера, являющегося источником ответов на запросы (сервер доменных имен или DNS\002сервер) по определению сетевых адресов (IP-адресов) по сетевым именам (доменные имена) ;
ЗИС.26.2  Аутентификация сервера, являющегося источником ответов на запросы (кэширующийDNS-сервер) по определению сетевых имен (доменных имен) по сетевым адресам (IP-адресам) ;
АВЗ.1.5 Проверка в масштабе времени, близком к реальному, объектов (файлов) из внешних источников (съемных машинных носителей информации, сетевых подключений, в том числе к сетям общего пользования, и других внешних источников) при загрузке, открытии или исполнении таких файлов;
АВЗ.1.1 Применение средств антивирусной защиты на автоматизированных рабочих местах, серверах, периметральных средствах защиты информации (средствах межсетевого экранирования, прокси-серверах, почтовых шлюзах и других средствах защиты информации), мобильных технических средствах и иных точках доступа в информационной системе, подверженных внедрению (заражению) вредоносными компьютерными программами (вирусами) через съемные машинные носители информации или сетевые подключения, в том числе к сетям общего пользования (вложения электронной почты, веб- и другие сетевые сервисы) ;
АВЗ.2.1 Применение средств антивирусной защиты на прокси-серверах, почтовых шлюза, почтовых серверах и иных точках доступа в информационную систему, подверженных внедрению (заражению) вредоносными компьютерными программами (вирусами) через съемные машинные носители информации или сетевые подключения, в том числе к сетям общего пользования (вложения электронной почты, веб- и другие сетевые сервисы);
ОПС.1.3 Ограничение запуска компонентов программного обеспечения от имени администраторов безопасности;
ОПС.1.4 Настройка параметров запуска компонентов программного обеспечения от имени учетной записи администратора безопасности таким образом, чтобы текущий пользователь средства вычислительной техники не мог получить через данные компоненты доступ к объектам доступа, на доступ к которым у него нет прав;
ОПС.2.1 Определение компонентов программного обеспечения (состава и конфигурации), подлежащих установке после загрузки операционной системы;
ОПС.2.2 Настройка параметров установки компонентов программного обеспечения, обеспечивающая исключение установки (если осуществимо) компонентов программного обеспечения, использование которых не требуется для реализации информационной технологии;
ОПС.2.3 Конфигурация устанавливаемых компонентов программного обеспечения (в том числе конфигурации, предусматривающие включение в домен, или не включение в домен);
ОПС.2.4 Контроль за установкой компонентов программного обеспечения (состав компонентов, параметры установки, конфигурация компонентов);
АВЗ.3.1 Проверку в масштабе времени, близком к реальному, объектов (файлов) архивных, исполняемых и зашифрованных при загрузке, открытии или исполнении таких файлов.;
АВЗ.4.1 Получение уведомлений о необходимости обновлений и непосредственном обновлении базы данных признаков вредоносных компьютерных программ (вирусов) ;
АВЗ.4.2 Получение из доверенных источников и установка обновлений базы данных признаков вредоносных компьютерных программ (вирусов);
АВЗ.4.3 Контроль целостности обновлений базы данных признаков вредоносных компьютерных программ (вирусов) ;
АВЗ.5.1 Реализация на разных уровнях информационной системы средств антивирусной защиты разных производителей;
ЗИС.7.1 Применение специально созданных (эмулированных) ложных компонентов информационной системы или создание ложных информационных систем, предназначенных для обнаружения, регистрации и анализа действий нарушителей в процессе реализации угроз безопасности информации;
УКФ.3.1 Разработка перечня программного обеспечения и (или) его компонентов, разрешенных оператором к установке («белый список»), и (или) перечнем программного обеспечения и (или) его компонентов, запрещенных оператором к установке («черный список»);
УКФ.3.2 Установка (инсталляция) в информационной системе программного обеспечения и (или) его компонентов должна осуществляться только от имени администратора;
УКФ.3.3 Проведение периодического контроля установленного (инсталлированного) в информационной системе программного обеспечения на предмет соответствия его перечню программного обеспечения, разрешенному к установке в информационной системе, а также на предмет отсутствия программного обеспечения, запрещенного оператором к установке;
ОПО.1.1 Проведение поиска и получение обновлений программного обеспечения от доверенного источника;
ОПО.2.1 Проведение проверки целостности программного обеспечения путем сверки контрольных сумм, предоставляемых разработчиком;
ОПО.3.1 Проведение проверки обновлений программного обеспечения на изолированном от основной информационной системы сегменте ;
ОПО.4.1 Реализация технологии централизованного обновления программного обеспечения, предусматривающая однократную передачу обновлений на сервер для их последующего применения на всех элементах информационной системы",Данные уточняются,Данные уточняются,Данные уточняются,Данные уточняются,Данные уточняются
СП.4.12,Внедрение вредоносного ПО через установку приложений из магазина приложений,СП.4 Внедрение вредоносного программного обеспечения,"В.3 Нарушитель, обладающий средними возможностями","УБИ.1 Угроза утечки информации;
УБИ.2 Угроза несанкционированного доступа;
УБИ.3 Угроза несанкционированной модификации (искажения);
УБИ.4 Угроза несанкционированной подмены;
УБИ.5 Угроза удаления информационных ресурсов;
УБИ.6 Угроза отказа в обслуживании;
УБИ.7 Угроза ненадлежащего (нецелевого) использования;
УБИ.8 Угроза нарушения функционирования (работоспособности);
УБИ.10 Угроза распространения противоправной информации;
УБИ.11 Угроза несанкционированного массового сбора информации;
УБИ.9 Угроза получения информационных ресурсов из недоверенного или скомпрометированного источника","АВЗ.1.5 Проверка в масштабе времени, близком к реальному, объектов (файлов) из внешних источников (съемных машинных носителей информации, сетевых подключений, в том числе к сетям общего пользования, и других внешних источников) при загрузке, открытии или исполнении таких файлов;
АВЗ.1.1 Применение средств антивирусной защиты на автоматизированных рабочих местах, серверах, периметральных средствах защиты информации (средствах межсетевого экранирования, прокси-серверах, почтовых шлюзах и других средствах защиты информации), мобильных технических средствах и иных точках доступа в информационной системе, подверженных внедрению (заражению) вредоносными компьютерными программами (вирусами) через съемные машинные носители информации или сетевые подключения, в том числе к сетям общего пользования (вложения электронной почты, веб- и другие сетевые сервисы) ;
АВЗ.2.1 Применение средств антивирусной защиты на прокси-серверах, почтовых шлюза, почтовых серверах и иных точках доступа в информационную систему, подверженных внедрению (заражению) вредоносными компьютерными программами (вирусами) через съемные машинные носители информации или сетевые подключения, в том числе к сетям общего пользования (вложения электронной почты, веб- и другие сетевые сервисы);
ОПС.1.3 Ограничение запуска компонентов программного обеспечения от имени администраторов безопасности;
АВЗ.3.1 Проверку в масштабе времени, близком к реальному, объектов (файлов) архивных, исполняемых и зашифрованных при загрузке, открытии или исполнении таких файлов.",Данные уточняются,Данные уточняются,Данные уточняются,Данные уточняются,Данные уточняются
СП.4.13,Внедрение вредоносного программного обеспечения с помощью файлового архива,СП.4 Внедрение вредоносного программного обеспечения,"В.1 Нарушитель, обладающий базовыми возможностями","УБИ.1 Угроза утечки информации;
УБИ.2 Угроза несанкционированного доступа;
УБИ.3 Угроза несанкционированной модификации (искажения);
УБИ.4 Угроза несанкционированной подмены;
УБИ.5 Угроза удаления информационных ресурсов;
УБИ.6 Угроза отказа в обслуживании;
УБИ.7 Угроза ненадлежащего (нецелевого) использования;
УБИ.8 Угроза нарушения функционирования (работоспособности);
УБИ.10 Угроза распространения противоправной информации;
УБИ.11 Угроза несанкционированного массового сбора информации;
УБИ.9 Угроза получения информационных ресурсов из недоверенного или скомпрометированного источника","АВЗ.1.5 Проверка в масштабе времени, близком к реальному, объектов (файлов) из внешних источников (съемных машинных носителей информации, сетевых подключений, в том числе к сетям общего пользования, и других внешних источников) при загрузке, открытии или исполнении таких файлов;
АВЗ.1.1 Применение средств антивирусной защиты на автоматизированных рабочих местах, серверах, периметральных средствах защиты информации (средствах межсетевого экранирования, прокси-серверах, почтовых шлюзах и других средствах защиты информации), мобильных технических средствах и иных точках доступа в информационной системе, подверженных внедрению (заражению) вредоносными компьютерными программами (вирусами) через съемные машинные носители информации или сетевые подключения, в том числе к сетям общего пользования (вложения электронной почты, веб- и другие сетевые сервисы) ;
АВЗ.3.1 Проверку в масштабе времени, близком к реальному, объектов (файлов) архивных, исполняемых и зашифрованных при загрузке, открытии или исполнении таких файлов.;
АВЗ.1.2 Установка, конфигурирование и управление средствами антивирусной защиты ;
УКФ.1.7 Определение состава средств защиты информации",Данные уточняются,Данные уточняются,Данные уточняются,Данные уточняются,Данные уточняются
СП.5.1,Внедрение закладок в прикладное программное обеспечение,СП.5 Внедрение программных и аппаратных закладок,"В.2 Нарушитель, обладающий базовыми повышенными возможностями","УБИ.1 Угроза утечки информации;
УБИ.2 Угроза несанкционированного доступа;
УБИ.3 Угроза несанкционированной модификации (искажения);
УБИ.4 Угроза несанкционированной подмены;
УБИ.5 Угроза удаления информационных ресурсов;
УБИ.6 Угроза отказа в обслуживании;
УБИ.7 Угроза ненадлежащего (нецелевого) использования;
УБИ.8 Угроза нарушения функционирования (работоспособности);
УБИ.10 Угроза распространения противоправной информации;
УБИ.11 Угроза несанкционированного массового сбора информации;
УБИ.9 Угроза получения информационных ресурсов из недоверенного или скомпрометированного источника","ОЦЛ.1.5 Обеспечение физической защиты технических средств информационной системы;
ЗНИ.5.1 Определение оператором интерфейсов средств вычислительной техники, которые могут использоваться для ввода (вывода) информации, разрешенных и (или) запрещенных к использованию в информационной системе;
ОЦЛ.1.1 Контроль целостности программного обеспечения средств защиты информации, включая их обновления, по наличию имен (идентификаторов) и (или) по контрольным суммам компонентов средств защиты информации в процессе загрузки и (или) динамически в процессе работы информационной системы ;
ОЦЛ.1.2 Контроль целостности компонентов программного обеспечения (за исключением средств защиты информации), определяемого оператором исходя из возможности реализации угроз безопасности информации, по наличию имен (идентификаторов) компонентов программного обеспечения и (или) по контрольным суммам в процессе загрузки и (или) динамически в процессе работы информационной системы;
ОЦЛ.1.3 Контроль применения средств разработки и отладки программ в составе программного обеспечения информационной системы;
ОЦЛ.1.4 Тестирование с периодичностью, установленной оператором, функций безопасности средств защиты информации, в том числе, с помощью тестирующих программ, имитирующих попытки несанкционированного доступа, и (или) специальных программных средств",Данные уточняются,Данные уточняются,Данные уточняются,Данные уточняются,Данные уточняются
СП.5.2,"Внедрение закладок, являющихся драйверами устройств",СП.5 Внедрение программных и аппаратных закладок,"В.3 Нарушитель, обладающий средними возможностями","УБИ.1 Угроза утечки информации;
УБИ.2 Угроза несанкционированного доступа;
УБИ.3 Угроза несанкционированной модификации (искажения);
УБИ.4 Угроза несанкционированной подмены;
УБИ.5 Угроза удаления информационных ресурсов;
УБИ.6 Угроза отказа в обслуживании;
УБИ.7 Угроза ненадлежащего (нецелевого) использования;
УБИ.8 Угроза нарушения функционирования (работоспособности);
УБИ.10 Угроза распространения противоправной информации;
УБИ.11 Угроза несанкционированного массового сбора информации;
УБИ.9 Угроза получения информационных ресурсов из недоверенного или скомпрометированного источника","ОЦЛ.1.5 Обеспечение физической защиты технических средств информационной системы;
ЗНИ.5.1 Определение оператором интерфейсов средств вычислительной техники, которые могут использоваться для ввода (вывода) информации, разрешенных и (или) запрещенных к использованию в информационной системе;
ОЦЛ.1.1 Контроль целостности программного обеспечения средств защиты информации, включая их обновления, по наличию имен (идентификаторов) и (или) по контрольным суммам компонентов средств защиты информации в процессе загрузки и (или) динамически в процессе работы информационной системы ;
ОЦЛ.1.2 Контроль целостности компонентов программного обеспечения (за исключением средств защиты информации), определяемого оператором исходя из возможности реализации угроз безопасности информации, по наличию имен (идентификаторов) компонентов программного обеспечения и (или) по контрольным суммам в процессе загрузки и (или) динамически в процессе работы информационной системы;
ОЦЛ.1.3 Контроль применения средств разработки и отладки программ в составе программного обеспечения информационной системы;
ОЦЛ.1.4 Тестирование с периодичностью, установленной оператором, функций безопасности средств защиты информации, в том числе, с помощью тестирующих программ, имитирующих попытки несанкционированного доступа, и (или) специальных программных средств",Данные уточняются,Данные уточняются,Данные уточняются,Данные уточняются,Данные уточняются
СП.5.3,"Внедрение закладок, имитирующих интерфейсы служебных программ",СП.5 Внедрение программных и аппаратных закладок,"В.3 Нарушитель, обладающий средними возможностями","УБИ.1 Угроза утечки информации;
УБИ.2 Угроза несанкционированного доступа;
УБИ.3 Угроза несанкционированной модификации (искажения);
УБИ.4 Угроза несанкционированной подмены;
УБИ.5 Угроза удаления информационных ресурсов;
УБИ.6 Угроза отказа в обслуживании;
УБИ.7 Угроза ненадлежащего (нецелевого) использования;
УБИ.8 Угроза нарушения функционирования (работоспособности);
УБИ.10 Угроза распространения противоправной информации;
УБИ.11 Угроза несанкционированного массового сбора информации;
УБИ.9 Угроза получения информационных ресурсов из недоверенного или скомпрометированного источника","ОЦЛ.1.5 Обеспечение физической защиты технических средств информационной системы;
ЗНИ.5.1 Определение оператором интерфейсов средств вычислительной техники, которые могут использоваться для ввода (вывода) информации, разрешенных и (или) запрещенных к использованию в информационной системе;
ОЦЛ.1.1 Контроль целостности программного обеспечения средств защиты информации, включая их обновления, по наличию имен (идентификаторов) и (или) по контрольным суммам компонентов средств защиты информации в процессе загрузки и (или) динамически в процессе работы информационной системы ;
ОЦЛ.1.2 Контроль целостности компонентов программного обеспечения (за исключением средств защиты информации), определяемого оператором исходя из возможности реализации угроз безопасности информации, по наличию имен (идентификаторов) компонентов программного обеспечения и (или) по контрольным суммам в процессе загрузки и (или) динамически в процессе работы информационной системы;
ОЦЛ.1.3 Контроль применения средств разработки и отладки программ в составе программного обеспечения информационной системы;
ОЦЛ.1.4 Тестирование с периодичностью, установленной оператором, функций безопасности средств защиты информации, в том числе, с помощью тестирующих программ, имитирующих попытки несанкционированного доступа, и (или) специальных программных средств",Данные уточняются,Данные уточняются,Данные уточняются,Данные уточняются,Данные уточняются
СП.5.4,Внедрение аппаратных закладок,СП.5 Внедрение программных и аппаратных закладок,"В.3 Нарушитель, обладающий средними возможностями","УБИ.1 Угроза утечки информации;
УБИ.2 Угроза несанкционированного доступа;
УБИ.3 Угроза несанкционированной модификации (искажения);
УБИ.4 Угроза несанкционированной подмены;
УБИ.5 Угроза удаления информационных ресурсов;
УБИ.6 Угроза отказа в обслуживании;
УБИ.7 Угроза ненадлежащего (нецелевого) использования;
УБИ.8 Угроза нарушения функционирования (работоспособности);
УБИ.10 Угроза распространения противоправной информации;
УБИ.11 Угроза несанкционированного массового сбора информации;
УБИ.9 Угроза получения информационных ресурсов из недоверенного или скомпрометированного источника","ОЦЛ.1.5 Обеспечение физической защиты технических средств информационной системы;
ЗТС.3.1 Контроль и управление физическим доступом к техническим средствам, средствам защиты информации, средствам обеспечения функционирования, а также в помещения и сооружения, в которых они установлены, исключающие несанкционированный физический доступ к средствам обработки информации, средствам защиты информации и средствам обеспечения функционирования информационной системы и помещения и сооружения, в которых они установлены;
ЗНИ.2.1 Определение должностных лиц, имеющих физический доступ к машинным носителям информации;
ЗНИ.2.2 Предоставление физического доступа к машинным носителям информации только тем лицам, которым он необходим для выполнения своих должностных обязанностей (функций);
ЗНИ.4.2 Физический контроль и хранение машинных носителей информации в помещениях, специально предназначенных для хранения машинных носителей информации (хранилище машинных носителей информации",Данные уточняются,Данные уточняются,Данные уточняются,Данные уточняются,Данные уточняются
СП.5.5,Внедрение закладок в системное программное обеспечение,СП.5 Внедрение программных и аппаратных закладок,"В.3 Нарушитель, обладающий средними возможностями","УБИ.1 Угроза утечки информации;
УБИ.2 Угроза несанкционированного доступа;
УБИ.3 Угроза несанкционированной модификации (искажения);
УБИ.4 Угроза несанкционированной подмены;
УБИ.5 Угроза удаления информационных ресурсов;
УБИ.6 Угроза отказа в обслуживании;
УБИ.7 Угроза ненадлежащего (нецелевого) использования;
УБИ.8 Угроза нарушения функционирования (работоспособности);
УБИ.10 Угроза распространения противоправной информации;
УБИ.11 Угроза несанкционированного массового сбора информации;
УБИ.9 Угроза получения информационных ресурсов из недоверенного или скомпрометированного источника","ОЦЛ.1.5 Обеспечение физической защиты технических средств информационной системы;
ЗНИ.5.1 Определение оператором интерфейсов средств вычислительной техники, которые могут использоваться для ввода (вывода) информации, разрешенных и (или) запрещенных к использованию в информационной системе;
ОЦЛ.1.1 Контроль целостности программного обеспечения средств защиты информации, включая их обновления, по наличию имен (идентификаторов) и (или) по контрольным суммам компонентов средств защиты информации в процессе загрузки и (или) динамически в процессе работы информационной системы ;
ОЦЛ.1.2 Контроль целостности компонентов программного обеспечения (за исключением средств защиты информации), определяемого оператором исходя из возможности реализации угроз безопасности информации, по наличию имен (идентификаторов) компонентов программного обеспечения и (или) по контрольным суммам в процессе загрузки и (или) динамически в процессе работы информационной системы;
ОЦЛ.1.3 Контроль применения средств разработки и отладки программ в составе программного обеспечения информационной системы;
ОЦЛ.1.4 Тестирование с периодичностью, установленной оператором, функций безопасности средств защиты информации, в том числе, с помощью тестирующих программ, имитирующих попытки несанкционированного доступа, и (или) специальных программных средств",Данные уточняются,Данные уточняются,Данные уточняются,Данные уточняются,Данные уточняются
СП.5.6,"Внедрение закладок в системы Out-of-Band управления (Intel ME, iDrac, iLo etc)",СП.5 Внедрение программных и аппаратных закладок,"В.3 Нарушитель, обладающий средними возможностями","УБИ.1 Угроза утечки информации;
УБИ.2 Угроза несанкционированного доступа;
УБИ.3 Угроза несанкционированной модификации (искажения);
УБИ.4 Угроза несанкционированной подмены;
УБИ.5 Угроза удаления информационных ресурсов;
УБИ.6 Угроза отказа в обслуживании;
УБИ.7 Угроза ненадлежащего (нецелевого) использования;
УБИ.8 Угроза нарушения функционирования (работоспособности);
УБИ.10 Угроза распространения противоправной информации;
УБИ.11 Угроза несанкционированного массового сбора информации;
УБИ.9 Угроза получения информационных ресурсов из недоверенного или скомпрометированного источника","ОЦЛ.1.5 Обеспечение физической защиты технических средств информационной системы;
ЗНИ.5.1 Определение оператором интерфейсов средств вычислительной техники, которые могут использоваться для ввода (вывода) информации, разрешенных и (или) запрещенных к использованию в информационной системе;
ОЦЛ.1.1 Контроль целостности программного обеспечения средств защиты информации, включая их обновления, по наличию имен (идентификаторов) и (или) по контрольным суммам компонентов средств защиты информации в процессе загрузки и (или) динамически в процессе работы информационной системы ;
ОЦЛ.1.2 Контроль целостности компонентов программного обеспечения (за исключением средств защиты информации), определяемого оператором исходя из возможности реализации угроз безопасности информации, по наличию имен (идентификаторов) компонентов программного обеспечения и (или) по контрольным суммам в процессе загрузки и (или) динамически в процессе работы информационной системы;
ОЦЛ.1.3 Контроль применения средств разработки и отладки программ в составе программного обеспечения информационной системы;
ОЦЛ.1.4 Тестирование с периодичностью, установленной оператором, функций безопасности средств защиты информации, в том числе, с помощью тестирующих программ, имитирующих попытки несанкционированного доступа, и (или) специальных программных средств",Данные уточняются,Данные уточняются,Данные уточняются,Данные уточняются,Данные уточняются
СП.5.7,Внедрение закладок в микропрограммное обеспечение,СП.5 Внедрение программных и аппаратных закладок,"В.3 Нарушитель, обладающий средними возможностями","УБИ.1 Угроза утечки информации;
УБИ.2 Угроза несанкционированного доступа;
УБИ.3 Угроза несанкционированной модификации (искажения);
УБИ.4 Угроза несанкционированной подмены;
УБИ.5 Угроза удаления информационных ресурсов;
УБИ.6 Угроза отказа в обслуживании;
УБИ.7 Угроза ненадлежащего (нецелевого) использования;
УБИ.8 Угроза нарушения функционирования (работоспособности);
УБИ.10 Угроза распространения противоправной информации;
УБИ.11 Угроза несанкционированного массового сбора информации;
УБИ.9 Угроза получения информационных ресурсов из недоверенного или скомпрометированного источника","ОЦЛ.1.5 Обеспечение физической защиты технических средств информационной системы;
ЗТС.3.1 Контроль и управление физическим доступом к техническим средствам, средствам защиты информации, средствам обеспечения функционирования, а также в помещения и сооружения, в которых они установлены, исключающие несанкционированный физический доступ к средствам обработки информации, средствам защиты информации и средствам обеспечения функционирования информационной системы и помещения и сооружения, в которых они установлены;
ЗНИ.2.1 Определение должностных лиц, имеющих физический доступ к машинным носителям информации;
ЗНИ.2.2 Предоставление физического доступа к машинным носителям информации только тем лицам, которым он необходим для выполнения своих должностных обязанностей (функций);
ЗНИ.4.2 Физический контроль и хранение машинных носителей информации в помещениях, специально предназначенных для хранения машинных носителей информации (хранилище машинных носителей информации",Данные уточняются,Данные уточняются,Данные уточняются,Данные уточняются,Данные уточняются
СП.5.8,Внедрение закладок в код веб-приложения,СП.5 Внедрение программных и аппаратных закладок,"В.3 Нарушитель, обладающий средними возможностями","УБИ.1 Угроза утечки информации;
УБИ.2 Угроза несанкционированного доступа;
УБИ.3 Угроза несанкционированной модификации (искажения);
УБИ.4 Угроза несанкционированной подмены;
УБИ.5 Угроза удаления информационных ресурсов;
УБИ.6 Угроза отказа в обслуживании;
УБИ.7 Угроза ненадлежащего (нецелевого) использования;
УБИ.8 Угроза нарушения функционирования (работоспособности);
УБИ.10 Угроза распространения противоправной информации;
УБИ.11 Угроза несанкционированного массового сбора информации;
УБИ.9 Угроза получения информационных ресурсов из недоверенного или скомпрометированного источника","ОЦЛ.1.5 Обеспечение физической защиты технических средств информационной системы;
ЗНИ.5.1 Определение оператором интерфейсов средств вычислительной техники, которые могут использоваться для ввода (вывода) информации, разрешенных и (или) запрещенных к использованию в информационной системе;
ОЦЛ.1.1 Контроль целостности программного обеспечения средств защиты информации, включая их обновления, по наличию имен (идентификаторов) и (или) по контрольным суммам компонентов средств защиты информации в процессе загрузки и (или) динамически в процессе работы информационной системы ;
ОЦЛ.1.2 Контроль целостности компонентов программного обеспечения (за исключением средств защиты информации), определяемого оператором исходя из возможности реализации угроз безопасности информации, по наличию имен (идентификаторов) компонентов программного обеспечения и (или) по контрольным суммам в процессе загрузки и (или) динамически в процессе работы информационной системы;
ОЦЛ.1.3 Контроль применения средств разработки и отладки программ в составе программного обеспечения информационной системы;
ОЦЛ.1.4 Тестирование с периодичностью, установленной оператором, функций безопасности средств защиты информации, в том числе, с помощью тестирующих программ, имитирующих попытки несанкционированного доступа, и (или) специальных программных средств",Данные уточняются,Данные уточняются,Данные уточняются,Данные уточняются,Данные уточняются
СП.6.1,Использование недекларированных возможностей аппаратных средств,СП.6 Использование недекларированных возможностей,"В.4 Нарушитель, обладающий высокими возможностями","УБИ.1 Угроза утечки информации;
УБИ.2 Угроза несанкционированного доступа;
УБИ.3 Угроза несанкционированной модификации (искажения);
УБИ.4 Угроза несанкционированной подмены;
УБИ.5 Угроза удаления информационных ресурсов;
УБИ.6 Угроза отказа в обслуживании;
УБИ.7 Угроза ненадлежащего (нецелевого) использования;
УБИ.8 Угроза нарушения функционирования (работоспособности);
УБИ.10 Угроза распространения противоправной информации;
УБИ.11 Угроза несанкционированного массового сбора информации;
УБИ.9 Угроза получения информационных ресурсов из недоверенного или скомпрометированного источника","ОЦЛ.1.5 Обеспечение физической защиты технических средств информационной системы;
ЗТС.3.1 Контроль и управление физическим доступом к техническим средствам, средствам защиты информации, средствам обеспечения функционирования, а также в помещения и сооружения, в которых они установлены, исключающие несанкционированный физический доступ к средствам обработки информации, средствам защиты информации и средствам обеспечения функционирования информационной системы и помещения и сооружения, в которых они установлены;
ЗНИ.2.1 Определение должностных лиц, имеющих физический доступ к машинным носителям информации;
ЗНИ.2.2 Предоставление физического доступа к машинным носителям информации только тем лицам, которым он необходим для выполнения своих должностных обязанностей (функций);
ЗНИ.4.2 Физический контроль и хранение машинных носителей информации в помещениях, специально предназначенных для хранения машинных носителей информации (хранилище машинных носителей информации",Данные уточняются,Данные уточняются,Данные уточняются,Данные уточняются,Данные уточняются
СП.6.2,Использование недекларированных возможностей операционных систем,СП.6 Использование недекларированных возможностей,"В.4 Нарушитель, обладающий высокими возможностями","УБИ.1 Угроза утечки информации;
УБИ.2 Угроза несанкционированного доступа;
УБИ.3 Угроза несанкционированной модификации (искажения);
УБИ.4 Угроза несанкционированной подмены;
УБИ.5 Угроза удаления информационных ресурсов;
УБИ.6 Угроза отказа в обслуживании;
УБИ.7 Угроза ненадлежащего (нецелевого) использования;
УБИ.8 Угроза нарушения функционирования (работоспособности);
УБИ.10 Угроза распространения противоправной информации;
УБИ.11 Угроза несанкционированного массового сбора информации;
УБИ.9 Угроза получения информационных ресурсов из недоверенного или скомпрометированного источника","ОЦЛ.1.5 Обеспечение физической защиты технических средств информационной системы;
ЗНИ.5.1 Определение оператором интерфейсов средств вычислительной техники, которые могут использоваться для ввода (вывода) информации, разрешенных и (или) запрещенных к использованию в информационной системе;
ОЦЛ.1.1 Контроль целостности программного обеспечения средств защиты информации, включая их обновления, по наличию имен (идентификаторов) и (или) по контрольным суммам компонентов средств защиты информации в процессе загрузки и (или) динамически в процессе работы информационной системы ;
ОЦЛ.1.2 Контроль целостности компонентов программного обеспечения (за исключением средств защиты информации), определяемого оператором исходя из возможности реализации угроз безопасности информации, по наличию имен (идентификаторов) компонентов программного обеспечения и (или) по контрольным суммам в процессе загрузки и (или) динамически в процессе работы информационной системы;
ОЦЛ.1.3 Контроль применения средств разработки и отладки программ в составе программного обеспечения информационной системы;
ОЦЛ.1.4 Тестирование с периодичностью, установленной оператором, функций безопасности средств защиты информации, в том числе, с помощью тестирующих программ, имитирующих попытки несанкционированного доступа, и (или) специальных программных средств",Данные уточняются,Данные уточняются,Данные уточняются,Данные уточняются,Данные уточняются
СП.6.3,Использование недекларированных возможностей прикладного программного обеспечения,СП.6 Использование недекларированных возможностей,"В.4 Нарушитель, обладающий высокими возможностями","УБИ.1 Угроза утечки информации;
УБИ.2 Угроза несанкционированного доступа;
УБИ.3 Угроза несанкционированной модификации (искажения);
УБИ.4 Угроза несанкционированной подмены;
УБИ.5 Угроза удаления информационных ресурсов;
УБИ.6 Угроза отказа в обслуживании;
УБИ.7 Угроза ненадлежащего (нецелевого) использования;
УБИ.8 Угроза нарушения функционирования (работоспособности);
УБИ.10 Угроза распространения противоправной информации;
УБИ.11 Угроза несанкционированного массового сбора информации;
УБИ.9 Угроза получения информационных ресурсов из недоверенного или скомпрометированного источника","ЗНИ.5.1 Определение оператором интерфейсов средств вычислительной техники, которые могут использоваться для ввода (вывода) информации, разрешенных и (или) запрещенных к использованию в информационной системе;
ЗНИ.5.3 Контроль доступа пользователей к разрешенным к использованию интерфейсов ввода (вывода);
ОПС.1.3 Ограничение запуска компонентов программного обеспечения от имени администраторов безопасности;
ОПС.1.4 Настройка параметров запуска компонентов программного обеспечения от имени учетной записи администратора безопасности таким образом, чтобы текущий пользователь средства вычислительной техники не мог получить через данные компоненты доступ к объектам доступа, на доступ к которым у него нет прав;
ОПС.1.5 Контроль за запуском компонентов программного обеспечения, обеспечивающий выявление компонентов программного обеспечения, не включенных в перечень (список) компонентов, запускаемых автоматически при загрузке операционной системы средства вычислительной техники",Данные уточняются,Данные уточняются,Данные уточняются,Данные уточняются,Данные уточняются
СП.7.1,Прослушивание интерфейсов сети,СП.7 Прослушивание (захват) сетевого трафика,"В.1 Нарушитель, обладающий базовыми возможностями","УБИ.1 Угроза утечки информации;
УБИ.2 Угроза несанкционированного доступа;
УБИ.11 Угроза несанкционированного массового сбора информации","ЗИС.2.2 Обеспечение взаимодействия информационной системы и (или) ее сегментов с иными информационными системами и сетями только через сетевые интерфейсы, которые обеспечивают управление (контроль) информационными потоками с использованием средств защиты информации (управляемые (контролируемые) сетевые интерфейсы), установленных на физическом и (или) логическом периметре информационной системы или ее отдельных сегментов (маршрутизаторов, межсетевых экранов, коммутаторов, прокси-серверов, шлюзов безопасности, средств построения виртуальных частных сетей и иных средств защиты информации);
ЗИС.19.1 Защита информации от раскрытия, модификации и навязывания (ввода ложной информации) при ее передаче (подготовке к передаче) по каналам связи, имеющим выход за пределы контролируемой зоны ",Данные уточняются,Данные уточняются,Данные уточняются,Данные уточняются,Данные уточняются
СП.7.2,Подключение устройства перехвата в разрыв канала передачи данных,СП.7 Прослушивание (захват) сетевого трафика,"В.2 Нарушитель, обладающий базовыми повышенными возможностями","УБИ.1 Угроза утечки информации;
УБИ.2 Угроза несанкционированного доступа;
УБИ.11 Угроза несанкционированного массового сбора информации","ЗИС.2.1 Управление (контроль) входящими в информационную систему и исходящими из информационной системы информационными потоками на физической и (или) логической границе информационной системы (сегментов информационной системы);
ЗИС.19.1 Защита информации от раскрытия, модификации и навязывания (ввода ложной информации) при ее передаче (подготовке к передаче) по каналам связи, имеющим выход за пределы контролируемой зоны ;
АВЗ.1.2 Установка, конфигурирование и управление средствами антивирусной защиты ",Данные уточняются,Данные уточняются,Данные уточняются,Данные уточняются,Данные уточняются
СП.7.3,"Атаки на уровне каналов и сети, приводящие к изменению маршрутов",СП.7 Прослушивание (захват) сетевого трафика,"В.2 Нарушитель, обладающий базовыми повышенными возможностями","УБИ.1 Угроза утечки информации;
УБИ.2 Угроза несанкционированного доступа;
УБИ.6 Угроза отказа в обслуживании;
УБИ.8 Угроза нарушения функционирования (работоспособности);
УБИ.11 Угроза несанкционированного массового сбора информации","ЗИС.2.2 Обеспечение взаимодействия информационной системы и (или) ее сегментов с иными информационными системами и сетями только через сетевые интерфейсы, которые обеспечивают управление (контроль) информационными потоками с использованием средств защиты информации (управляемые (контролируемые) сетевые интерфейсы), установленных на физическом и (или) логическом периметре информационной системы или ее отдельных сегментов (маршрутизаторов, межсетевых экранов, коммутаторов, прокси-серверов, шлюзов безопасности, средств построения виртуальных частных сетей и иных средств защиты информации);
АВЗ.1.2 Установка, конфигурирование и управление средствами антивирусной защиты ;
СОВ.1.1 Обнаружение (предотвращение) вторжений (компьютерных атак), направленных на преднамеренный несанкционированный доступ к информации, специальные воздействия на информацию (носители информации) в целях ее добывания, уничтожения, искажения и блокирования доступа к ней, с использованием систем обнаружения вторжений ",Данные уточняются,Данные уточняются,Данные уточняются,Данные уточняются,Данные уточняются
СП.7.4,Перенаправление трафика,СП.7 Прослушивание (захват) сетевого трафика,"В.3 Нарушитель, обладающий средними возможностями","УБИ.1 Угроза утечки информации;
УБИ.2 Угроза несанкционированного доступа;
УБИ.6 Угроза отказа в обслуживании;
УБИ.8 Угроза нарушения функционирования (работоспособности);
УБИ.11 Угроза несанкционированного массового сбора информации","ЗИС.19.1 Защита информации от раскрытия, модификации и навязывания (ввода ложной информации) при ее передаче (подготовке к передаче) по каналам связи, имеющим выход за пределы контролируемой зоны ;
АВЗ.1.2 Установка, конфигурирование и управление средствами антивирусной защиты ",Данные уточняются,Данные уточняются,Данные уточняются,Данные уточняются,Данные уточняются
СП.7.5,Прослушивание широковещательного трафика,СП.7 Прослушивание (захват) сетевого трафика,"В.1 Нарушитель, обладающий базовыми возможностями","УБИ.1 Угроза утечки информации;
УБИ.2 Угроза несанкционированного доступа;
УБИ.11 Угроза несанкционированного массового сбора информации","ЗИС.19.1 Защита информации от раскрытия, модификации и навязывания (ввода ложной информации) при ее передаче (подготовке к передаче) по каналам связи, имеющим выход за пределы контролируемой зоны ",Данные уточняются,Данные уточняются,Данные уточняются,Данные уточняются,Данные уточняются
СП.7.6,Врезка в линию связи считывающего устройства не вразрыв (физическое подключение к проводам),СП.7 Прослушивание (захват) сетевого трафика,"В.2 Нарушитель, обладающий базовыми повышенными возможностями","УБИ.1 Угроза утечки информации;
УБИ.2 Угроза несанкционированного доступа;
УБИ.11 Угроза несанкционированного массового сбора информации","ЗТС.3.1 Контроль и управление физическим доступом к техническим средствам, средствам защиты информации, средствам обеспечения функционирования, а также в помещения и сооружения, в которых они установлены, исключающие несанкционированный физический доступ к средствам обработки информации, средствам защиты информации и средствам обеспечения функционирования информационной системы и помещения и сооружения, в которых они установлены;
ЗИС.2.1 Управление (контроль) входящими в информационную систему и исходящими из информационной системы информационными потоками на физической и (или) логической границе информационной системы (сегментов информационной системы);
ЗИС.19.1 Защита информации от раскрытия, модификации и навязывания (ввода ложной информации) при ее передаче (подготовке к передаче) по каналам связи, имеющим выход за пределы контролируемой зоны ;
ЗТС.2.1 Обеспечение контролируемой зоны, в пределах которой постоянно размещаются стационарные технические средства, обрабатывающие информацию, и средства защиты информации, а также средства обеспечения функционирования",Данные уточняются,Данные уточняются,Данные уточняются,Данные уточняются,Данные уточняются
СП.7.7,Зеркалирование трафика,СП.7 Прослушивание (захват) сетевого трафика,"В.1 Нарушитель, обладающий базовыми возможностями","УБИ.1 Угроза утечки информации;
УБИ.2 Угроза несанкционированного доступа;
УБИ.11 Угроза несанкционированного массового сбора информации","АВЗ.1.2 Установка, конфигурирование и управление средствами антивирусной защиты ",Данные уточняются,Данные уточняются,Данные уточняются,Данные уточняются,Данные уточняются
СП.8.1,Обнаружение открытых портов,СП.8 Сканирование сетевой инфраструктуры,"В.1 Нарушитель, обладающий базовыми возможностями",УБИ.11 Угроза несанкционированного массового сбора информации,"ЗИС.35.1 Фильтрация сетевого трафика, в том числе между внешними сетями и внутренними, в том числе при организации сетевого обмена с сетями связи общего пользования;
АУД.5.1 Применение систем анализа сетевого трафика, предназначенных для перехвата потоков данных и обнаружения признаков сложных, чаще всего целевых атак;
ЗИС.35.3 Контроль передачи служебных информационных сообщений, передаваемых в сетях, хостовой операционной системы, по составу, объёму и иным характеристикам ;
ЗИС.35.6 Обеспечение изоляции потоков данных, передаваемых и обрабатываемых компонентами инфраструктуры и сетевых потоков вычислительной сети;
ЗИС.35.7 Семантический и статистический анализ сетевого трафика вычислительной сети;
СОВ.1.1 Обнаружение (предотвращение) вторжений (компьютерных атак), направленных на преднамеренный несанкционированный доступ к информации, специальные воздействия на информацию (носители информации) в целях ее добывания, уничтожения, искажения и блокирования доступа к ней, с использованием систем обнаружения вторжений ;
ЗИС.8.1 Воспроизведение ложных и (или) скрытие истинных отдельных информационных технологий и (или) структурно-функциональных характеристик информационной системы или ее сегментов, обеспечивающее навязывание у нарушителя ложного представления об истинных информационных технологиях и (или) структурно-функциональных характеристиках информационной системы",Данные уточняются,Данные уточняются,Данные уточняются,Данные уточняются,Данные уточняются
СП.8.2,Обнаружение сетевых служб,СП.8 Сканирование сетевой инфраструктуры,"В.1 Нарушитель, обладающий базовыми возможностями",УБИ.11 Угроза несанкционированного массового сбора информации,"ЗИС.35.1 Фильтрация сетевого трафика, в том числе между внешними сетями и внутренними, в том числе при организации сетевого обмена с сетями связи общего пользования;
АУД.5.1 Применение систем анализа сетевого трафика, предназначенных для перехвата потоков данных и обнаружения признаков сложных, чаще всего целевых атак;
ЗИС.35.3 Контроль передачи служебных информационных сообщений, передаваемых в сетях, хостовой операционной системы, по составу, объёму и иным характеристикам ;
ЗИС.35.6 Обеспечение изоляции потоков данных, передаваемых и обрабатываемых компонентами инфраструктуры и сетевых потоков вычислительной сети;
ЗИС.35.7 Семантический и статистический анализ сетевого трафика вычислительной сети;
СОВ.1.1 Обнаружение (предотвращение) вторжений (компьютерных атак), направленных на преднамеренный несанкционированный доступ к информации, специальные воздействия на информацию (носители информации) в целях ее добывания, уничтожения, искажения и блокирования доступа к ней, с использованием систем обнаружения вторжений ;
ЗИС.8.1 Воспроизведение ложных и (или) скрытие истинных отдельных информационных технологий и (или) структурно-функциональных характеристик информационной системы или ее сегментов, обеспечивающее навязывание у нарушителя ложного представления об истинных информационных технологиях и (или) структурно-функциональных характеристиках информационной системы",Данные уточняются,Данные уточняются,Данные уточняются,Данные уточняются,Данные уточняются
СП.8.3,Обнаружение устройств,СП.8 Сканирование сетевой инфраструктуры,"В.1 Нарушитель, обладающий базовыми возможностями",УБИ.11 Угроза несанкционированного массового сбора информации,"ЗИС.35.1 Фильтрация сетевого трафика, в том числе между внешними сетями и внутренними, в том числе при организации сетевого обмена с сетями связи общего пользования;
АУД.5.1 Применение систем анализа сетевого трафика, предназначенных для перехвата потоков данных и обнаружения признаков сложных, чаще всего целевых атак;
ЗИС.35.3 Контроль передачи служебных информационных сообщений, передаваемых в сетях, хостовой операционной системы, по составу, объёму и иным характеристикам ;
ЗИС.35.6 Обеспечение изоляции потоков данных, передаваемых и обрабатываемых компонентами инфраструктуры и сетевых потоков вычислительной сети;
ЗИС.35.7 Семантический и статистический анализ сетевого трафика вычислительной сети;
СОВ.1.1 Обнаружение (предотвращение) вторжений (компьютерных атак), направленных на преднамеренный несанкционированный доступ к информации, специальные воздействия на информацию (носители информации) в целях ее добывания, уничтожения, искажения и блокирования доступа к ней, с использованием систем обнаружения вторжений ;
ЗИС.8.1 Воспроизведение ложных и (или) скрытие истинных отдельных информационных технологий и (или) структурно-функциональных характеристик информационной системы или ее сегментов, обеспечивающее навязывание у нарушителя ложного представления об истинных информационных технологиях и (или) структурно-функциональных характеристиках информационной системы",Данные уточняются,Данные уточняются,Данные уточняются,Данные уточняются,Данные уточняются
СП.8.4,Идентификация программного обеспечения и его версий с целью поиска уязвимостей,СП.8 Сканирование сетевой инфраструктуры,"В.1 Нарушитель, обладающий базовыми возможностями",УБИ.11 Угроза несанкционированного массового сбора информации,"ЗИС.35.1 Фильтрация сетевого трафика, в том числе между внешними сетями и внутренними, в том числе при организации сетевого обмена с сетями связи общего пользования;
АУД.5.1 Применение систем анализа сетевого трафика, предназначенных для перехвата потоков данных и обнаружения признаков сложных, чаще всего целевых атак;
ЗИС.35.3 Контроль передачи служебных информационных сообщений, передаваемых в сетях, хостовой операционной системы, по составу, объёму и иным характеристикам ;
ЗИС.35.6 Обеспечение изоляции потоков данных, передаваемых и обрабатываемых компонентами инфраструктуры и сетевых потоков вычислительной сети;
ЗИС.35.7 Семантический и статистический анализ сетевого трафика вычислительной сети;
СОВ.1.1 Обнаружение (предотвращение) вторжений (компьютерных атак), направленных на преднамеренный несанкционированный доступ к информации, специальные воздействия на информацию (носители информации) в целях ее добывания, уничтожения, искажения и блокирования доступа к ней, с использованием систем обнаружения вторжений ;
ЗИС.8.1 Воспроизведение ложных и (или) скрытие истинных отдельных информационных технологий и (или) структурно-функциональных характеристик информационной системы или ее сегментов, обеспечивающее навязывание у нарушителя ложного представления об истинных информационных технологиях и (или) структурно-функциональных характеристиках информационной системы",Данные уточняются,Данные уточняются,Данные уточняются,Данные уточняются,Данные уточняются
СП.8.5,Идентификация пользователей,СП.8 Сканирование сетевой инфраструктуры,"В.1 Нарушитель, обладающий базовыми возможностями","УБИ.1 Угроза утечки информации;
УБИ.11 Угроза несанкционированного массового сбора информации","ЗИС.35.1 Фильтрация сетевого трафика, в том числе между внешними сетями и внутренними, в том числе при организации сетевого обмена с сетями связи общего пользования;
АУД.5.1 Применение систем анализа сетевого трафика, предназначенных для перехвата потоков данных и обнаружения признаков сложных, чаще всего целевых атак;
ЗИС.35.3 Контроль передачи служебных информационных сообщений, передаваемых в сетях, хостовой операционной системы, по составу, объёму и иным характеристикам ;
ЗИС.35.6 Обеспечение изоляции потоков данных, передаваемых и обрабатываемых компонентами инфраструктуры и сетевых потоков вычислительной сети;
ЗИС.35.7 Семантический и статистический анализ сетевого трафика вычислительной сети;
СОВ.1.1 Обнаружение (предотвращение) вторжений (компьютерных атак), направленных на преднамеренный несанкционированный доступ к информации, специальные воздействия на информацию (носители информации) в целях ее добывания, уничтожения, искажения и блокирования доступа к ней, с использованием систем обнаружения вторжений ;
ЗИС.8.1 Воспроизведение ложных и (или) скрытие истинных отдельных информационных технологий и (или) структурно-функциональных характеристик информационной системы или ее сегментов, обеспечивающее навязывание у нарушителя ложного представления об истинных информационных технологиях и (или) структурно-функциональных характеристиках информационной системы",Данные уточняются,Данные уточняются,Данные уточняются,Данные уточняются,Данные уточняются
СП.8.6,Обнаружение доступных общих сетевых каталогов,СП.8 Сканирование сетевой инфраструктуры,"В.1 Нарушитель, обладающий базовыми возможностями","УБИ.1 Угроза утечки информации;
УБИ.11 Угроза несанкционированного массового сбора информации","ЗИС.35.1 Фильтрация сетевого трафика, в том числе между внешними сетями и внутренними, в том числе при организации сетевого обмена с сетями связи общего пользования;
АУД.5.1 Применение систем анализа сетевого трафика, предназначенных для перехвата потоков данных и обнаружения признаков сложных, чаще всего целевых атак;
ЗИС.35.3 Контроль передачи служебных информационных сообщений, передаваемых в сетях, хостовой операционной системы, по составу, объёму и иным характеристикам ;
ЗИС.35.6 Обеспечение изоляции потоков данных, передаваемых и обрабатываемых компонентами инфраструктуры и сетевых потоков вычислительной сети;
ЗИС.35.7 Семантический и статистический анализ сетевого трафика вычислительной сети;
СОВ.1.1 Обнаружение (предотвращение) вторжений (компьютерных атак), направленных на преднамеренный несанкционированный доступ к информации, специальные воздействия на информацию (носители информации) в целях ее добывания, уничтожения, искажения и блокирования доступа к ней, с использованием систем обнаружения вторжений ;
ЗИС.8.1 Воспроизведение ложных и (или) скрытие истинных отдельных информационных технологий и (или) структурно-функциональных характеристик информационной системы или ее сегментов, обеспечивающее навязывание у нарушителя ложного представления об истинных информационных технологиях и (или) структурно-функциональных характеристиках информационной системы",Данные уточняются,Данные уточняются,Данные уточняются,Данные уточняются,Данные уточняются
СП.8.7,Обнаружение доступных директорий веб-сайтов,СП.8 Сканирование сетевой инфраструктуры,"В.1 Нарушитель, обладающий базовыми возможностями","УБИ.1 Угроза утечки информации;
УБИ.11 Угроза несанкционированного массового сбора информации","ЗИС.35.1 Фильтрация сетевого трафика, в том числе между внешними сетями и внутренними, в том числе при организации сетевого обмена с сетями связи общего пользования;
АУД.5.1 Применение систем анализа сетевого трафика, предназначенных для перехвата потоков данных и обнаружения признаков сложных, чаще всего целевых атак;
ЗИС.35.3 Контроль передачи служебных информационных сообщений, передаваемых в сетях, хостовой операционной системы, по составу, объёму и иным характеристикам ;
ЗИС.35.6 Обеспечение изоляции потоков данных, передаваемых и обрабатываемых компонентами инфраструктуры и сетевых потоков вычислительной сети;
ЗИС.35.7 Семантический и статистический анализ сетевого трафика вычислительной сети;
СОВ.1.1 Обнаружение (предотвращение) вторжений (компьютерных атак), направленных на преднамеренный несанкционированный доступ к информации, специальные воздействия на информацию (носители информации) в целях ее добывания, уничтожения, искажения и блокирования доступа к ней, с использованием систем обнаружения вторжений ;
ЗИС.8.1 Воспроизведение ложных и (или) скрытие истинных отдельных информационных технологий и (или) структурно-функциональных характеристик информационной системы или ее сегментов, обеспечивающее навязывание у нарушителя ложного представления об истинных информационных технологиях и (или) структурно-функциональных характеристиках информационной системы",Данные уточняются,Данные уточняются,Данные уточняются,Данные уточняются,Данные уточняются
СП.8.8,Обнаружение существующих доменных имен (DNS-имен),СП.8 Сканирование сетевой инфраструктуры,"В.1 Нарушитель, обладающий базовыми возможностями",УБИ.11 Угроза несанкционированного массового сбора информации,"ЗИС.35.1 Фильтрация сетевого трафика, в том числе между внешними сетями и внутренними, в том числе при организации сетевого обмена с сетями связи общего пользования;
АУД.5.1 Применение систем анализа сетевого трафика, предназначенных для перехвата потоков данных и обнаружения признаков сложных, чаще всего целевых атак;
ЗИС.35.3 Контроль передачи служебных информационных сообщений, передаваемых в сетях, хостовой операционной системы, по составу, объёму и иным характеристикам ;
ЗИС.35.6 Обеспечение изоляции потоков данных, передаваемых и обрабатываемых компонентами инфраструктуры и сетевых потоков вычислительной сети;
ЗИС.35.7 Семантический и статистический анализ сетевого трафика вычислительной сети;
СОВ.1.1 Обнаружение (предотвращение) вторжений (компьютерных атак), направленных на преднамеренный несанкционированный доступ к информации, специальные воздействия на информацию (носители информации) в целях ее добывания, уничтожения, искажения и блокирования доступа к ней, с использованием систем обнаружения вторжений ;
ЗИС.8.1 Воспроизведение ложных и (или) скрытие истинных отдельных информационных технологий и (или) структурно-функциональных характеристик информационной системы или ее сегментов, обеспечивающее навязывание у нарушителя ложного представления об истинных информационных технологиях и (или) структурно-функциональных характеристиках информационной системы",Данные уточняются,Данные уточняются,Данные уточняются,Данные уточняются,Данные уточняются
СП.9.1,Получение данных о пользователях и группах,СП.9 Изучение информации о системе,"В.2 Нарушитель, обладающий базовыми повышенными возможностями",УБИ.11 Угроза несанкционированного массового сбора информации,"УПД.6.2 Блокирование устройства, с которого предпринимаются попытки доступа, и (или) учетной записи пользователя при превышении пользователем ограничения количества неуспешных попыток входа;
УПД.14.1 Предоставление доступа только авторизованным (уполномоченным) пользователям;
УПД.14.2 Определение типов прикладного программного обеспечения, к которым разрешен доступ авторизованным (уполномоченным) пользователям из внешних информационных систем;
УПД.14.4 Определение порядка предоставления доступа авторизованными (уполномоченным) пользователями из внешних информационных систем;
УПД.14.5 Определение порядка обработки, хранения и передачи информации с использованием внешних информационных систем;
АУД.5.1 Применение систем анализа сетевого трафика, предназначенных для перехвата потоков данных и обнаружения признаков сложных, чаще всего целевых атак;
ЗИС.8.1 Воспроизведение ложных и (или) скрытие истинных отдельных информационных технологий и (или) структурно-функциональных характеристик информационной системы или ее сегментов, обеспечивающее навязывание у нарушителя ложного представления об истинных информационных технологиях и (или) структурно-функциональных характеристиках информационной системы;
УПД.14.3 Определение системных учетных записей, используемых в рамках данного взаимодействия",Данные уточняются,Данные уточняются,Данные уточняются,Данные уточняются,Данные уточняются
СП.9.2,Получение данных об аппаратном обеспечении,СП.9 Изучение информации о системе,"В.2 Нарушитель, обладающий базовыми повышенными возможностями",УБИ.11 Угроза несанкционированного массового сбора информации,"УПД.6.2 Блокирование устройства, с которого предпринимаются попытки доступа, и (или) учетной записи пользователя при превышении пользователем ограничения количества неуспешных попыток входа;
УПД.14.1 Предоставление доступа только авторизованным (уполномоченным) пользователям;
УПД.14.2 Определение типов прикладного программного обеспечения, к которым разрешен доступ авторизованным (уполномоченным) пользователям из внешних информационных систем;
УПД.14.4 Определение порядка предоставления доступа авторизованными (уполномоченным) пользователями из внешних информационных систем;
УПД.14.5 Определение порядка обработки, хранения и передачи информации с использованием внешних информационных систем;
АУД.5.1 Применение систем анализа сетевого трафика, предназначенных для перехвата потоков данных и обнаружения признаков сложных, чаще всего целевых атак;
ЗИС.8.1 Воспроизведение ложных и (или) скрытие истинных отдельных информационных технологий и (или) структурно-функциональных характеристик информационной системы или ее сегментов, обеспечивающее навязывание у нарушителя ложного представления об истинных информационных технологиях и (или) структурно-функциональных характеристиках информационной системы;
УПД.14.3 Определение системных учетных записей, используемых в рамках данного взаимодействия",Данные уточняются,Данные уточняются,Данные уточняются,Данные уточняются,Данные уточняются
СП.9.3,Получение данных о процессах,СП.9 Изучение информации о системе,"В.2 Нарушитель, обладающий базовыми повышенными возможностями",УБИ.11 Угроза несанкционированного массового сбора информации,"УПД.6.2 Блокирование устройства, с которого предпринимаются попытки доступа, и (или) учетной записи пользователя при превышении пользователем ограничения количества неуспешных попыток входа;
УПД.14.1 Предоставление доступа только авторизованным (уполномоченным) пользователям;
УПД.14.2 Определение типов прикладного программного обеспечения, к которым разрешен доступ авторизованным (уполномоченным) пользователям из внешних информационных систем;
УПД.14.4 Определение порядка предоставления доступа авторизованными (уполномоченным) пользователями из внешних информационных систем;
УПД.14.5 Определение порядка обработки, хранения и передачи информации с использованием внешних информационных систем;
АУД.5.1 Применение систем анализа сетевого трафика, предназначенных для перехвата потоков данных и обнаружения признаков сложных, чаще всего целевых атак;
ЗИС.8.1 Воспроизведение ложных и (или) скрытие истинных отдельных информационных технологий и (или) структурно-функциональных характеристик информационной системы или ее сегментов, обеспечивающее навязывание у нарушителя ложного представления об истинных информационных технологиях и (или) структурно-функциональных характеристиках информационной системы;
УПД.14.3 Определение системных учетных записей, используемых в рамках данного взаимодействия",Данные уточняются,Данные уточняются,Данные уточняются,Данные уточняются,Данные уточняются
СП.9.4,Получение данных о настройках безопасности,СП.9 Изучение информации о системе,"В.2 Нарушитель, обладающий базовыми повышенными возможностями",УБИ.11 Угроза несанкционированного массового сбора информации,"УПД.6.2 Блокирование устройства, с которого предпринимаются попытки доступа, и (или) учетной записи пользователя при превышении пользователем ограничения количества неуспешных попыток входа;
УПД.14.1 Предоставление доступа только авторизованным (уполномоченным) пользователям;
УПД.14.2 Определение типов прикладного программного обеспечения, к которым разрешен доступ авторизованным (уполномоченным) пользователям из внешних информационных систем;
УПД.14.4 Определение порядка предоставления доступа авторизованными (уполномоченным) пользователями из внешних информационных систем;
УПД.14.5 Определение порядка обработки, хранения и передачи информации с использованием внешних информационных систем;
АУД.5.1 Применение систем анализа сетевого трафика, предназначенных для перехвата потоков данных и обнаружения признаков сложных, чаще всего целевых атак;
ЗИС.8.1 Воспроизведение ложных и (или) скрытие истинных отдельных информационных технологий и (или) структурно-функциональных характеристик информационной системы или ее сегментов, обеспечивающее навязывание у нарушителя ложного представления об истинных информационных технологиях и (или) структурно-функциональных характеристиках информационной системы;
УПД.14.3 Определение системных учетных записей, используемых в рамках данного взаимодействия",Данные уточняются,Данные уточняются,Данные уточняются,Данные уточняются,Данные уточняются
СП.9.5,Получение данных о настройках сети,СП.9 Изучение информации о системе,"В.2 Нарушитель, обладающий базовыми повышенными возможностями",УБИ.11 Угроза несанкционированного массового сбора информации,"УПД.6.2 Блокирование устройства, с которого предпринимаются попытки доступа, и (или) учетной записи пользователя при превышении пользователем ограничения количества неуспешных попыток входа;
УПД.14.1 Предоставление доступа только авторизованным (уполномоченным) пользователям;
УПД.14.2 Определение типов прикладного программного обеспечения, к которым разрешен доступ авторизованным (уполномоченным) пользователям из внешних информационных систем;
УПД.14.4 Определение порядка предоставления доступа авторизованными (уполномоченным) пользователями из внешних информационных систем;
УПД.14.5 Определение порядка обработки, хранения и передачи информации с использованием внешних информационных систем;
АУД.5.1 Применение систем анализа сетевого трафика, предназначенных для перехвата потоков данных и обнаружения признаков сложных, чаще всего целевых атак;
ЗИС.8.1 Воспроизведение ложных и (или) скрытие истинных отдельных информационных технологий и (или) структурно-функциональных характеристик информационной системы или ее сегментов, обеспечивающее навязывание у нарушителя ложного представления об истинных информационных технологиях и (или) структурно-функциональных характеристиках информационной системы;
УПД.14.3 Определение системных учетных записей, используемых в рамках данного взаимодействия",Данные уточняются,Данные уточняются,Данные уточняются,Данные уточняются,Данные уточняются
СП.9.6,Поиск файлов и каталогов,СП.9 Изучение информации о системе,"В.2 Нарушитель, обладающий базовыми повышенными возможностями","УБИ.1 Угроза утечки информации;
УБИ.11 Угроза несанкционированного массового сбора информации","УПД.6.2 Блокирование устройства, с которого предпринимаются попытки доступа, и (или) учетной записи пользователя при превышении пользователем ограничения количества неуспешных попыток входа;
УПД.14.1 Предоставление доступа только авторизованным (уполномоченным) пользователям;
УПД.14.2 Определение типов прикладного программного обеспечения, к которым разрешен доступ авторизованным (уполномоченным) пользователям из внешних информационных систем;
УПД.14.4 Определение порядка предоставления доступа авторизованными (уполномоченным) пользователями из внешних информационных систем;
УПД.14.5 Определение порядка обработки, хранения и передачи информации с использованием внешних информационных систем;
АУД.5.1 Применение систем анализа сетевого трафика, предназначенных для перехвата потоков данных и обнаружения признаков сложных, чаще всего целевых атак;
ЗИС.8.1 Воспроизведение ложных и (или) скрытие истинных отдельных информационных технологий и (или) структурно-функциональных характеристик информационной системы или ее сегментов, обеспечивающее навязывание у нарушителя ложного представления об истинных информационных технологиях и (или) структурно-функциональных характеристиках информационной системы;
УПД.14.3 Определение системных учетных записей, используемых в рамках данного взаимодействия",Данные уточняются,Данные уточняются,Данные уточняются,Данные уточняются,Данные уточняются
СП.9.7,Получение данных об установленном программном обеспечении,СП.9 Изучение информации о системе,"В.2 Нарушитель, обладающий базовыми повышенными возможностями",УБИ.11 Угроза несанкционированного массового сбора информации,"УПД.6.2 Блокирование устройства, с которого предпринимаются попытки доступа, и (или) учетной записи пользователя при превышении пользователем ограничения количества неуспешных попыток входа;
УПД.14.1 Предоставление доступа только авторизованным (уполномоченным) пользователям;
УПД.14.2 Определение типов прикладного программного обеспечения, к которым разрешен доступ авторизованным (уполномоченным) пользователям из внешних информационных систем;
УПД.14.4 Определение порядка предоставления доступа авторизованными (уполномоченным) пользователями из внешних информационных систем;
УПД.14.5 Определение порядка обработки, хранения и передачи информации с использованием внешних информационных систем;
АУД.5.1 Применение систем анализа сетевого трафика, предназначенных для перехвата потоков данных и обнаружения признаков сложных, чаще всего целевых атак;
ЗИС.8.1 Воспроизведение ложных и (или) скрытие истинных отдельных информационных технологий и (или) структурно-функциональных характеристик информационной системы или ее сегментов, обеспечивающее навязывание у нарушителя ложного представления об истинных информационных технологиях и (или) структурно-функциональных характеристиках информационной системы;
УПД.14.3 Определение системных учетных записей, используемых в рамках данного взаимодействия",Данные уточняются,Данные уточняются,Данные уточняются,Данные уточняются,Данные уточняются
СП.9.8,Получение данных о пользователях и системах путем рассылки спам-сообщений ,СП.9 Изучение информации о системе,"В.1 Нарушитель, обладающий базовыми возможностями",УБИ.11 Угроза несанкционированного массового сбора информации,"ЗИС.17.2 Обеспечить мониторинг и контроль использования сети Интернет для всех средств вычислительной техники, расположенных в группах сегментов вычислительной сети организации, предназначенных для обработки и (или) хранения информации конфиденциального характера, и для всех учетных записей, используемых для осуществления доступа к сети Интернет;
ЗИС.15.1 Реализация электронного почтового обмена с внешними сетями через ограниченное количество контролируемых точек;
ЗИС.16.1 Обнаружение и реагирование на поступление незапрашиваемых электронных сообщений (писем, документов) и иной информации, не относящихся к функционированию информационной системы (защита от спама);
ЗИС.17.1 Мониторинг и контроль использования сервисов электронной почты (в том числе с использованием web-интерфейса) при передаче информации на внешние адреса электронной почты для всего трафика электронной почты и для всех учетных записей сервисов электронной почты ;
ЗИС.18.1 Ограничение доступа к сайтам или типам сайтов, запрещенных к использованию;
ИПО.1.1 Информирование персонала об угрозах безопасности информации и о правилах безопасной работы;
ИПО.2.1 Обучение персонала правилам безопасной работы;
ИПО.3.1 Проведение практических занятий с персоналом по правилам безопасной работы;
ИПО.4.1 Контроль осведомленности персонала об угрозах безопасности информации и о правилах безопасной работы",Данные уточняются,Данные уточняются,Данные уточняются,Данные уточняются,Данные уточняются
СП.10.1,"Атака типа ""человек посередине"" через HTTP-запросы","СП.10 Атака типа ""человек посередине""","В.1 Нарушитель, обладающий базовыми возможностями","УБИ.1 Угроза утечки информации;
УБИ.2 Угроза несанкционированного доступа;
УБИ.3 Угроза несанкционированной модификации (искажения);
УБИ.4 Угроза несанкционированной подмены;
УБИ.5 Угроза удаления информационных ресурсов","ЗИС.27.1 Обеспечение подлинности сетевых соединений (сеансов взаимодействия), в том числе для защиты от подмены сетевых устройств и сервисов (защита от атак типа «человек посередине»)",Данные уточняются,Данные уточняются,Данные уточняются,Данные уточняются,Данные уточняются
СП.10.2,"Атака типа ""человек посередине"" через TLS/SSL-запросы","СП.10 Атака типа ""человек посередине""","В.1 Нарушитель, обладающий базовыми возможностями","УБИ.1 Угроза утечки информации;
УБИ.2 Угроза несанкционированного доступа;
УБИ.3 Угроза несанкционированной модификации (искажения);
УБИ.4 Угроза несанкционированной подмены;
УБИ.5 Угроза удаления информационных ресурсов","ЗИС.27.1 Обеспечение подлинности сетевых соединений (сеансов взаимодействия), в том числе для защиты от подмены сетевых устройств и сервисов (защита от атак типа «человек посередине»)",Данные уточняются,Данные уточняются,Данные уточняются,Данные уточняются,Данные уточняются
СП.10.3,"Атака типа ""человек посередине"" через DNS-сервер","СП.10 Атака типа ""человек посередине""","В.1 Нарушитель, обладающий базовыми возможностями","УБИ.1 Угроза утечки информации;
УБИ.2 Угроза несанкционированного доступа;
УБИ.3 Угроза несанкционированной модификации (искажения);
УБИ.4 Угроза несанкционированной подмены;
УБИ.5 Угроза удаления информационных ресурсов","ЗИС.27.1 Обеспечение подлинности сетевых соединений (сеансов взаимодействия), в том числе для защиты от подмены сетевых устройств и сервисов (защита от атак типа «человек посередине»)",Данные уточняются,Данные уточняются,Данные уточняются,Данные уточняются,Данные уточняются
СП.10.4,"Атака типа ""человек посередине"" путем создания поддельной точки доступа","СП.10 Атака типа ""человек посередине""","В.2 Нарушитель, обладающий базовыми повышенными возможностями","УБИ.1 Угроза утечки информации;
УБИ.2 Угроза несанкционированного доступа;
УБИ.3 Угроза несанкционированной модификации (искажения);
УБИ.4 Угроза несанкционированной подмены;
УБИ.5 Угроза удаления информационных ресурсов","ЗИС.27.1 Обеспечение подлинности сетевых соединений (сеансов взаимодействия), в том числе для защиты от подмены сетевых устройств и сервисов (защита от атак типа «человек посередине»)",Данные уточняются,Данные уточняются,Данные уточняются,Данные уточняются,Данные уточняются
СП.10.5,"Атака типа ""человек посередине"" путем навязывания использования поддельного Proxy-сервера","СП.10 Атака типа ""человек посередине""","В.2 Нарушитель, обладающий базовыми повышенными возможностями","УБИ.1 Угроза утечки информации;
УБИ.2 Угроза несанкционированного доступа;
УБИ.3 Угроза несанкционированной модификации (искажения);
УБИ.4 Угроза несанкционированной подмены;
УБИ.5 Угроза удаления информационных ресурсов","ЗИС.27.1 Обеспечение подлинности сетевых соединений (сеансов взаимодействия), в том числе для защиты от подмены сетевых устройств и сервисов (защита от атак типа «человек посередине»)",Данные уточняются,Данные уточняются,Данные уточняются,Данные уточняются,Данные уточняются
СП.10.6,"Атака типа человек посередине путем подмены ответов на широковещательные запросы разрешения сетевых имен (LLMNR, mDNS, NetBIOS)","СП.10 Атака типа ""человек посередине""","В.2 Нарушитель, обладающий базовыми повышенными возможностями","УБИ.1 Угроза утечки информации;
УБИ.2 Угроза несанкционированного доступа;
УБИ.3 Угроза несанкционированной модификации (искажения);
УБИ.4 Угроза несанкционированной подмены;
УБИ.5 Угроза удаления информационных ресурсов","ЗИС.27.1 Обеспечение подлинности сетевых соединений (сеансов взаимодействия), в том числе для защиты от подмены сетевых устройств и сервисов (защита от атак типа «человек посередине»)",Данные уточняются,Данные уточняются,Данные уточняются,Данные уточняются,Данные уточняются
СП.10.7,"Атаки на уровне каналов и сети, приводящие к изменению маршрутов","СП.10 Атака типа ""человек посередине""","В.2 Нарушитель, обладающий базовыми повышенными возможностями","УБИ.1 Угроза утечки информации;
УБИ.2 Угроза несанкционированного доступа;
УБИ.3 Угроза несанкционированной модификации (искажения);
УБИ.4 Угроза несанкционированной подмены;
УБИ.5 Угроза удаления информационных ресурсов","ЗИС.27.1 Обеспечение подлинности сетевых соединений (сеансов взаимодействия), в том числе для защиты от подмены сетевых устройств и сервисов (защита от атак типа «человек посередине»)",Данные уточняются,Данные уточняются,Данные уточняются,Данные уточняются,Данные уточняются
СП.11.1,Применение скрытых каналов по времени,СП.11 Применение скрытых каналов,"В.3 Нарушитель, обладающий средними возможностями","УБИ.1 Угроза утечки информации;
УБИ.7 Угроза ненадлежащего (нецелевого) использования;
УБИ.10 Угроза распространения противоправной информации","ЗИС.31.1 Выявление и анализ скрытых каналов передачи информации для определения параметров передачи информации, которые могут использоваться для скрытого хранения информации и скрытой передачи информации за пределы информационной системы",Данные уточняются,Данные уточняются,Данные уточняются,Данные уточняются,Данные уточняются
СП.11.2,Применение скрытых каналов по памяти,СП.11 Применение скрытых каналов,"В.3 Нарушитель, обладающий средними возможностями",Данные уточняются,"ЗИС.31.1 Выявление и анализ скрытых каналов передачи информации для определения параметров передачи информации, которые могут использоваться для скрытого хранения информации и скрытой передачи информации за пределы информационной системы",Данные уточняются,Данные уточняются,Данные уточняются,Данные уточняются,Данные уточняются
СП.11.3,"Применение скрытых каналов, организованных через подключаемый носитель",СП.11 Применение скрытых каналов,"В.3 Нарушитель, обладающий средними возможностями",Данные уточняются,"ЗИС.31.1 Выявление и анализ скрытых каналов передачи информации для определения параметров передачи информации, которые могут использоваться для скрытого хранения информации и скрытой передачи информации за пределы информационной системы",Данные уточняются,Данные уточняются,Данные уточняются,Данные уточняются,Данные уточняются
СП.11.4,"Туннелирование с использованием стандартных протоколов (ssh, ipsec)",СП.11 Применение скрытых каналов,"В.3 Нарушитель, обладающий средними возможностями",Данные уточняются,"ЗИС.31.1 Выявление и анализ скрытых каналов передачи информации для определения параметров передачи информации, которые могут использоваться для скрытого хранения информации и скрытой передачи информации за пределы информационной системы",Данные уточняются,Данные уточняются,Данные уточняются,Данные уточняются,Данные уточняются
СП.11.5,"Туннелирование путем инкапсуляции в другие протоколы (dns, smb)",СП.11 Применение скрытых каналов,"В.3 Нарушитель, обладающий средними возможностями",Данные уточняются,"ЗИС.31.1 Выявление и анализ скрытых каналов передачи информации для определения параметров передачи информации, которые могут использоваться для скрытого хранения информации и скрытой передачи информации за пределы информационной системы;
ЗИС.2.1 Управление (контроль) входящими в информационную систему и исходящими из информационной системы информационными потоками на физической и (или) логической границе информационной системы (сегментов информационной системы);
ЗИС.2.2 Обеспечение взаимодействия информационной системы и (или) ее сегментов с иными информационными системами и сетями только через сетевые интерфейсы, которые обеспечивают управление (контроль) информационными потоками с использованием средств защиты информации (управляемые (контролируемые) сетевые интерфейсы), установленных на физическом и (или) логическом периметре информационной системы или ее отдельных сегментов (маршрутизаторов, межсетевых экранов, коммутаторов, прокси-серверов, шлюзов безопасности, средств построения виртуальных частных сетей и иных средств защиты информации);
ЗИС.5.1 Организация демилитаризованной зоны",Данные уточняются,Данные уточняются,Данные уточняются,Данные уточняются,Данные уточняются
СП.11.6,Реализация своего сетевого стека (аналог TCP/IP),СП.11 Применение скрытых каналов,"В.3 Нарушитель, обладающий средними возможностями",Данные уточняются,"ЗИС.31.1 Выявление и анализ скрытых каналов передачи информации для определения параметров передачи информации, которые могут использоваться для скрытого хранения информации и скрытой передачи информации за пределы информационной системы;
ЗИС.2.1 Управление (контроль) входящими в информационную систему и исходящими из информационной системы информационными потоками на физической и (или) логической границе информационной системы (сегментов информационной системы);
ЗИС.2.2 Обеспечение взаимодействия информационной системы и (или) ее сегментов с иными информационными системами и сетями только через сетевые интерфейсы, которые обеспечивают управление (контроль) информационными потоками с использованием средств защиты информации (управляемые (контролируемые) сетевые интерфейсы), установленных на физическом и (или) логическом периметре информационной системы или ее отдельных сегментов (маршрутизаторов, межсетевых экранов, коммутаторов, прокси-серверов, шлюзов безопасности, средств построения виртуальных частных сетей и иных средств защиты информации);
ЗНИ.5.1 Определение оператором интерфейсов средств вычислительной техники, которые могут использоваться для ввода (вывода) информации, разрешенных и (или) запрещенных к использованию в информационной системе",Данные уточняются,Данные уточняются,Данные уточняются,Данные уточняются,Данные уточняются
СП.12.1,Считывание нажатий клавиш на клавиатуре,СП.12 Считывание вводимой и выводимой информации ,"В.1 Нарушитель, обладающий базовыми возможностями",УБИ.1 Угроза утечки информации,"УПД.1.9 Предоставление пользователям прав доступа к объектам доступа, основываясь на задачах, решаемых пользователями;
ЗИС.31.1 Выявление и анализ скрытых каналов передачи информации для определения параметров передачи информации, которые могут использоваться для скрытого хранения информации и скрытой передачи информации за пределы информационной системы;
ОЦЛ.1.5 Обеспечение физической защиты технических средств информационной системы;
ЗТС.3.1 Контроль и управление физическим доступом к техническим средствам, средствам защиты информации, средствам обеспечения функционирования, а также в помещения и сооружения, в которых они установлены, исключающие несанкционированный физический доступ к средствам обработки информации, средствам защиты информации и средствам обеспечения функционирования информационной системы и помещения и сооружения, в которых они установлены;
АВЗ.1.5 Проверка в масштабе времени, близком к реальному, объектов (файлов) из внешних источников (съемных машинных носителей информации, сетевых подключений, в том числе к сетям общего пользования, и других внешних источников) при загрузке, открытии или исполнении таких файлов;
АВЗ.1.1 Применение средств антивирусной защиты на автоматизированных рабочих местах, серверах, периметральных средствах защиты информации (средствах межсетевого экранирования, прокси-серверах, почтовых шлюзах и других средствах защиты информации), мобильных технических средствах и иных точках доступа в информационной системе, подверженных внедрению (заражению) вредоносными компьютерными программами (вирусами) через съемные машинные носители информации или сетевые подключения, в том числе к сетям общего пользования (вложения электронной почты, веб- и другие сетевые сервисы) ;
АВЗ.2.1 Применение средств антивирусной защиты на прокси-серверах, почтовых шлюза, почтовых серверах и иных точках доступа в информационную систему, подверженных внедрению (заражению) вредоносными компьютерными программами (вирусами) через съемные машинные носители информации или сетевые подключения, в том числе к сетям общего пользования (вложения электронной почты, веб- и другие сетевые сервисы);
ОПС.1.3 Ограничение запуска компонентов программного обеспечения от имени администраторов безопасности;
АВЗ.3.1 Проверку в масштабе времени, близком к реальному, объектов (файлов) архивных, исполняемых и зашифрованных при загрузке, открытии или исполнении таких файлов.;
ОПО.1.1 Проведение поиска и получение обновлений программного обеспечения от доверенного источника;
ОПО.2.1 Проведение проверки целостности программного обеспечения путем сверки контрольных сумм, предоставляемых разработчиком;
ОЦЛ.1.1 Контроль целостности программного обеспечения средств защиты информации, включая их обновления, по наличию имен (идентификаторов) и (или) по контрольным суммам компонентов средств защиты информации в процессе загрузки и (или) динамически в процессе работы информационной системы ;
ОЦЛ.1.2 Контроль целостности компонентов программного обеспечения (за исключением средств защиты информации), определяемого оператором исходя из возможности реализации угроз безопасности информации, по наличию имен (идентификаторов) компонентов программного обеспечения и (или) по контрольным суммам в процессе загрузки и (или) динамически в процессе работы информационной системы;
ЗТС.2.1 Обеспечение контролируемой зоны, в пределах которой постоянно размещаются стационарные технические средства, обрабатывающие информацию, и средства защиты информации, а также средства обеспечения функционирования;
УПД.11.1 Регламентация и контроль действий пользователей, разрешенных до прохождения ими процедур идентификации и аутентификации, и запрет действий пользователей, не включенных в перечень разрешенных действий, до прохождения ими процедур идентификации и аутентификации;
ОПС.1.1 Определение перечня (списка) компонентов программного обеспечения (файлов, объектов баз данных, хранимых процедур и иных компонентов), запускаемых автоматически при загрузке операционной системы средства вычислительной техники;
ОПС.1.2 Разрешение запуска компонентов программного обеспечения, включенных в перечень (список) программного обеспечения, запускаемого автоматически при загрузке операционной системы средства вычислительной техники;
АУД.1.1 Контроль соответствия состава технических средств, программного обеспечения и средств защиты информации приведенному в эксплуатационной документации с целью поддержания актуальной (установленной в соответствии с эксплуатационной документацией) конфигурации информационной системы и принятие мер, направленных на устранение выявленных недостатков;
АУД.1.2 Контроль состава технических средств, программного обеспечения и средств защиты информации на соответствие сведениям действующей (актуализированной) эксплуатационной документации и принятие мер, направленных на устранение выявленных недостатков;
АВЗ.1.4 Проведение периодических проверок компонентов информационной системы (автоматизированных рабочих мест, серверов, других средств вычислительной техники) на наличие вредоносных компьютерных программ (вирусов);
АВЗ.1.6 Оповещение администраторов безопасности в масштабе времени, близком к реальному, об обнаружении вредоносных компьютерных программ (вирусов);
АВЗ.1.7 Определение и выполнение действий по реагированию на обнаружение в информационной системе объектов, подвергшихся заражению вредоносными компьютерными программами (вирусами) ;
ЗТС.1.1 Защита информации, обрабатываемой техническими средствами, от ее утечки за счет побочных электромагнитных излучений и наводок",Данные уточняются,Данные уточняются,Данные уточняются,Данные уточняются,Данные уточняются
СП.12.2,Снятие видео с экрана,СП.12 Считывание вводимой и выводимой информации ,"В.1 Нарушитель, обладающий базовыми возможностями",УБИ.1 Угроза утечки информации,"УПД.1.9 Предоставление пользователям прав доступа к объектам доступа, основываясь на задачах, решаемых пользователями;
ЗИС.31.1 Выявление и анализ скрытых каналов передачи информации для определения параметров передачи информации, которые могут использоваться для скрытого хранения информации и скрытой передачи информации за пределы информационной системы;
ОЦЛ.1.5 Обеспечение физической защиты технических средств информационной системы;
ЗТС.3.1 Контроль и управление физическим доступом к техническим средствам, средствам защиты информации, средствам обеспечения функционирования, а также в помещения и сооружения, в которых они установлены, исключающие несанкционированный физический доступ к средствам обработки информации, средствам защиты информации и средствам обеспечения функционирования информационной системы и помещения и сооружения, в которых они установлены;
АВЗ.1.5 Проверка в масштабе времени, близком к реальному, объектов (файлов) из внешних источников (съемных машинных носителей информации, сетевых подключений, в том числе к сетям общего пользования, и других внешних источников) при загрузке, открытии или исполнении таких файлов;
АВЗ.1.1 Применение средств антивирусной защиты на автоматизированных рабочих местах, серверах, периметральных средствах защиты информации (средствах межсетевого экранирования, прокси-серверах, почтовых шлюзах и других средствах защиты информации), мобильных технических средствах и иных точках доступа в информационной системе, подверженных внедрению (заражению) вредоносными компьютерными программами (вирусами) через съемные машинные носители информации или сетевые подключения, в том числе к сетям общего пользования (вложения электронной почты, веб- и другие сетевые сервисы) ;
АВЗ.2.1 Применение средств антивирусной защиты на прокси-серверах, почтовых шлюза, почтовых серверах и иных точках доступа в информационную систему, подверженных внедрению (заражению) вредоносными компьютерными программами (вирусами) через съемные машинные носители информации или сетевые подключения, в том числе к сетям общего пользования (вложения электронной почты, веб- и другие сетевые сервисы);
ОПС.1.3 Ограничение запуска компонентов программного обеспечения от имени администраторов безопасности;
АВЗ.3.1 Проверку в масштабе времени, близком к реальному, объектов (файлов) архивных, исполняемых и зашифрованных при загрузке, открытии или исполнении таких файлов.;
ОПО.1.1 Проведение поиска и получение обновлений программного обеспечения от доверенного источника;
ОПО.2.1 Проведение проверки целостности программного обеспечения путем сверки контрольных сумм, предоставляемых разработчиком;
ОЦЛ.1.1 Контроль целостности программного обеспечения средств защиты информации, включая их обновления, по наличию имен (идентификаторов) и (или) по контрольным суммам компонентов средств защиты информации в процессе загрузки и (или) динамически в процессе работы информационной системы ;
ОЦЛ.1.2 Контроль целостности компонентов программного обеспечения (за исключением средств защиты информации), определяемого оператором исходя из возможности реализации угроз безопасности информации, по наличию имен (идентификаторов) компонентов программного обеспечения и (или) по контрольным суммам в процессе загрузки и (или) динамически в процессе работы информационной системы;
ЗТС.2.1 Обеспечение контролируемой зоны, в пределах которой постоянно размещаются стационарные технические средства, обрабатывающие информацию, и средства защиты информации, а также средства обеспечения функционирования;
УПД.11.1 Регламентация и контроль действий пользователей, разрешенных до прохождения ими процедур идентификации и аутентификации, и запрет действий пользователей, не включенных в перечень разрешенных действий, до прохождения ими процедур идентификации и аутентификации;
ОПС.1.1 Определение перечня (списка) компонентов программного обеспечения (файлов, объектов баз данных, хранимых процедур и иных компонентов), запускаемых автоматически при загрузке операционной системы средства вычислительной техники;
ОПС.1.2 Разрешение запуска компонентов программного обеспечения, включенных в перечень (список) программного обеспечения, запускаемого автоматически при загрузке операционной системы средства вычислительной техники;
АУД.1.1 Контроль соответствия состава технических средств, программного обеспечения и средств защиты информации приведенному в эксплуатационной документации с целью поддержания актуальной (установленной в соответствии с эксплуатационной документацией) конфигурации информационной системы и принятие мер, направленных на устранение выявленных недостатков;
АУД.1.2 Контроль состава технических средств, программного обеспечения и средств защиты информации на соответствие сведениям действующей (актуализированной) эксплуатационной документации и принятие мер, направленных на устранение выявленных недостатков;
АВЗ.1.4 Проведение периодических проверок компонентов информационной системы (автоматизированных рабочих мест, серверов, других средств вычислительной техники) на наличие вредоносных компьютерных программ (вирусов);
АВЗ.1.6 Оповещение администраторов безопасности в масштабе времени, близком к реальному, об обнаружении вредоносных компьютерных программ (вирусов);
АВЗ.1.7 Определение и выполнение действий по реагированию на обнаружение в информационной системе объектов, подвергшихся заражению вредоносными компьютерными программами (вирусами) ;
ЗТС.1.1 Защита информации, обрабатываемой техническими средствами, от ее утечки за счет побочных электромагнитных излучений и наводок",Данные уточняются,Данные уточняются,Данные уточняются,Данные уточняются,Данные уточняются
СП.12.3,Снятие изображение с монитора,СП.12 Считывание вводимой и выводимой информации ,"В.1 Нарушитель, обладающий базовыми возможностями",УБИ.1 Угроза утечки информации,"УПД.1.9 Предоставление пользователям прав доступа к объектам доступа, основываясь на задачах, решаемых пользователями;
ЗИС.31.1 Выявление и анализ скрытых каналов передачи информации для определения параметров передачи информации, которые могут использоваться для скрытого хранения информации и скрытой передачи информации за пределы информационной системы;
ОЦЛ.1.5 Обеспечение физической защиты технических средств информационной системы;
ЗТС.3.1 Контроль и управление физическим доступом к техническим средствам, средствам защиты информации, средствам обеспечения функционирования, а также в помещения и сооружения, в которых они установлены, исключающие несанкционированный физический доступ к средствам обработки информации, средствам защиты информации и средствам обеспечения функционирования информационной системы и помещения и сооружения, в которых они установлены;
АВЗ.1.5 Проверка в масштабе времени, близком к реальному, объектов (файлов) из внешних источников (съемных машинных носителей информации, сетевых подключений, в том числе к сетям общего пользования, и других внешних источников) при загрузке, открытии или исполнении таких файлов;
АВЗ.1.1 Применение средств антивирусной защиты на автоматизированных рабочих местах, серверах, периметральных средствах защиты информации (средствах межсетевого экранирования, прокси-серверах, почтовых шлюзах и других средствах защиты информации), мобильных технических средствах и иных точках доступа в информационной системе, подверженных внедрению (заражению) вредоносными компьютерными программами (вирусами) через съемные машинные носители информации или сетевые подключения, в том числе к сетям общего пользования (вложения электронной почты, веб- и другие сетевые сервисы) ;
АВЗ.2.1 Применение средств антивирусной защиты на прокси-серверах, почтовых шлюза, почтовых серверах и иных точках доступа в информационную систему, подверженных внедрению (заражению) вредоносными компьютерными программами (вирусами) через съемные машинные носители информации или сетевые подключения, в том числе к сетям общего пользования (вложения электронной почты, веб- и другие сетевые сервисы);
ОПС.1.3 Ограничение запуска компонентов программного обеспечения от имени администраторов безопасности;
АВЗ.3.1 Проверку в масштабе времени, близком к реальному, объектов (файлов) архивных, исполняемых и зашифрованных при загрузке, открытии или исполнении таких файлов.;
ОПО.1.1 Проведение поиска и получение обновлений программного обеспечения от доверенного источника;
ОПО.2.1 Проведение проверки целостности программного обеспечения путем сверки контрольных сумм, предоставляемых разработчиком;
ОЦЛ.1.1 Контроль целостности программного обеспечения средств защиты информации, включая их обновления, по наличию имен (идентификаторов) и (или) по контрольным суммам компонентов средств защиты информации в процессе загрузки и (или) динамически в процессе работы информационной системы ;
ОЦЛ.1.2 Контроль целостности компонентов программного обеспечения (за исключением средств защиты информации), определяемого оператором исходя из возможности реализации угроз безопасности информации, по наличию имен (идентификаторов) компонентов программного обеспечения и (или) по контрольным суммам в процессе загрузки и (или) динамически в процессе работы информационной системы;
ЗТС.2.1 Обеспечение контролируемой зоны, в пределах которой постоянно размещаются стационарные технические средства, обрабатывающие информацию, и средства защиты информации, а также средства обеспечения функционирования;
УПД.11.1 Регламентация и контроль действий пользователей, разрешенных до прохождения ими процедур идентификации и аутентификации, и запрет действий пользователей, не включенных в перечень разрешенных действий, до прохождения ими процедур идентификации и аутентификации;
ОПС.1.1 Определение перечня (списка) компонентов программного обеспечения (файлов, объектов баз данных, хранимых процедур и иных компонентов), запускаемых автоматически при загрузке операционной системы средства вычислительной техники;
ОПС.1.2 Разрешение запуска компонентов программного обеспечения, включенных в перечень (список) программного обеспечения, запускаемого автоматически при загрузке операционной системы средства вычислительной техники;
АУД.1.1 Контроль соответствия состава технических средств, программного обеспечения и средств защиты информации приведенному в эксплуатационной документации с целью поддержания актуальной (установленной в соответствии с эксплуатационной документацией) конфигурации информационной системы и принятие мер, направленных на устранение выявленных недостатков;
АУД.1.2 Контроль состава технических средств, программного обеспечения и средств защиты информации на соответствие сведениям действующей (актуализированной) эксплуатационной документации и принятие мер, направленных на устранение выявленных недостатков;
АВЗ.1.4 Проведение периодических проверок компонентов информационной системы (автоматизированных рабочих мест, серверов, других средств вычислительной техники) на наличие вредоносных компьютерных программ (вирусов);
АВЗ.1.6 Оповещение администраторов безопасности в масштабе времени, близком к реальному, об обнаружении вредоносных компьютерных программ (вирусов);
АВЗ.1.7 Определение и выполнение действий по реагированию на обнаружение в информационной системе объектов, подвергшихся заражению вредоносными компьютерными программами (вирусами) ;
ЗТС.1.1 Защита информации, обрабатываемой техническими средствами, от ее утечки за счет побочных электромагнитных излучений и наводок",Данные уточняются,Данные уточняются,Данные уточняются,Данные уточняются,Данные уточняются
СП.12.4,Снятие изображения с веб-камеры,СП.12 Считывание вводимой и выводимой информации ,"В.1 Нарушитель, обладающий базовыми возможностями",УБИ.1 Угроза утечки информации,"УПД.1.9 Предоставление пользователям прав доступа к объектам доступа, основываясь на задачах, решаемых пользователями;
ЗИС.31.1 Выявление и анализ скрытых каналов передачи информации для определения параметров передачи информации, которые могут использоваться для скрытого хранения информации и скрытой передачи информации за пределы информационной системы;
ОЦЛ.1.5 Обеспечение физической защиты технических средств информационной системы;
ЗТС.3.1 Контроль и управление физическим доступом к техническим средствам, средствам защиты информации, средствам обеспечения функционирования, а также в помещения и сооружения, в которых они установлены, исключающие несанкционированный физический доступ к средствам обработки информации, средствам защиты информации и средствам обеспечения функционирования информационной системы и помещения и сооружения, в которых они установлены;
АВЗ.1.5 Проверка в масштабе времени, близком к реальному, объектов (файлов) из внешних источников (съемных машинных носителей информации, сетевых подключений, в том числе к сетям общего пользования, и других внешних источников) при загрузке, открытии или исполнении таких файлов;
АВЗ.1.1 Применение средств антивирусной защиты на автоматизированных рабочих местах, серверах, периметральных средствах защиты информации (средствах межсетевого экранирования, прокси-серверах, почтовых шлюзах и других средствах защиты информации), мобильных технических средствах и иных точках доступа в информационной системе, подверженных внедрению (заражению) вредоносными компьютерными программами (вирусами) через съемные машинные носители информации или сетевые подключения, в том числе к сетям общего пользования (вложения электронной почты, веб- и другие сетевые сервисы) ;
АВЗ.2.1 Применение средств антивирусной защиты на прокси-серверах, почтовых шлюза, почтовых серверах и иных точках доступа в информационную систему, подверженных внедрению (заражению) вредоносными компьютерными программами (вирусами) через съемные машинные носители информации или сетевые подключения, в том числе к сетям общего пользования (вложения электронной почты, веб- и другие сетевые сервисы);
ОПС.1.3 Ограничение запуска компонентов программного обеспечения от имени администраторов безопасности;
АВЗ.3.1 Проверку в масштабе времени, близком к реальному, объектов (файлов) архивных, исполняемых и зашифрованных при загрузке, открытии или исполнении таких файлов.;
ОПО.1.1 Проведение поиска и получение обновлений программного обеспечения от доверенного источника;
ОПО.2.1 Проведение проверки целостности программного обеспечения путем сверки контрольных сумм, предоставляемых разработчиком;
ОЦЛ.1.1 Контроль целостности программного обеспечения средств защиты информации, включая их обновления, по наличию имен (идентификаторов) и (или) по контрольным суммам компонентов средств защиты информации в процессе загрузки и (или) динамически в процессе работы информационной системы ;
ОЦЛ.1.2 Контроль целостности компонентов программного обеспечения (за исключением средств защиты информации), определяемого оператором исходя из возможности реализации угроз безопасности информации, по наличию имен (идентификаторов) компонентов программного обеспечения и (или) по контрольным суммам в процессе загрузки и (или) динамически в процессе работы информационной системы;
ЗТС.2.1 Обеспечение контролируемой зоны, в пределах которой постоянно размещаются стационарные технические средства, обрабатывающие информацию, и средства защиты информации, а также средства обеспечения функционирования;
УПД.11.1 Регламентация и контроль действий пользователей, разрешенных до прохождения ими процедур идентификации и аутентификации, и запрет действий пользователей, не включенных в перечень разрешенных действий, до прохождения ими процедур идентификации и аутентификации;
ОПС.1.1 Определение перечня (списка) компонентов программного обеспечения (файлов, объектов баз данных, хранимых процедур и иных компонентов), запускаемых автоматически при загрузке операционной системы средства вычислительной техники;
ОПС.1.2 Разрешение запуска компонентов программного обеспечения, включенных в перечень (список) программного обеспечения, запускаемого автоматически при загрузке операционной системы средства вычислительной техники;
АУД.1.1 Контроль соответствия состава технических средств, программного обеспечения и средств защиты информации приведенному в эксплуатационной документации с целью поддержания актуальной (установленной в соответствии с эксплуатационной документацией) конфигурации информационной системы и принятие мер, направленных на устранение выявленных недостатков;
АУД.1.2 Контроль состава технических средств, программного обеспечения и средств защиты информации на соответствие сведениям действующей (актуализированной) эксплуатационной документации и принятие мер, направленных на устранение выявленных недостатков;
АВЗ.1.4 Проведение периодических проверок компонентов информационной системы (автоматизированных рабочих мест, серверов, других средств вычислительной техники) на наличие вредоносных компьютерных программ (вирусов);
АВЗ.1.6 Оповещение администраторов безопасности в масштабе времени, близком к реальному, об обнаружении вредоносных компьютерных программ (вирусов);
АВЗ.1.7 Определение и выполнение действий по реагированию на обнаружение в информационной системе объектов, подвергшихся заражению вредоносными компьютерными программами (вирусами) ;
ЗТС.1.1 Защита информации, обрабатываемой техническими средствами, от ее утечки за счет побочных электромагнитных излучений и наводок;
ЗИС.21.1 Запрет несанкционированной удаленной активации видеокамер, микрофонов и иных периферийных устройств, которые могут активироваться удаленно, и оповещение пользователей об активации таких устройств, в том числе путем сигнализации, индикации;
ЗИС.25.1 Определение перечня технологий (сервисов) передачи видеоинформации разрешенных и (или) запрещенных для использования в информационной системе ;
ЗИС.25.2 Определение субъектов доступа (категорий пользователей), которым разрешены разработка, приобретение или внедрение технологий передачи видеоинформации в соответствии с установленными ролями ;
ЗИС.25.3 Реализация параметров настройки, исключающих возможность удаленной конфигурации устройств передачи видеоинформации ;
ЗИС.25.4 Регистрация и анализ событий, связанных с разработкой, приобретением и внедрением технологий передачи видеоинформации ;
ЗИС.25.5 Исключение возможности использования запрещенной технологии передачи видеоинформации в информационной системе, а также разработки, приобретения и внедрения технологий передачи видеоинформации субъектов доступа (пользователям), которым не разрешено ее использование",Данные уточняются,Данные уточняются,Данные уточняются,Данные уточняются,Данные уточняются
СП.12.5,Считывание нажатий виртуальной клавиатуры,СП.12 Считывание вводимой и выводимой информации ,"В.2 Нарушитель, обладающий базовыми повышенными возможностями",УБИ.1 Угроза утечки информации,"УПД.1.9 Предоставление пользователям прав доступа к объектам доступа, основываясь на задачах, решаемых пользователями;
ОЦЛ.1.5 Обеспечение физической защиты технических средств информационной системы;
АВЗ.1.5 Проверка в масштабе времени, близком к реальному, объектов (файлов) из внешних источников (съемных машинных носителей информации, сетевых подключений, в том числе к сетям общего пользования, и других внешних источников) при загрузке, открытии или исполнении таких файлов;
АВЗ.1.1 Применение средств антивирусной защиты на автоматизированных рабочих местах, серверах, периметральных средствах защиты информации (средствах межсетевого экранирования, прокси-серверах, почтовых шлюзах и других средствах защиты информации), мобильных технических средствах и иных точках доступа в информационной системе, подверженных внедрению (заражению) вредоносными компьютерными программами (вирусами) через съемные машинные носители информации или сетевые подключения, в том числе к сетям общего пользования (вложения электронной почты, веб- и другие сетевые сервисы) ;
АВЗ.2.1 Применение средств антивирусной защиты на прокси-серверах, почтовых шлюза, почтовых серверах и иных точках доступа в информационную систему, подверженных внедрению (заражению) вредоносными компьютерными программами (вирусами) через съемные машинные носители информации или сетевые подключения, в том числе к сетям общего пользования (вложения электронной почты, веб- и другие сетевые сервисы);
ОПС.1.3 Ограничение запуска компонентов программного обеспечения от имени администраторов безопасности;
АВЗ.3.1 Проверку в масштабе времени, близком к реальному, объектов (файлов) архивных, исполняемых и зашифрованных при загрузке, открытии или исполнении таких файлов.;
ОПО.1.1 Проведение поиска и получение обновлений программного обеспечения от доверенного источника;
ОПО.2.1 Проведение проверки целостности программного обеспечения путем сверки контрольных сумм, предоставляемых разработчиком;
ОЦЛ.1.1 Контроль целостности программного обеспечения средств защиты информации, включая их обновления, по наличию имен (идентификаторов) и (или) по контрольным суммам компонентов средств защиты информации в процессе загрузки и (или) динамически в процессе работы информационной системы ;
ОЦЛ.1.2 Контроль целостности компонентов программного обеспечения (за исключением средств защиты информации), определяемого оператором исходя из возможности реализации угроз безопасности информации, по наличию имен (идентификаторов) компонентов программного обеспечения и (или) по контрольным суммам в процессе загрузки и (или) динамически в процессе работы информационной системы;
УПД.11.1 Регламентация и контроль действий пользователей, разрешенных до прохождения ими процедур идентификации и аутентификации, и запрет действий пользователей, не включенных в перечень разрешенных действий, до прохождения ими процедур идентификации и аутентификации;
ОПС.1.1 Определение перечня (списка) компонентов программного обеспечения (файлов, объектов баз данных, хранимых процедур и иных компонентов), запускаемых автоматически при загрузке операционной системы средства вычислительной техники;
ОПС.1.2 Разрешение запуска компонентов программного обеспечения, включенных в перечень (список) программного обеспечения, запускаемого автоматически при загрузке операционной системы средства вычислительной техники;
АВЗ.1.4 Проведение периодических проверок компонентов информационной системы (автоматизированных рабочих мест, серверов, других средств вычислительной техники) на наличие вредоносных компьютерных программ (вирусов);
АВЗ.1.6 Оповещение администраторов безопасности в масштабе времени, близком к реальному, об обнаружении вредоносных компьютерных программ (вирусов);
АВЗ.1.7 Определение и выполнение действий по реагированию на обнаружение в информационной системе объектов, подвергшихся заражению вредоносными компьютерными программами (вирусами) ",Данные уточняются,Данные уточняются,Данные уточняются,Данные уточняются,Данные уточняются
СП.12.6,Снятие информации выводимой на печать,СП.12 Считывание вводимой и выводимой информации ,"В.2 Нарушитель, обладающий базовыми повышенными возможностями",УБИ.1 Угроза утечки информации,"УПД.1.9 Предоставление пользователям прав доступа к объектам доступа, основываясь на задачах, решаемых пользователями;
ЗИС.31.1 Выявление и анализ скрытых каналов передачи информации для определения параметров передачи информации, которые могут использоваться для скрытого хранения информации и скрытой передачи информации за пределы информационной системы;
ОЦЛ.1.5 Обеспечение физической защиты технических средств информационной системы;
ЗТС.3.1 Контроль и управление физическим доступом к техническим средствам, средствам защиты информации, средствам обеспечения функционирования, а также в помещения и сооружения, в которых они установлены, исключающие несанкционированный физический доступ к средствам обработки информации, средствам защиты информации и средствам обеспечения функционирования информационной системы и помещения и сооружения, в которых они установлены;
АВЗ.1.5 Проверка в масштабе времени, близком к реальному, объектов (файлов) из внешних источников (съемных машинных носителей информации, сетевых подключений, в том числе к сетям общего пользования, и других внешних источников) при загрузке, открытии или исполнении таких файлов;
АВЗ.1.1 Применение средств антивирусной защиты на автоматизированных рабочих местах, серверах, периметральных средствах защиты информации (средствах межсетевого экранирования, прокси-серверах, почтовых шлюзах и других средствах защиты информации), мобильных технических средствах и иных точках доступа в информационной системе, подверженных внедрению (заражению) вредоносными компьютерными программами (вирусами) через съемные машинные носители информации или сетевые подключения, в том числе к сетям общего пользования (вложения электронной почты, веб- и другие сетевые сервисы) ;
АВЗ.2.1 Применение средств антивирусной защиты на прокси-серверах, почтовых шлюза, почтовых серверах и иных точках доступа в информационную систему, подверженных внедрению (заражению) вредоносными компьютерными программами (вирусами) через съемные машинные носители информации или сетевые подключения, в том числе к сетям общего пользования (вложения электронной почты, веб- и другие сетевые сервисы);
ОПС.1.3 Ограничение запуска компонентов программного обеспечения от имени администраторов безопасности;
АВЗ.3.1 Проверку в масштабе времени, близком к реальному, объектов (файлов) архивных, исполняемых и зашифрованных при загрузке, открытии или исполнении таких файлов.;
ОПО.1.1 Проведение поиска и получение обновлений программного обеспечения от доверенного источника;
ОПО.2.1 Проведение проверки целостности программного обеспечения путем сверки контрольных сумм, предоставляемых разработчиком;
ОЦЛ.1.1 Контроль целостности программного обеспечения средств защиты информации, включая их обновления, по наличию имен (идентификаторов) и (или) по контрольным суммам компонентов средств защиты информации в процессе загрузки и (или) динамически в процессе работы информационной системы ;
ОЦЛ.1.2 Контроль целостности компонентов программного обеспечения (за исключением средств защиты информации), определяемого оператором исходя из возможности реализации угроз безопасности информации, по наличию имен (идентификаторов) компонентов программного обеспечения и (или) по контрольным суммам в процессе загрузки и (или) динамически в процессе работы информационной системы;
ЗТС.2.1 Обеспечение контролируемой зоны, в пределах которой постоянно размещаются стационарные технические средства, обрабатывающие информацию, и средства защиты информации, а также средства обеспечения функционирования;
УПД.11.1 Регламентация и контроль действий пользователей, разрешенных до прохождения ими процедур идентификации и аутентификации, и запрет действий пользователей, не включенных в перечень разрешенных действий, до прохождения ими процедур идентификации и аутентификации;
ОПС.1.1 Определение перечня (списка) компонентов программного обеспечения (файлов, объектов баз данных, хранимых процедур и иных компонентов), запускаемых автоматически при загрузке операционной системы средства вычислительной техники;
ОПС.1.2 Разрешение запуска компонентов программного обеспечения, включенных в перечень (список) программного обеспечения, запускаемого автоматически при загрузке операционной системы средства вычислительной техники;
АУД.1.1 Контроль соответствия состава технических средств, программного обеспечения и средств защиты информации приведенному в эксплуатационной документации с целью поддержания актуальной (установленной в соответствии с эксплуатационной документацией) конфигурации информационной системы и принятие мер, направленных на устранение выявленных недостатков;
АУД.1.2 Контроль состава технических средств, программного обеспечения и средств защиты информации на соответствие сведениям действующей (актуализированной) эксплуатационной документации и принятие мер, направленных на устранение выявленных недостатков;
АВЗ.1.4 Проведение периодических проверок компонентов информационной системы (автоматизированных рабочих мест, серверов, других средств вычислительной техники) на наличие вредоносных компьютерных программ (вирусов);
АВЗ.1.6 Оповещение администраторов безопасности в масштабе времени, близком к реальному, об обнаружении вредоносных компьютерных программ (вирусов);
АВЗ.1.7 Определение и выполнение действий по реагированию на обнаружение в информационной системе объектов, подвергшихся заражению вредоносными компьютерными программами (вирусами) ;
ЗТС.1.1 Защита информации, обрабатываемой техническими средствами, от ее утечки за счет побочных электромагнитных излучений и наводок;
ИАФ.2.2 Аутентификация устройств с использованием соответствующих протоколов аутентификации или с применением криптографических методов защиты информации;
ЗИС.17.6 Мониторинг и контроль печати и (или) копирования информации на бумажных носителях для сегментов вычислительной сети организации, предназначенных для обработки и (или) хранения информации конфиденциального характера, и для всех учетных записей, используемых для осуществления печати информации;
ЗИС.17.12 Контроль физического доступа с целью предотвращения визуального и слухового ознакомления с информацией во все помещения, в которых осуществляется обработка и (или) хранение информации конфиденциального характера",Данные уточняются,Данные уточняются,Данные уточняются,Данные уточняются,Данные уточняются
СП.12.7,Снятие звука с микрофона,СП.12 Считывание вводимой и выводимой информации ,"В.2 Нарушитель, обладающий базовыми повышенными возможностями",УБИ.1 Угроза утечки информации,"УПД.1.9 Предоставление пользователям прав доступа к объектам доступа, основываясь на задачах, решаемых пользователями;
ЗИС.31.1 Выявление и анализ скрытых каналов передачи информации для определения параметров передачи информации, которые могут использоваться для скрытого хранения информации и скрытой передачи информации за пределы информационной системы;
ОЦЛ.1.5 Обеспечение физической защиты технических средств информационной системы;
ЗТС.3.1 Контроль и управление физическим доступом к техническим средствам, средствам защиты информации, средствам обеспечения функционирования, а также в помещения и сооружения, в которых они установлены, исключающие несанкционированный физический доступ к средствам обработки информации, средствам защиты информации и средствам обеспечения функционирования информационной системы и помещения и сооружения, в которых они установлены;
АВЗ.1.5 Проверка в масштабе времени, близком к реальному, объектов (файлов) из внешних источников (съемных машинных носителей информации, сетевых подключений, в том числе к сетям общего пользования, и других внешних источников) при загрузке, открытии или исполнении таких файлов;
АВЗ.1.1 Применение средств антивирусной защиты на автоматизированных рабочих местах, серверах, периметральных средствах защиты информации (средствах межсетевого экранирования, прокси-серверах, почтовых шлюзах и других средствах защиты информации), мобильных технических средствах и иных точках доступа в информационной системе, подверженных внедрению (заражению) вредоносными компьютерными программами (вирусами) через съемные машинные носители информации или сетевые подключения, в том числе к сетям общего пользования (вложения электронной почты, веб- и другие сетевые сервисы) ;
АВЗ.2.1 Применение средств антивирусной защиты на прокси-серверах, почтовых шлюза, почтовых серверах и иных точках доступа в информационную систему, подверженных внедрению (заражению) вредоносными компьютерными программами (вирусами) через съемные машинные носители информации или сетевые подключения, в том числе к сетям общего пользования (вложения электронной почты, веб- и другие сетевые сервисы);
ОПС.1.3 Ограничение запуска компонентов программного обеспечения от имени администраторов безопасности;
АВЗ.3.1 Проверку в масштабе времени, близком к реальному, объектов (файлов) архивных, исполняемых и зашифрованных при загрузке, открытии или исполнении таких файлов.;
ОПО.1.1 Проведение поиска и получение обновлений программного обеспечения от доверенного источника;
ОПО.2.1 Проведение проверки целостности программного обеспечения путем сверки контрольных сумм, предоставляемых разработчиком;
ОЦЛ.1.1 Контроль целостности программного обеспечения средств защиты информации, включая их обновления, по наличию имен (идентификаторов) и (или) по контрольным суммам компонентов средств защиты информации в процессе загрузки и (или) динамически в процессе работы информационной системы ;
ОЦЛ.1.2 Контроль целостности компонентов программного обеспечения (за исключением средств защиты информации), определяемого оператором исходя из возможности реализации угроз безопасности информации, по наличию имен (идентификаторов) компонентов программного обеспечения и (или) по контрольным суммам в процессе загрузки и (или) динамически в процессе работы информационной системы;
ЗТС.2.1 Обеспечение контролируемой зоны, в пределах которой постоянно размещаются стационарные технические средства, обрабатывающие информацию, и средства защиты информации, а также средства обеспечения функционирования;
УПД.11.1 Регламентация и контроль действий пользователей, разрешенных до прохождения ими процедур идентификации и аутентификации, и запрет действий пользователей, не включенных в перечень разрешенных действий, до прохождения ими процедур идентификации и аутентификации;
ОПС.1.1 Определение перечня (списка) компонентов программного обеспечения (файлов, объектов баз данных, хранимых процедур и иных компонентов), запускаемых автоматически при загрузке операционной системы средства вычислительной техники;
ОПС.1.2 Разрешение запуска компонентов программного обеспечения, включенных в перечень (список) программного обеспечения, запускаемого автоматически при загрузке операционной системы средства вычислительной техники;
АУД.1.1 Контроль соответствия состава технических средств, программного обеспечения и средств защиты информации приведенному в эксплуатационной документации с целью поддержания актуальной (установленной в соответствии с эксплуатационной документацией) конфигурации информационной системы и принятие мер, направленных на устранение выявленных недостатков;
АУД.1.2 Контроль состава технических средств, программного обеспечения и средств защиты информации на соответствие сведениям действующей (актуализированной) эксплуатационной документации и принятие мер, направленных на устранение выявленных недостатков;
АВЗ.1.4 Проведение периодических проверок компонентов информационной системы (автоматизированных рабочих мест, серверов, других средств вычислительной техники) на наличие вредоносных компьютерных программ (вирусов);
АВЗ.1.6 Оповещение администраторов безопасности в масштабе времени, близком к реальному, об обнаружении вредоносных компьютерных программ (вирусов);
АВЗ.1.7 Определение и выполнение действий по реагированию на обнаружение в информационной системе объектов, подвергшихся заражению вредоносными компьютерными программами (вирусами) ;
ЗТС.1.1 Защита информации, обрабатываемой техническими средствами, от ее утечки за счет побочных электромагнитных излучений и наводок;
ЗИС.21.1 Запрет несанкционированной удаленной активации видеокамер, микрофонов и иных периферийных устройств, которые могут активироваться удаленно, и оповещение пользователей об активации таких устройств, в том числе путем сигнализации, индикации;
ЗИС.24.1 Определение перечня технологий (сервисов) передачи речи разрешенных и (или) запрещенных для использования в информационной системе ;
ЗИС.24.2 Определение субъектов доступа (категорий пользователей), которым разрешены разработка, приобретение или внедрение технологий передачи речи в соответствии с установленными ролями ;
ЗИС.24.3 Реализация параметров настройки, исключающих возможность удаленной конфигурации устройств передачи речи ;
ЗИС.24.4 Регистрация и анализ событий, связанных с разработкой, приобретением и внедрением технологий передачи речи ;
ЗИС.24.5  Исключение возможности использования запрещенной технологии передачи речи в информационной системе, а также разработки, приобретения и внедрения технологий передачи речи субъектам доступа (пользователям), которым не разрешено ее использование ",Данные уточняются,Данные уточняются,Данные уточняются,Данные уточняются,Данные уточняются
СП.12.8,Визуальное считывание информации,СП.12 Считывание вводимой и выводимой информации ,"В.1 Нарушитель, обладающий базовыми возможностями",УБИ.1 Угроза утечки информации,"ЗТС.3.1 Контроль и управление физическим доступом к техническим средствам, средствам защиты информации, средствам обеспечения функционирования, а также в помещения и сооружения, в которых они установлены, исключающие несанкционированный физический доступ к средствам обработки информации, средствам защиты информации и средствам обеспечения функционирования информационной системы и помещения и сооружения, в которых они установлены;
ЗТС.2.1 Обеспечение контролируемой зоны, в пределах которой постоянно размещаются стационарные технические средства, обрабатывающие информацию, и средства защиты информации, а также средства обеспечения функционирования;
ЗИС.17.6 Мониторинг и контроль печати и (или) копирования информации на бумажных носителях для сегментов вычислительной сети организации, предназначенных для обработки и (или) хранения информации конфиденциального характера, и для всех учетных записей, используемых для осуществления печати информации;
ЗИС.17.12 Контроль физического доступа с целью предотвращения визуального и слухового ознакомления с информацией во все помещения, в которых осуществляется обработка и (или) хранение информации конфиденциального характера;
ЗТС.4.1 Размещение устройств вывода (отображения) информации, исключающее ее несанкционированный просмотр",Данные уточняются,Данные уточняются,Данные уточняются,Данные уточняются,Данные уточняются
СП.12.9,Считывание информации о положении курсора мыши на экране монитора,СП.12 Считывание вводимой и выводимой информации ,"В.1 Нарушитель, обладающий базовыми возможностями",УБИ.1 Угроза утечки информации,"ОПС.1.3 Ограничение запуска компонентов программного обеспечения от имени администраторов безопасности;
ОПС.1.5 Контроль за запуском компонентов программного обеспечения, обеспечивающий выявление компонентов программного обеспечения, не включенных в перечень (список) компонентов, запускаемых автоматически при загрузке операционной системы средства вычислительной техники;
ОПС.1.1 Определение перечня (списка) компонентов программного обеспечения (файлов, объектов баз данных, хранимых процедур и иных компонентов), запускаемых автоматически при загрузке операционной системы средства вычислительной техники;
ОПС.1.2 Разрешение запуска компонентов программного обеспечения, включенных в перечень (список) программного обеспечения, запускаемого автоматически при загрузке операционной системы средства вычислительной техники",Данные уточняются,Данные уточняются,Данные уточняются,Данные уточняются,Данные уточняются
СП.13.1,Целенаправленная рассылка через рассылку рекламных писем (спам-сообщений),СП.13 Реализация социальной инженерии ,"В.1 Нарушитель, обладающий базовыми возможностями","УБИ.1 Угроза утечки информации;
УБИ.2 Угроза несанкционированного доступа;
УБИ.3 Угроза несанкционированной модификации (искажения);
УБИ.5 Угроза удаления информационных ресурсов;
УБИ.8 Угроза нарушения функционирования (работоспособности);
УБИ.10 Угроза распространения противоправной информации;
УБИ.11 Угроза несанкционированного массового сбора информации;
УБИ.9 Угроза получения информационных ресурсов из недоверенного или скомпрометированного источника","ОЦЛ.4.2 Вводимые данные должны проверяться на наличие конструкций, которые могут быть интерпретированы программно-техническими средствами информационной системы как исполняемые команды;
АВЗ.1.5 Проверка в масштабе времени, близком к реальному, объектов (файлов) из внешних источников (съемных машинных носителей информации, сетевых подключений, в том числе к сетям общего пользования, и других внешних источников) при загрузке, открытии или исполнении таких файлов;
АВЗ.1.1 Применение средств антивирусной защиты на автоматизированных рабочих местах, серверах, периметральных средствах защиты информации (средствах межсетевого экранирования, прокси-серверах, почтовых шлюзах и других средствах защиты информации), мобильных технических средствах и иных точках доступа в информационной системе, подверженных внедрению (заражению) вредоносными компьютерными программами (вирусами) через съемные машинные носители информации или сетевые подключения, в том числе к сетям общего пользования (вложения электронной почты, веб- и другие сетевые сервисы) ;
АВЗ.2.1 Применение средств антивирусной защиты на прокси-серверах, почтовых шлюза, почтовых серверах и иных точках доступа в информационную систему, подверженных внедрению (заражению) вредоносными компьютерными программами (вирусами) через съемные машинные носители информации или сетевые подключения, в том числе к сетям общего пользования (вложения электронной почты, веб- и другие сетевые сервисы);
ЗИС.15.1 Реализация электронного почтового обмена с внешними сетями через ограниченное количество контролируемых точек;
ЗИС.16.1 Обнаружение и реагирование на поступление незапрашиваемых электронных сообщений (писем, документов) и иной информации, не относящихся к функционированию информационной системы (защита от спама);
ЗИС.17.1 Мониторинг и контроль использования сервисов электронной почты (в том числе с использованием web-интерфейса) при передаче информации на внешние адреса электронной почты для всего трафика электронной почты и для всех учетных записей сервисов электронной почты ;
ЗИС.18.1 Ограничение доступа к сайтам или типам сайтов, запрещенных к использованию;
АВЗ.3.1 Проверку в масштабе времени, близком к реальному, объектов (файлов) архивных, исполняемых и зашифрованных при загрузке, открытии или исполнении таких файлов.;
ЗИС.7.1 Применение специально созданных (эмулированных) ложных компонентов информационной системы или создание ложных информационных систем, предназначенных для обнаружения, регистрации и анализа действий нарушителей в процессе реализации угроз безопасности информации;
ИПО.1.1 Информирование персонала об угрозах безопасности информации и о правилах безопасной работы;
ИПО.2.1 Обучение персонала правилам безопасной работы;
ИПО.3.1 Проведение практических занятий с персоналом по правилам безопасной работы;
ИПО.4.1 Контроль осведомленности персонала об угрозах безопасности информации и о правилах безопасной работы;
АВЗ.1.6 Оповещение администраторов безопасности в масштабе времени, близком к реальному, об обнаружении вредоносных компьютерных программ (вирусов);
АВЗ.1.7 Определение и выполнение действий по реагированию на обнаружение в информационной системе объектов, подвергшихся заражению вредоносными компьютерными программами (вирусами) ;
ОЦЛ.4.1 Контроль точности, полноты и правильности данных, вводимых в информационную систему, обеспечивается путем установления и проверки соблюдения форматов ввода данных, синтаксических, семантических и (или) иных правил ввода информации в информационную систему (допустимые наборы символов, размерность, область числовых значений, допустимые значения, количество символов) для подтверждения того, что ввод информации соответствует заданному оператором формату и содержанию.",Данные уточняются,Данные уточняются,Данные уточняются,Данные уточняются,Данные уточняются
СП.13.2,Атаки через социальные сети,СП.13 Реализация социальной инженерии ,"В.1 Нарушитель, обладающий базовыми возможностями","УБИ.1 Угроза утечки информации;
УБИ.2 Угроза несанкционированного доступа;
УБИ.3 Угроза несанкционированной модификации (искажения);
УБИ.5 Угроза удаления информационных ресурсов;
УБИ.8 Угроза нарушения функционирования (работоспособности);
УБИ.10 Угроза распространения противоправной информации;
УБИ.11 Угроза несанкционированного массового сбора информации;
УБИ.9 Угроза получения информационных ресурсов из недоверенного или скомпрометированного источника","АВЗ.1.5 Проверка в масштабе времени, близком к реальному, объектов (файлов) из внешних источников (съемных машинных носителей информации, сетевых подключений, в том числе к сетям общего пользования, и других внешних источников) при загрузке, открытии или исполнении таких файлов;
ЗИС.17.2 Обеспечить мониторинг и контроль использования сети Интернет для всех средств вычислительной техники, расположенных в группах сегментов вычислительной сети организации, предназначенных для обработки и (или) хранения информации конфиденциального характера, и для всех учетных записей, используемых для осуществления доступа к сети Интернет;
АВЗ.1.1 Применение средств антивирусной защиты на автоматизированных рабочих местах, серверах, периметральных средствах защиты информации (средствах межсетевого экранирования, прокси-серверах, почтовых шлюзах и других средствах защиты информации), мобильных технических средствах и иных точках доступа в информационной системе, подверженных внедрению (заражению) вредоносными компьютерными программами (вирусами) через съемные машинные носители информации или сетевые подключения, в том числе к сетям общего пользования (вложения электронной почты, веб- и другие сетевые сервисы) ;
ЗИС.17.1 Мониторинг и контроль использования сервисов электронной почты (в том числе с использованием web-интерфейса) при передаче информации на внешние адреса электронной почты для всего трафика электронной почты и для всех учетных записей сервисов электронной почты ;
ЗИС.18.1 Ограничение доступа к сайтам или типам сайтов, запрещенных к использованию;
АВЗ.3.1 Проверку в масштабе времени, близком к реальному, объектов (файлов) архивных, исполняемых и зашифрованных при загрузке, открытии или исполнении таких файлов.;
ЗИС.7.1 Применение специально созданных (эмулированных) ложных компонентов информационной системы или создание ложных информационных систем, предназначенных для обнаружения, регистрации и анализа действий нарушителей в процессе реализации угроз безопасности информации;
ИПО.1.1 Информирование персонала об угрозах безопасности информации и о правилах безопасной работы;
ИПО.2.1 Обучение персонала правилам безопасной работы;
ИПО.3.1 Проведение практических занятий с персоналом по правилам безопасной работы;
ИПО.4.1 Контроль осведомленности персонала об угрозах безопасности информации и о правилах безопасной работы;
АВЗ.1.6 Оповещение администраторов безопасности в масштабе времени, близком к реальному, об обнаружении вредоносных компьютерных программ (вирусов);
АВЗ.1.7 Определение и выполнение действий по реагированию на обнаружение в информационной системе объектов, подвергшихся заражению вредоносными компьютерными программами (вирусами) ;
ЗИС.23.1 Определение перечня мобильного кода и технологий мобильного кода разрешенных и (или) запрещенных для использования в информационной системе;
ЗИС.23.2 Определение разрешенных мест распространения (серверы информационной системы) и использования мобильного кода (автоматизированные рабочие места, мобильные технические средства информационной системы) и функций информационной системы, для которых необходимо применение технологии мобильного кода;
ЗИС.23.3 Регистрация и анализ событий, связанных с разработкой, приобретением или внедрением технологии мобильного кода;
ЗИС.23.4 Исключение возможности использования запрещенного мобильного кода в информационной системе, а также внедрение мобильного кода в местах, не разрешенных для его установки",Данные уточняются,Данные уточняются,Данные уточняются,Данные уточняются,Данные уточняются
СП.13.3,Веб-фишинг,СП.13 Реализация социальной инженерии ,"В.1 Нарушитель, обладающий базовыми возможностями","УБИ.1 Угроза утечки информации;
УБИ.2 Угроза несанкционированного доступа;
УБИ.3 Угроза несанкционированной модификации (искажения);
УБИ.5 Угроза удаления информационных ресурсов;
УБИ.8 Угроза нарушения функционирования (работоспособности);
УБИ.10 Угроза распространения противоправной информации;
УБИ.11 Угроза несанкционированного массового сбора информации;
УБИ.9 Угроза получения информационных ресурсов из недоверенного или скомпрометированного источника","АВЗ.1.5 Проверка в масштабе времени, близком к реальному, объектов (файлов) из внешних источников (съемных машинных носителей информации, сетевых подключений, в том числе к сетям общего пользования, и других внешних источников) при загрузке, открытии или исполнении таких файлов;
ЗИС.17.2 Обеспечить мониторинг и контроль использования сети Интернет для всех средств вычислительной техники, расположенных в группах сегментов вычислительной сети организации, предназначенных для обработки и (или) хранения информации конфиденциального характера, и для всех учетных записей, используемых для осуществления доступа к сети Интернет;
АВЗ.1.1 Применение средств антивирусной защиты на автоматизированных рабочих местах, серверах, периметральных средствах защиты информации (средствах межсетевого экранирования, прокси-серверах, почтовых шлюзах и других средствах защиты информации), мобильных технических средствах и иных точках доступа в информационной системе, подверженных внедрению (заражению) вредоносными компьютерными программами (вирусами) через съемные машинные носители информации или сетевые подключения, в том числе к сетям общего пользования (вложения электронной почты, веб- и другие сетевые сервисы) ;
ЗИС.17.1 Мониторинг и контроль использования сервисов электронной почты (в том числе с использованием web-интерфейса) при передаче информации на внешние адреса электронной почты для всего трафика электронной почты и для всех учетных записей сервисов электронной почты ;
ЗИС.18.1 Ограничение доступа к сайтам или типам сайтов, запрещенных к использованию;
АВЗ.3.1 Проверку в масштабе времени, близком к реальному, объектов (файлов) архивных, исполняемых и зашифрованных при загрузке, открытии или исполнении таких файлов.;
ЗИС.7.1 Применение специально созданных (эмулированных) ложных компонентов информационной системы или создание ложных информационных систем, предназначенных для обнаружения, регистрации и анализа действий нарушителей в процессе реализации угроз безопасности информации;
ИПО.1.1 Информирование персонала об угрозах безопасности информации и о правилах безопасной работы;
ИПО.2.1 Обучение персонала правилам безопасной работы;
ИПО.3.1 Проведение практических занятий с персоналом по правилам безопасной работы;
ИПО.4.1 Контроль осведомленности персонала об угрозах безопасности информации и о правилах безопасной работы;
АВЗ.1.6 Оповещение администраторов безопасности в масштабе времени, близком к реальному, об обнаружении вредоносных компьютерных программ (вирусов);
АВЗ.1.7 Определение и выполнение действий по реагированию на обнаружение в информационной системе объектов, подвергшихся заражению вредоносными компьютерными программами (вирусами) ;
ЗИС.23.1 Определение перечня мобильного кода и технологий мобильного кода разрешенных и (или) запрещенных для использования в информационной системе;
ЗИС.23.2 Определение разрешенных мест распространения (серверы информационной системы) и использования мобильного кода (автоматизированные рабочие места, мобильные технические средства информационной системы) и функций информационной системы, для которых необходимо применение технологии мобильного кода;
ЗИС.23.3 Регистрация и анализ событий, связанных с разработкой, приобретением или внедрением технологии мобильного кода;
ЗИС.23.4 Исключение возможности использования запрещенного мобильного кода в информационной системе, а также внедрение мобильного кода в местах, не разрешенных для его установки",Данные уточняются,Данные уточняются,Данные уточняются,Данные уточняются,Данные уточняются
СП.13.4,Почтовый фишинг,СП.13 Реализация социальной инженерии ,"В.1 Нарушитель, обладающий базовыми возможностями","УБИ.1 Угроза утечки информации;
УБИ.2 Угроза несанкционированного доступа;
УБИ.3 Угроза несанкционированной модификации (искажения);
УБИ.5 Угроза удаления информационных ресурсов;
УБИ.8 Угроза нарушения функционирования (работоспособности);
УБИ.10 Угроза распространения противоправной информации;
УБИ.11 Угроза несанкционированного массового сбора информации;
УБИ.9 Угроза получения информационных ресурсов из недоверенного или скомпрометированного источника","ОЦЛ.4.2 Вводимые данные должны проверяться на наличие конструкций, которые могут быть интерпретированы программно-техническими средствами информационной системы как исполняемые команды;
АВЗ.1.5 Проверка в масштабе времени, близком к реальному, объектов (файлов) из внешних источников (съемных машинных носителей информации, сетевых подключений, в том числе к сетям общего пользования, и других внешних источников) при загрузке, открытии или исполнении таких файлов;
ЗИС.17.2 Обеспечить мониторинг и контроль использования сети Интернет для всех средств вычислительной техники, расположенных в группах сегментов вычислительной сети организации, предназначенных для обработки и (или) хранения информации конфиденциального характера, и для всех учетных записей, используемых для осуществления доступа к сети Интернет;
АВЗ.1.1 Применение средств антивирусной защиты на автоматизированных рабочих местах, серверах, периметральных средствах защиты информации (средствах межсетевого экранирования, прокси-серверах, почтовых шлюзах и других средствах защиты информации), мобильных технических средствах и иных точках доступа в информационной системе, подверженных внедрению (заражению) вредоносными компьютерными программами (вирусами) через съемные машинные носители информации или сетевые подключения, в том числе к сетям общего пользования (вложения электронной почты, веб- и другие сетевые сервисы) ;
АВЗ.2.1 Применение средств антивирусной защиты на прокси-серверах, почтовых шлюза, почтовых серверах и иных точках доступа в информационную систему, подверженных внедрению (заражению) вредоносными компьютерными программами (вирусами) через съемные машинные носители информации или сетевые подключения, в том числе к сетям общего пользования (вложения электронной почты, веб- и другие сетевые сервисы);
ЗИС.15.1 Реализация электронного почтового обмена с внешними сетями через ограниченное количество контролируемых точек;
ЗИС.16.1 Обнаружение и реагирование на поступление незапрашиваемых электронных сообщений (писем, документов) и иной информации, не относящихся к функционированию информационной системы (защита от спама);
ЗИС.17.1 Мониторинг и контроль использования сервисов электронной почты (в том числе с использованием web-интерфейса) при передаче информации на внешние адреса электронной почты для всего трафика электронной почты и для всех учетных записей сервисов электронной почты ;
ЗИС.18.1 Ограничение доступа к сайтам или типам сайтов, запрещенных к использованию;
АВЗ.3.1 Проверку в масштабе времени, близком к реальному, объектов (файлов) архивных, исполняемых и зашифрованных при загрузке, открытии или исполнении таких файлов.;
ЗИС.7.1 Применение специально созданных (эмулированных) ложных компонентов информационной системы или создание ложных информационных систем, предназначенных для обнаружения, регистрации и анализа действий нарушителей в процессе реализации угроз безопасности информации;
ИПО.1.1 Информирование персонала об угрозах безопасности информации и о правилах безопасной работы;
ИПО.2.1 Обучение персонала правилам безопасной работы;
ИПО.3.1 Проведение практических занятий с персоналом по правилам безопасной работы;
ИПО.4.1 Контроль осведомленности персонала об угрозах безопасности информации и о правилах безопасной работы;
АВЗ.1.6 Оповещение администраторов безопасности в масштабе времени, близком к реальному, об обнаружении вредоносных компьютерных программ (вирусов);
АВЗ.1.7 Определение и выполнение действий по реагированию на обнаружение в информационной системе объектов, подвергшихся заражению вредоносными компьютерными программами (вирусами) ;
ОЦЛ.4.1 Контроль точности, полноты и правильности данных, вводимых в информационную систему, обеспечивается путем установления и проверки соблюдения форматов ввода данных, синтаксических, семантических и (или) иных правил ввода информации в информационную систему (допустимые наборы символов, размерность, область числовых значений, допустимые значения, количество символов) для подтверждения того, что ввод информации соответствует заданному оператором формату и содержанию.",Данные уточняются,Данные уточняются,Данные уточняются,Данные уточняются,Данные уточняются
СП.13.5,Рассылка SMS или сообщений в мессенджерах,СП.13 Реализация социальной инженерии ,"В.1 Нарушитель, обладающий базовыми возможностями","УБИ.1 Угроза утечки информации;
УБИ.2 Угроза несанкционированного доступа;
УБИ.3 Угроза несанкционированной модификации (искажения);
УБИ.5 Угроза удаления информационных ресурсов;
УБИ.8 Угроза нарушения функционирования (работоспособности);
УБИ.10 Угроза распространения противоправной информации;
УБИ.11 Угроза несанкционированного массового сбора информации;
УБИ.9 Угроза получения информационных ресурсов из недоверенного или скомпрометированного источника","АВЗ.1.5 Проверка в масштабе времени, близком к реальному, объектов (файлов) из внешних источников (съемных машинных носителей информации, сетевых подключений, в том числе к сетям общего пользования, и других внешних источников) при загрузке, открытии или исполнении таких файлов;
ЗИС.17.2 Обеспечить мониторинг и контроль использования сети Интернет для всех средств вычислительной техники, расположенных в группах сегментов вычислительной сети организации, предназначенных для обработки и (или) хранения информации конфиденциального характера, и для всех учетных записей, используемых для осуществления доступа к сети Интернет;
АВЗ.1.1 Применение средств антивирусной защиты на автоматизированных рабочих местах, серверах, периметральных средствах защиты информации (средствах межсетевого экранирования, прокси-серверах, почтовых шлюзах и других средствах защиты информации), мобильных технических средствах и иных точках доступа в информационной системе, подверженных внедрению (заражению) вредоносными компьютерными программами (вирусами) через съемные машинные носители информации или сетевые подключения, в том числе к сетям общего пользования (вложения электронной почты, веб- и другие сетевые сервисы) ;
АВЗ.2.1 Применение средств антивирусной защиты на прокси-серверах, почтовых шлюза, почтовых серверах и иных точках доступа в информационную систему, подверженных внедрению (заражению) вредоносными компьютерными программами (вирусами) через съемные машинные носители информации или сетевые подключения, в том числе к сетям общего пользования (вложения электронной почты, веб- и другие сетевые сервисы);
ЗИС.17.1 Мониторинг и контроль использования сервисов электронной почты (в том числе с использованием web-интерфейса) при передаче информации на внешние адреса электронной почты для всего трафика электронной почты и для всех учетных записей сервисов электронной почты ;
ЗИС.18.1 Ограничение доступа к сайтам или типам сайтов, запрещенных к использованию;
АВЗ.3.1 Проверку в масштабе времени, близком к реальному, объектов (файлов) архивных, исполняемых и зашифрованных при загрузке, открытии или исполнении таких файлов.;
ЗИС.7.1 Применение специально созданных (эмулированных) ложных компонентов информационной системы или создание ложных информационных систем, предназначенных для обнаружения, регистрации и анализа действий нарушителей в процессе реализации угроз безопасности информации;
ИПО.1.1 Информирование персонала об угрозах безопасности информации и о правилах безопасной работы;
ИПО.2.1 Обучение персонала правилам безопасной работы;
ИПО.3.1 Проведение практических занятий с персоналом по правилам безопасной работы;
ИПО.4.1 Контроль осведомленности персонала об угрозах безопасности информации и о правилах безопасной работы;
АВЗ.1.6 Оповещение администраторов безопасности в масштабе времени, близком к реальному, об обнаружении вредоносных компьютерных программ (вирусов);
АВЗ.1.7 Определение и выполнение действий по реагированию на обнаружение в информационной системе объектов, подвергшихся заражению вредоносными компьютерными программами (вирусами) ",Данные уточняются,Данные уточняются,Данные уточняются,Данные уточняются,Данные уточняются
СП.13.6,Атака путем звонка по телефону,СП.13 Реализация социальной инженерии ,"В.1 Нарушитель, обладающий базовыми возможностями","УБИ.1 Угроза утечки информации;
УБИ.2 Угроза несанкционированного доступа;
УБИ.3 Угроза несанкционированной модификации (искажения);
УБИ.5 Угроза удаления информационных ресурсов;
УБИ.8 Угроза нарушения функционирования (работоспособности);
УБИ.10 Угроза распространения противоправной информации;
УБИ.11 Угроза несанкционированного массового сбора информации;
УБИ.9 Угроза получения информационных ресурсов из недоверенного или скомпрометированного источника","ИПО.1.1 Информирование персонала об угрозах безопасности информации и о правилах безопасной работы;
ИПО.2.1 Обучение персонала правилам безопасной работы;
ИПО.3.1 Проведение практических занятий с персоналом по правилам безопасной работы;
ИПО.4.1 Контроль осведомленности персонала об угрозах безопасности информации и о правилах безопасной работы",Данные уточняются,Данные уточняются,Данные уточняются,Данные уточняются,Данные уточняются
СП.13.7,Атака с использованием Deepfake,СП.13 Реализация социальной инженерии ,"В.2 Нарушитель, обладающий базовыми повышенными возможностями","УБИ.1 Угроза утечки информации;
УБИ.2 Угроза несанкционированного доступа;
УБИ.3 Угроза несанкционированной модификации (искажения);
УБИ.5 Угроза удаления информационных ресурсов;
УБИ.8 Угроза нарушения функционирования (работоспособности);
УБИ.10 Угроза распространения противоправной информации;
УБИ.11 Угроза несанкционированного массового сбора информации;
УБИ.9 Угроза получения информационных ресурсов из недоверенного или скомпрометированного источника","ИПО.1.1 Информирование персонала об угрозах безопасности информации и о правилах безопасной работы;
ИПО.2.1 Обучение персонала правилам безопасной работы;
ИПО.3.1 Проведение практических занятий с персоналом по правилам безопасной работы;
ИПО.4.1 Контроль осведомленности персонала об угрозах безопасности информации и о правилах безопасной работы",Данные уточняются,Данные уточняются,Данные уточняются,Данные уточняются,Данные уточняются
СП.13.8,Подброс съемных устройств,СП.13 Реализация социальной инженерии ,"В.1 Нарушитель, обладающий базовыми возможностями","УБИ.1 Угроза утечки информации;
УБИ.2 Угроза несанкционированного доступа;
УБИ.3 Угроза несанкционированной модификации (искажения);
УБИ.5 Угроза удаления информационных ресурсов;
УБИ.8 Угроза нарушения функционирования (работоспособности);
УБИ.10 Угроза распространения противоправной информации;
УБИ.11 Угроза несанкционированного массового сбора информации;
УБИ.9 Угроза получения информационных ресурсов из недоверенного или скомпрометированного источника","ЗНИ.7.3 Запрет подключения носителей информации, подключение которых к информационной системе не разрешено;
ИПО.1.1 Информирование персонала об угрозах безопасности информации и о правилах безопасной работы;
ИПО.2.1 Обучение персонала правилам безопасной работы;
ИПО.3.1 Проведение практических занятий с персоналом по правилам безопасной работы;
ИПО.4.1 Контроль осведомленности персонала об угрозах безопасности информации и о правилах безопасной работы;
ЗНИ.7.4 Регистрация действий пользователей и событий по подключению к информационной системе носителей;
ЗИС.17.5 Мониторинг, контроль, блокирование копирования информации на переносные носители информации для всех средств вычислительной техники, мобильных устройств",Данные уточняются,Данные уточняются,Данные уточняются,Данные уточняются,Данные уточняются
СП.14.1,"Атака типа ""отказ в обслуживании"" в прикладном программном обеспечении (web-приложения, почтовые сервисы и иные)","СП.14 Атака типа ""отказ в обслуживании""","В.2 Нарушитель, обладающий базовыми повышенными возможностями","УБИ.5 Угроза удаления информационных ресурсов;
УБИ.6 Угроза отказа в обслуживании","УПД.6.2 Блокирование устройства, с которого предпринимаются попытки доступа, и (или) учетной записи пользователя при превышении пользователем ограничения количества неуспешных попыток входа;
ОПО.1.1 Проведение поиска и получение обновлений программного обеспечения от доверенного источника;
ОПО.2.1 Проведение проверки целостности программного обеспечения путем сверки контрольных сумм, предоставляемых разработчиком;
СОВ.1.1 Обнаружение (предотвращение) вторжений (компьютерных атак), направленных на преднамеренный несанкционированный доступ к информации, специальные воздействия на информацию (носители информации) в целях ее добывания, уничтожения, искажения и блокирования доступа к ней, с использованием систем обнаружения вторжений ;
ОДТ.2.1 Определение сегментов информационной системы, в которых должно осуществляться резервирование технических средств, программного обеспечения, каналов передачи информации и средств обеспечения функционирования, а также перечня резервируемых средств исходя из требуемых условий обеспечения непрерывности функционирования информационной системы и доступности информации, установленных оператором;
ОДТ.2.2 Применение резервных (дублирующих) технических средств, программного обеспечения, каналов передачи информации и (или) средств обеспечения функционирования информационной системы, обеспечивающих требуемые условия непрерывности функционирования информационной системы и доступности информации ;
ОДТ.2.3 Ввод в действие резервного технического средства, программного обеспечения, канала передачи информации или средства обеспечения функционирования при нарушении требуемых условий непрерывности функционирования информационной системы и доступности информации ;
ЗИС.34.2 Резервирование информации и технических средств, программного обеспечения, каналов передачи информации",Данные уточняются,Данные уточняются,Данные уточняются,Данные уточняются,Данные уточняются
СП.14.2,"Атака типа ""отказ в обслуживании"" на канал передачи данных (атаки фрагментированными пакетами, smurf- атаки, SYN-flood)","СП.14 Атака типа ""отказ в обслуживании""","В.1 Нарушитель, обладающий базовыми возможностями","УБИ.5 Угроза удаления информационных ресурсов;
УБИ.6 Угроза отказа в обслуживании","ОПО.1.1 Проведение поиска и получение обновлений программного обеспечения от доверенного источника;
ОПО.2.1 Проведение проверки целостности программного обеспечения путем сверки контрольных сумм, предоставляемых разработчиком;
СОВ.1.1 Обнаружение (предотвращение) вторжений (компьютерных атак), направленных на преднамеренный несанкционированный доступ к информации, специальные воздействия на информацию (носители информации) в целях ее добывания, уничтожения, искажения и блокирования доступа к ней, с использованием систем обнаружения вторжений ;
ОДТ.2.1 Определение сегментов информационной системы, в которых должно осуществляться резервирование технических средств, программного обеспечения, каналов передачи информации и средств обеспечения функционирования, а также перечня резервируемых средств исходя из требуемых условий обеспечения непрерывности функционирования информационной системы и доступности информации, установленных оператором;
ОДТ.2.2 Применение резервных (дублирующих) технических средств, программного обеспечения, каналов передачи информации и (или) средств обеспечения функционирования информационной системы, обеспечивающих требуемые условия непрерывности функционирования информационной системы и доступности информации ;
ОДТ.2.3 Ввод в действие резервного технического средства, программного обеспечения, канала передачи информации или средства обеспечения функционирования при нарушении требуемых условий непрерывности функционирования информационной системы и доступности информации ;
ЗИС.34.2 Резервирование информации и технических средств, программного обеспечения, каналов передачи информации;
ЗИС.34.1 Повышение характеристик производительности телекоммуникационного оборудования и каналов передачи",Данные уточняются,Данные уточняются,Данные уточняются,Данные уточняются,Данные уточняются
СП.14.3,"Распределенная атака типа ""отказ в обслуживании"" на канал передачи данных","СП.14 Атака типа ""отказ в обслуживании""","В.2 Нарушитель, обладающий базовыми повышенными возможностями","УБИ.5 Угроза удаления информационных ресурсов;
УБИ.6 Угроза отказа в обслуживании","ОПО.1.1 Проведение поиска и получение обновлений программного обеспечения от доверенного источника;
ОПО.2.1 Проведение проверки целостности программного обеспечения путем сверки контрольных сумм, предоставляемых разработчиком;
СОВ.1.1 Обнаружение (предотвращение) вторжений (компьютерных атак), направленных на преднамеренный несанкционированный доступ к информации, специальные воздействия на информацию (носители информации) в целях ее добывания, уничтожения, искажения и блокирования доступа к ней, с использованием систем обнаружения вторжений ;
ОДТ.2.1 Определение сегментов информационной системы, в которых должно осуществляться резервирование технических средств, программного обеспечения, каналов передачи информации и средств обеспечения функционирования, а также перечня резервируемых средств исходя из требуемых условий обеспечения непрерывности функционирования информационной системы и доступности информации, установленных оператором;
ОДТ.2.2 Применение резервных (дублирующих) технических средств, программного обеспечения, каналов передачи информации и (или) средств обеспечения функционирования информационной системы, обеспечивающих требуемые условия непрерывности функционирования информационной системы и доступности информации ;
ОДТ.2.3 Ввод в действие резервного технического средства, программного обеспечения, канала передачи информации или средства обеспечения функционирования при нарушении требуемых условий непрерывности функционирования информационной системы и доступности информации ;
ЗИС.34.2 Резервирование информации и технических средств, программного обеспечения, каналов передачи информации;
ЗИС.34.1 Повышение характеристик производительности телекоммуникационного оборудования и каналов передачи",Данные уточняются,Данные уточняются,Данные уточняются,Данные уточняются,Данные уточняются
СП.14.4,"Распределенная атака типа ""отказ в обслуживании"" в прикладном программном обеспечении","СП.14 Атака типа ""отказ в обслуживании""","В.2 Нарушитель, обладающий базовыми повышенными возможностями","УБИ.5 Угроза удаления информационных ресурсов;
УБИ.6 Угроза отказа в обслуживании","УПД.6.2 Блокирование устройства, с которого предпринимаются попытки доступа, и (или) учетной записи пользователя при превышении пользователем ограничения количества неуспешных попыток входа;
ОПО.1.1 Проведение поиска и получение обновлений программного обеспечения от доверенного источника;
ОПО.2.1 Проведение проверки целостности программного обеспечения путем сверки контрольных сумм, предоставляемых разработчиком;
СОВ.1.1 Обнаружение (предотвращение) вторжений (компьютерных атак), направленных на преднамеренный несанкционированный доступ к информации, специальные воздействия на информацию (носители информации) в целях ее добывания, уничтожения, искажения и блокирования доступа к ней, с использованием систем обнаружения вторжений ;
ОДТ.2.1 Определение сегментов информационной системы, в которых должно осуществляться резервирование технических средств, программного обеспечения, каналов передачи информации и средств обеспечения функционирования, а также перечня резервируемых средств исходя из требуемых условий обеспечения непрерывности функционирования информационной системы и доступности информации, установленных оператором;
ОДТ.2.2 Применение резервных (дублирующих) технических средств, программного обеспечения, каналов передачи информации и (или) средств обеспечения функционирования информационной системы, обеспечивающих требуемые условия непрерывности функционирования информационной системы и доступности информации ;
ОДТ.2.3 Ввод в действие резервного технического средства, программного обеспечения, канала передачи информации или средства обеспечения функционирования при нарушении требуемых условий непрерывности функционирования информационной системы и доступности информации ;
ЗИС.34.2 Резервирование информации и технических средств, программного обеспечения, каналов передачи информации",Данные уточняются,Данные уточняются,Данные уточняются,Данные уточняются,Данные уточняются
СП.14.5,Остановка сервиса,"СП.14 Атака типа ""отказ в обслуживании""","В.2 Нарушитель, обладающий базовыми повышенными возможностями","УБИ.5 Угроза удаления информационных ресурсов;
УБИ.6 Угроза отказа в обслуживании","УПД.1.9 Предоставление пользователям прав доступа к объектам доступа, основываясь на задачах, решаемых пользователями;
ЗТС.3.1 Контроль и управление физическим доступом к техническим средствам, средствам защиты информации, средствам обеспечения функционирования, а также в помещения и сооружения, в которых они установлены, исключающие несанкционированный физический доступ к средствам обработки информации, средствам защиты информации и средствам обеспечения функционирования информационной системы и помещения и сооружения, в которых они установлены;
ИАФ.5.1 Обеспечение однозначной идентификации и аутентификации пользователей для всех видов доступа, кроме тех видов доступа, которые определяются как действия, разрешенные до идентификации и аутентификации. ;
АВЗ.1.5 Проверка в масштабе времени, близком к реальному, объектов (файлов) из внешних источников (съемных машинных носителей информации, сетевых подключений, в том числе к сетям общего пользования, и других внешних источников) при загрузке, открытии или исполнении таких файлов;
АВЗ.1.1 Применение средств антивирусной защиты на автоматизированных рабочих местах, серверах, периметральных средствах защиты информации (средствах межсетевого экранирования, прокси-серверах, почтовых шлюзах и других средствах защиты информации), мобильных технических средствах и иных точках доступа в информационной системе, подверженных внедрению (заражению) вредоносными компьютерными программами (вирусами) через съемные машинные носители информации или сетевые подключения, в том числе к сетям общего пользования (вложения электронной почты, веб- и другие сетевые сервисы) ;
АВЗ.2.1 Применение средств антивирусной защиты на прокси-серверах, почтовых шлюза, почтовых серверах и иных точках доступа в информационную систему, подверженных внедрению (заражению) вредоносными компьютерными программами (вирусами) через съемные машинные носители информации или сетевые подключения, в том числе к сетям общего пользования (вложения электронной почты, веб- и другие сетевые сервисы);
ОПС.1.3 Ограничение запуска компонентов программного обеспечения от имени администраторов безопасности;
АВЗ.3.1 Проверку в масштабе времени, близком к реальному, объектов (файлов) архивных, исполняемых и зашифрованных при загрузке, открытии или исполнении таких файлов.;
ОПО.1.1 Проведение поиска и получение обновлений программного обеспечения от доверенного источника;
ОПО.2.1 Проведение проверки целостности программного обеспечения путем сверки контрольных сумм, предоставляемых разработчиком;
СОВ.1.1 Обнаружение (предотвращение) вторжений (компьютерных атак), направленных на преднамеренный несанкционированный доступ к информации, специальные воздействия на информацию (носители информации) в целях ее добывания, уничтожения, искажения и блокирования доступа к ней, с использованием систем обнаружения вторжений ;
ЗТС.2.1 Обеспечение контролируемой зоны, в пределах которой постоянно размещаются стационарные технические средства, обрабатывающие информацию, и средства защиты информации, а также средства обеспечения функционирования;
ОПС.1.1 Определение перечня (списка) компонентов программного обеспечения (файлов, объектов баз данных, хранимых процедур и иных компонентов), запускаемых автоматически при загрузке операционной системы средства вычислительной техники;
ОПС.1.2 Разрешение запуска компонентов программного обеспечения, включенных в перечень (список) программного обеспечения, запускаемого автоматически при загрузке операционной системы средства вычислительной техники;
АВЗ.1.4 Проведение периодических проверок компонентов информационной системы (автоматизированных рабочих мест, серверов, других средств вычислительной техники) на наличие вредоносных компьютерных программ (вирусов);
АВЗ.1.6 Оповещение администраторов безопасности в масштабе времени, близком к реальному, об обнаружении вредоносных компьютерных программ (вирусов);
АВЗ.1.7 Определение и выполнение действий по реагированию на обнаружение в информационной системе объектов, подвергшихся заражению вредоносными компьютерными программами (вирусами) ;
ИАФ.1.1 Аутентификация пользователей с применением логина и пароля;
ИАФ.1.2 Аутентификация пользователей с применением аппаратных средств (токенов);
ИАФ.1.3 Аутентификация пользователей с применением одноразовых паролей;
ИАФ.1.4 Многофакторная (двухфакторная) аутентификация пользователей",Данные уточняются,Данные уточняются,Данные уточняются,Данные уточняются,Данные уточняются
СП.14.6,Перезагрузка или выключение сервера,"СП.14 Атака типа ""отказ в обслуживании""","В.2 Нарушитель, обладающий базовыми повышенными возможностями","УБИ.5 Угроза удаления информационных ресурсов;
УБИ.6 Угроза отказа в обслуживании","УПД.1.9 Предоставление пользователям прав доступа к объектам доступа, основываясь на задачах, решаемых пользователями;
ЗТС.3.1 Контроль и управление физическим доступом к техническим средствам, средствам защиты информации, средствам обеспечения функционирования, а также в помещения и сооружения, в которых они установлены, исключающие несанкционированный физический доступ к средствам обработки информации, средствам защиты информации и средствам обеспечения функционирования информационной системы и помещения и сооружения, в которых они установлены;
ИАФ.5.1 Обеспечение однозначной идентификации и аутентификации пользователей для всех видов доступа, кроме тех видов доступа, которые определяются как действия, разрешенные до идентификации и аутентификации. ;
АВЗ.1.5 Проверка в масштабе времени, близком к реальному, объектов (файлов) из внешних источников (съемных машинных носителей информации, сетевых подключений, в том числе к сетям общего пользования, и других внешних источников) при загрузке, открытии или исполнении таких файлов;
АВЗ.1.1 Применение средств антивирусной защиты на автоматизированных рабочих местах, серверах, периметральных средствах защиты информации (средствах межсетевого экранирования, прокси-серверах, почтовых шлюзах и других средствах защиты информации), мобильных технических средствах и иных точках доступа в информационной системе, подверженных внедрению (заражению) вредоносными компьютерными программами (вирусами) через съемные машинные носители информации или сетевые подключения, в том числе к сетям общего пользования (вложения электронной почты, веб- и другие сетевые сервисы) ;
АВЗ.2.1 Применение средств антивирусной защиты на прокси-серверах, почтовых шлюза, почтовых серверах и иных точках доступа в информационную систему, подверженных внедрению (заражению) вредоносными компьютерными программами (вирусами) через съемные машинные носители информации или сетевые подключения, в том числе к сетям общего пользования (вложения электронной почты, веб- и другие сетевые сервисы);
ОПС.1.3 Ограничение запуска компонентов программного обеспечения от имени администраторов безопасности;
АВЗ.3.1 Проверку в масштабе времени, близком к реальному, объектов (файлов) архивных, исполняемых и зашифрованных при загрузке, открытии или исполнении таких файлов.;
ОПО.1.1 Проведение поиска и получение обновлений программного обеспечения от доверенного источника;
ОПО.2.1 Проведение проверки целостности программного обеспечения путем сверки контрольных сумм, предоставляемых разработчиком;
СОВ.1.1 Обнаружение (предотвращение) вторжений (компьютерных атак), направленных на преднамеренный несанкционированный доступ к информации, специальные воздействия на информацию (носители информации) в целях ее добывания, уничтожения, искажения и блокирования доступа к ней, с использованием систем обнаружения вторжений ;
ЗТС.2.1 Обеспечение контролируемой зоны, в пределах которой постоянно размещаются стационарные технические средства, обрабатывающие информацию, и средства защиты информации, а также средства обеспечения функционирования;
ОПС.1.1 Определение перечня (списка) компонентов программного обеспечения (файлов, объектов баз данных, хранимых процедур и иных компонентов), запускаемых автоматически при загрузке операционной системы средства вычислительной техники;
ОПС.1.2 Разрешение запуска компонентов программного обеспечения, включенных в перечень (список) программного обеспечения, запускаемого автоматически при загрузке операционной системы средства вычислительной техники;
АВЗ.1.4 Проведение периодических проверок компонентов информационной системы (автоматизированных рабочих мест, серверов, других средств вычислительной техники) на наличие вредоносных компьютерных программ (вирусов);
АВЗ.1.6 Оповещение администраторов безопасности в масштабе времени, близком к реальному, об обнаружении вредоносных компьютерных программ (вирусов);
АВЗ.1.7 Определение и выполнение действий по реагированию на обнаружение в информационной системе объектов, подвергшихся заражению вредоносными компьютерными программами (вирусами) ;
ОДТ.2.1 Определение сегментов информационной системы, в которых должно осуществляться резервирование технических средств, программного обеспечения, каналов передачи информации и средств обеспечения функционирования, а также перечня резервируемых средств исходя из требуемых условий обеспечения непрерывности функционирования информационной системы и доступности информации, установленных оператором;
ОДТ.2.2 Применение резервных (дублирующих) технических средств, программного обеспечения, каналов передачи информации и (или) средств обеспечения функционирования информационной системы, обеспечивающих требуемые условия непрерывности функционирования информационной системы и доступности информации ;
ОДТ.2.3 Ввод в действие резервного технического средства, программного обеспечения, канала передачи информации или средства обеспечения функционирования при нарушении требуемых условий непрерывности функционирования информационной системы и доступности информации ;
ИАФ.1.1 Аутентификация пользователей с применением логина и пароля;
ИАФ.1.2 Аутентификация пользователей с применением аппаратных средств (токенов);
ИАФ.1.3 Аутентификация пользователей с применением одноразовых паролей;
ИАФ.1.4 Многофакторная (двухфакторная) аутентификация пользователей",Данные уточняются,Данные уточняются,Данные уточняются,Данные уточняются,Данные уточняются
СП.14.7,Блокировка пользователей,"СП.14 Атака типа ""отказ в обслуживании""","В.2 Нарушитель, обладающий базовыми повышенными возможностями",УБИ.6 Угроза отказа в обслуживании,"УПД.1.9 Предоставление пользователям прав доступа к объектам доступа, основываясь на задачах, решаемых пользователями;
ЗТС.3.1 Контроль и управление физическим доступом к техническим средствам, средствам защиты информации, средствам обеспечения функционирования, а также в помещения и сооружения, в которых они установлены, исключающие несанкционированный физический доступ к средствам обработки информации, средствам защиты информации и средствам обеспечения функционирования информационной системы и помещения и сооружения, в которых они установлены;
ИАФ.5.1 Обеспечение однозначной идентификации и аутентификации пользователей для всех видов доступа, кроме тех видов доступа, которые определяются как действия, разрешенные до идентификации и аутентификации. ;
АВЗ.1.5 Проверка в масштабе времени, близком к реальному, объектов (файлов) из внешних источников (съемных машинных носителей информации, сетевых подключений, в том числе к сетям общего пользования, и других внешних источников) при загрузке, открытии или исполнении таких файлов;
АВЗ.1.1 Применение средств антивирусной защиты на автоматизированных рабочих местах, серверах, периметральных средствах защиты информации (средствах межсетевого экранирования, прокси-серверах, почтовых шлюзах и других средствах защиты информации), мобильных технических средствах и иных точках доступа в информационной системе, подверженных внедрению (заражению) вредоносными компьютерными программами (вирусами) через съемные машинные носители информации или сетевые подключения, в том числе к сетям общего пользования (вложения электронной почты, веб- и другие сетевые сервисы) ;
АВЗ.2.1 Применение средств антивирусной защиты на прокси-серверах, почтовых шлюза, почтовых серверах и иных точках доступа в информационную систему, подверженных внедрению (заражению) вредоносными компьютерными программами (вирусами) через съемные машинные носители информации или сетевые подключения, в том числе к сетям общего пользования (вложения электронной почты, веб- и другие сетевые сервисы);
ОПС.1.3 Ограничение запуска компонентов программного обеспечения от имени администраторов безопасности;
АВЗ.3.1 Проверку в масштабе времени, близком к реальному, объектов (файлов) архивных, исполняемых и зашифрованных при загрузке, открытии или исполнении таких файлов.;
ОПО.1.1 Проведение поиска и получение обновлений программного обеспечения от доверенного источника;
ОПО.2.1 Проведение проверки целостности программного обеспечения путем сверки контрольных сумм, предоставляемых разработчиком;
ЗТС.2.1 Обеспечение контролируемой зоны, в пределах которой постоянно размещаются стационарные технические средства, обрабатывающие информацию, и средства защиты информации, а также средства обеспечения функционирования;
ОПС.1.1 Определение перечня (списка) компонентов программного обеспечения (файлов, объектов баз данных, хранимых процедур и иных компонентов), запускаемых автоматически при загрузке операционной системы средства вычислительной техники;
ОПС.1.2 Разрешение запуска компонентов программного обеспечения, включенных в перечень (список) программного обеспечения, запускаемого автоматически при загрузке операционной системы средства вычислительной техники;
АВЗ.1.4 Проведение периодических проверок компонентов информационной системы (автоматизированных рабочих мест, серверов, других средств вычислительной техники) на наличие вредоносных компьютерных программ (вирусов);
АВЗ.1.6 Оповещение администраторов безопасности в масштабе времени, близком к реальному, об обнаружении вредоносных компьютерных программ (вирусов);
АВЗ.1.7 Определение и выполнение действий по реагированию на обнаружение в информационной системе объектов, подвергшихся заражению вредоносными компьютерными программами (вирусами) ;
ИАФ.1.1 Аутентификация пользователей с применением логина и пароля;
ИАФ.1.2 Аутентификация пользователей с применением аппаратных средств (токенов);
ИАФ.1.3 Аутентификация пользователей с применением одноразовых паролей;
ИАФ.1.4 Многофакторная (двухфакторная) аутентификация пользователей",Данные уточняются,Данные уточняются,Данные уточняются,Данные уточняются,Данные уточняются
СП.14.8,Множественный запуск программного обеспечения,"СП.14 Атака типа ""отказ в обслуживании""","В.2 Нарушитель, обладающий базовыми повышенными возможностями","УБИ.5 Угроза удаления информационных ресурсов;
УБИ.6 Угроза отказа в обслуживании;
УБИ.8 Угроза нарушения функционирования (работоспособности)","УПД.1.9 Предоставление пользователям прав доступа к объектам доступа, основываясь на задачах, решаемых пользователями;
ЗТС.3.1 Контроль и управление физическим доступом к техническим средствам, средствам защиты информации, средствам обеспечения функционирования, а также в помещения и сооружения, в которых они установлены, исключающие несанкционированный физический доступ к средствам обработки информации, средствам защиты информации и средствам обеспечения функционирования информационной системы и помещения и сооружения, в которых они установлены;
ИАФ.5.1 Обеспечение однозначной идентификации и аутентификации пользователей для всех видов доступа, кроме тех видов доступа, которые определяются как действия, разрешенные до идентификации и аутентификации. ;
АВЗ.1.5 Проверка в масштабе времени, близком к реальному, объектов (файлов) из внешних источников (съемных машинных носителей информации, сетевых подключений, в том числе к сетям общего пользования, и других внешних источников) при загрузке, открытии или исполнении таких файлов;
АВЗ.1.1 Применение средств антивирусной защиты на автоматизированных рабочих местах, серверах, периметральных средствах защиты информации (средствах межсетевого экранирования, прокси-серверах, почтовых шлюзах и других средствах защиты информации), мобильных технических средствах и иных точках доступа в информационной системе, подверженных внедрению (заражению) вредоносными компьютерными программами (вирусами) через съемные машинные носители информации или сетевые подключения, в том числе к сетям общего пользования (вложения электронной почты, веб- и другие сетевые сервисы) ;
АВЗ.2.1 Применение средств антивирусной защиты на прокси-серверах, почтовых шлюза, почтовых серверах и иных точках доступа в информационную систему, подверженных внедрению (заражению) вредоносными компьютерными программами (вирусами) через съемные машинные носители информации или сетевые подключения, в том числе к сетям общего пользования (вложения электронной почты, веб- и другие сетевые сервисы);
ОПС.1.3 Ограничение запуска компонентов программного обеспечения от имени администраторов безопасности;
АВЗ.3.1 Проверку в масштабе времени, близком к реальному, объектов (файлов) архивных, исполняемых и зашифрованных при загрузке, открытии или исполнении таких файлов.;
ОПО.1.1 Проведение поиска и получение обновлений программного обеспечения от доверенного источника;
ОПО.2.1 Проведение проверки целостности программного обеспечения путем сверки контрольных сумм, предоставляемых разработчиком;
ЗТС.2.1 Обеспечение контролируемой зоны, в пределах которой постоянно размещаются стационарные технические средства, обрабатывающие информацию, и средства защиты информации, а также средства обеспечения функционирования;
ОПС.1.1 Определение перечня (списка) компонентов программного обеспечения (файлов, объектов баз данных, хранимых процедур и иных компонентов), запускаемых автоматически при загрузке операционной системы средства вычислительной техники;
ОПС.1.2 Разрешение запуска компонентов программного обеспечения, включенных в перечень (список) программного обеспечения, запускаемого автоматически при загрузке операционной системы средства вычислительной техники;
АВЗ.1.4 Проведение периодических проверок компонентов информационной системы (автоматизированных рабочих мест, серверов, других средств вычислительной техники) на наличие вредоносных компьютерных программ (вирусов);
АВЗ.1.6 Оповещение администраторов безопасности в масштабе времени, близком к реальному, об обнаружении вредоносных компьютерных программ (вирусов);
АВЗ.1.7 Определение и выполнение действий по реагированию на обнаружение в информационной системе объектов, подвергшихся заражению вредоносными компьютерными программами (вирусами) ;
ИАФ.1.1 Аутентификация пользователей с применением логина и пароля;
ИАФ.1.2 Аутентификация пользователей с применением аппаратных средств (токенов);
ИАФ.1.3 Аутентификация пользователей с применением одноразовых паролей;
ИАФ.1.4 Многофакторная (двухфакторная) аутентификация пользователей",Данные уточняются,Данные уточняются,Данные уточняются,Данные уточняются,Данные уточняются
СП.14.9,Переполнение почтового сервера за счет рассылки спам-сообщений,"СП.14 Атака типа ""отказ в обслуживании""","В.1 Нарушитель, обладающий базовыми возможностями","УБИ.5 Угроза удаления информационных ресурсов;
УБИ.6 Угроза отказа в обслуживании","ЗИС.16.1 Обнаружение и реагирование на поступление незапрашиваемых электронных сообщений (писем, документов) и иной информации, не относящихся к функционированию информационной системы (защита от спама);
АУД.7.1 Мониторинг (просмотр и анализ) записей регистрации (аудита) должен проводиться для всех событий, подлежащих регистрации, и с периодичностью, установленной оператором, и обеспечивающей своевременное выявление признаков инцидентов безопасности в информационной системе;
АУД.7.2 Планирование и проведение мероприятий по реагированию на выявленные инциденты безопасности;
ОЦЛ.4.3 Обнаружение и реагирование на поступление незапрашиваемых электронных сообщений (писем, документов) и иной информации, не относящихся к функционированию информационной системы (защита от спама)",Данные уточняются,Данные уточняются,Данные уточняются,Данные уточняются,Данные уточняются
СП.14.10,"Распределенная атака типа ""отказ в обслуживании"" с использованием усиливающих механизмов","СП.14 Атака типа ""отказ в обслуживании""","В.2 Нарушитель, обладающий базовыми повышенными возможностями","УБИ.6 Угроза отказа в обслуживании;
УБИ.8 Угроза нарушения функционирования (работоспособности)","АУД.2.1 Выявление (поиск) уязвимостей, связанных с ошибками кода в программном (микропрограммном) обеспечении (общесистемном, прикладном, специальном), а также программном обеспечении средств защиты информации, правильностью установки и настройки средств защиты информации, технических средств и программного обеспечения, а также корректностью работы средств защиты информации при их взаимодействии с техническими средствами и программным обеспечением ;
АУД.2.2 Разработка по результатам выявления (поиска) уязвимостей отчетов с описанием выявленных уязвимостей и планом мероприятий по их устранению; анализ отчетов с результатами поиска уязвимостей и оценки достаточности реализованных мер защиты информации ;
АУД.2.3 Устранение выявленных уязвимостей, в том числе путем установки обновлений программного обеспечения средств защиты информации, общесистемного программного обеспечения, прикладного программного обеспечения или микропрограммного обеспечения технических средств ;
АУД.2.4 Информирование должностных лиц оператора (пользователей, администраторов, подразделения по защите информации) о результатах поиска уязвимостей и оценки достаточности реализованных мер защиты информации ;
ЗИС.26.1 Аутентификация сервера, являющегося источником ответов на запросы (сервер доменных имен или DNS\002сервер) по определению сетевых адресов (IP-адресов) по сетевым именам (доменные имена) ;
ЗИС.26.2  Аутентификация сервера, являющегося источником ответов на запросы (кэширующийDNS-сервер) по определению сетевых имен (доменных имен) по сетевым адресам (IP-адресам) ;
ЗИС.2.1 Управление (контроль) входящими в информационную систему и исходящими из информационной системы информационными потоками на физической и (или) логической границе информационной системы (сегментов информационной системы);
ЗИС.35.1 Фильтрация сетевого трафика, в том числе между внешними сетями и внутренними, в том числе при организации сетевого обмена с сетями связи общего пользования;
АУД.5.1 Применение систем анализа сетевого трафика, предназначенных для перехвата потоков данных и обнаружения признаков сложных, чаще всего целевых атак;
ОПО.1.1 Проведение поиска и получение обновлений программного обеспечения от доверенного источника;
СОВ.1.1 Обнаружение (предотвращение) вторжений (компьютерных атак), направленных на преднамеренный несанкционированный доступ к информации, специальные воздействия на информацию (носители информации) в целях ее добывания, уничтожения, искажения и блокирования доступа к ней, с использованием систем обнаружения вторжений ;
АУД.1.2 Контроль состава технических средств, программного обеспечения и средств защиты информации на соответствие сведениям действующей (актуализированной) эксплуатационной документации и принятие мер, направленных на устранение выявленных недостатков;
АУД.7.1 Мониторинг (просмотр и анализ) записей регистрации (аудита) должен проводиться для всех событий, подлежащих регистрации, и с периодичностью, установленной оператором, и обеспечивающей своевременное выявление признаков инцидентов безопасности в информационной системе;
АУД.7.2 Планирование и проведение мероприятий по реагированию на выявленные инциденты безопасности;
АУД.8.1 Предупреждение (сигнализация, индикация) администраторов о сбоях (аппаратных и программных ошибках, сбоях в механизмах сбора информации или переполнения объема (емкости) памяти) при регистрации событий безопасности);
АУД.8.2 Реагирование на сбои при регистрации событий безопасности путем изменения администраторами параметров сбора, записи и хранения информации о событиях безопасности, в том числе отключение записи информации о событиях безопасности от части компонентов информационной системы, запись поверх устаревших хранимых записей событий безопасности;
ОДТ.1.1 Определение сегментов информационной системы, в которых должны применяться отказоустойчивые технические средства, обладающие свойствами сохранять свою работоспособность после отказа одного или нескольких их составных частей, и перечня таких средств исходя из требуемых условий обеспечения непрерывности функционирования информационной системы и доступности информации, установленных оператором;
ОДТ.1.2 Определение предельных (пороговых) значений характеристик (коэффициента) готовности, показывающего, какую долю времени от общего времени работы информационной системы техническое средство (техническое решение) находится в рабочем состоянии, и характеристик надежности (требуемое значение вероятности отказа в единицу времени) исходя из требуемых условий обеспечения непрерывности функционирования информационной системы и доступности информации, установленных оператором;
ОДТ.1.3 Применение в информационной системе технических средств с установленными оператором характеристиками (коэффициентом) готовности и надежности, обеспечивающих требуемые условия непрерывности функционирования информационной системы и доступности информации ;
ОДТ.1.4 Контроль с установленной оператором периодичностью за значениями характеристик (коэффициентов) готовности и надежности технических средств и реагирование на ухудшение значений данных характеристик (инициализация плана восстановления работоспособности и иные методы реагирования) ;
ОДТ.3.1 Контроль безотказного функционирования технических средств, обнаружение и локализация отказов функционирования, принятие мер по восстановлению отказавших средств и их тестирования",Данные уточняются,Данные уточняются,Данные уточняются,Данные уточняются,Данные уточняются
СП.14.11,"Атака типа ""отказ в обслуживании"" сервера путем отправки фрагментированных сетевых запросов без предоставления их завершающих фрагментов","СП.14 Атака типа ""отказ в обслуживании""","В.2 Нарушитель, обладающий базовыми повышенными возможностями","УБИ.6 Угроза отказа в обслуживании;
УБИ.8 Угроза нарушения функционирования (работоспособности)","ОЦЛ.4.2 Вводимые данные должны проверяться на наличие конструкций, которые могут быть интерпретированы программно-техническими средствами информационной системы как исполняемые команды;
ЗИС.35.1 Фильтрация сетевого трафика, в том числе между внешними сетями и внутренними, в том числе при организации сетевого обмена с сетями связи общего пользования;
АУД.5.1 Применение систем анализа сетевого трафика, предназначенных для перехвата потоков данных и обнаружения признаков сложных, чаще всего целевых атак;
ЗИС.35.7 Семантический и статистический анализ сетевого трафика вычислительной сети;
СОВ.1.1 Обнаружение (предотвращение) вторжений (компьютерных атак), направленных на преднамеренный несанкционированный доступ к информации, специальные воздействия на информацию (носители информации) в целях ее добывания, уничтожения, искажения и блокирования доступа к ней, с использованием систем обнаружения вторжений ;
ОЦЛ.4.1 Контроль точности, полноты и правильности данных, вводимых в информационную систему, обеспечивается путем установления и проверки соблюдения форматов ввода данных, синтаксических, семантических и (или) иных правил ввода информации в информационную систему (допустимые наборы символов, размерность, область числовых значений, допустимые значения, количество символов) для подтверждения того, что ввод информации соответствует заданному оператором формату и содержанию.",Данные уточняются,Данные уточняются,Данные уточняются,Данные уточняются,Данные уточняются
СП.15.1,Шифрование данных с применением вирусов-шифровальщиков,СП.15 Шифрование данных,"В.2 Нарушитель, обладающий базовыми повышенными возможностями","УБИ.3 Угроза несанкционированной модификации (искажения);
УБИ.5 Угроза удаления информационных ресурсов;
УБИ.6 Угроза отказа в обслуживании;
УБИ.8 Угроза нарушения функционирования (работоспособности)","ОПС.2.5 Определение и применение параметров настройки компонентов программного обеспечения, включая программные компоненты средств защиты информации, обеспечивающих реализацию мер защиты информации, а также устранение возможных уязвимостей информационной системы, приводящих к возникновению угроз безопасности информации;
ЗТС.3.1 Контроль и управление физическим доступом к техническим средствам, средствам защиты информации, средствам обеспечения функционирования, а также в помещения и сооружения, в которых они установлены, исключающие несанкционированный физический доступ к средствам обработки информации, средствам защиты информации и средствам обеспечения функционирования информационной системы и помещения и сооружения, в которых они установлены;
АВЗ.1.5 Проверка в масштабе времени, близком к реальному, объектов (файлов) из внешних источников (съемных машинных носителей информации, сетевых подключений, в том числе к сетям общего пользования, и других внешних источников) при загрузке, открытии или исполнении таких файлов;
АВЗ.1.1 Применение средств антивирусной защиты на автоматизированных рабочих местах, серверах, периметральных средствах защиты информации (средствах межсетевого экранирования, прокси-серверах, почтовых шлюзах и других средствах защиты информации), мобильных технических средствах и иных точках доступа в информационной системе, подверженных внедрению (заражению) вредоносными компьютерными программами (вирусами) через съемные машинные носители информации или сетевые подключения, в том числе к сетям общего пользования (вложения электронной почты, веб- и другие сетевые сервисы) ;
АВЗ.2.1 Применение средств антивирусной защиты на прокси-серверах, почтовых шлюза, почтовых серверах и иных точках доступа в информационную систему, подверженных внедрению (заражению) вредоносными компьютерными программами (вирусами) через съемные машинные носители информации или сетевые подключения, в том числе к сетям общего пользования (вложения электронной почты, веб- и другие сетевые сервисы);
ОПС.1.3 Ограничение запуска компонентов программного обеспечения от имени администраторов безопасности;
ОПС.2.1 Определение компонентов программного обеспечения (состава и конфигурации), подлежащих установке после загрузки операционной системы;
ОПС.2.2 Настройка параметров установки компонентов программного обеспечения, обеспечивающая исключение установки (если осуществимо) компонентов программного обеспечения, использование которых не требуется для реализации информационной технологии;
ОПС.2.3 Конфигурация устанавливаемых компонентов программного обеспечения (в том числе конфигурации, предусматривающие включение в домен, или не включение в домен);
ОПС.2.4 Контроль за установкой компонентов программного обеспечения (состав компонентов, параметры установки, конфигурация компонентов);
АВЗ.3.1 Проверку в масштабе времени, близком к реальному, объектов (файлов) архивных, исполняемых и зашифрованных при загрузке, открытии или исполнении таких файлов.;
ЗИС.7.1 Применение специально созданных (эмулированных) ложных компонентов информационной системы или создание ложных информационных систем, предназначенных для обнаружения, регистрации и анализа действий нарушителей в процессе реализации угроз безопасности информации;
ЗТС.2.1 Обеспечение контролируемой зоны, в пределах которой постоянно размещаются стационарные технические средства, обрабатывающие информацию, и средства защиты информации, а также средства обеспечения функционирования;
ОПС.1.1 Определение перечня (списка) компонентов программного обеспечения (файлов, объектов баз данных, хранимых процедур и иных компонентов), запускаемых автоматически при загрузке операционной системы средства вычислительной техники;
ОПС.1.2 Разрешение запуска компонентов программного обеспечения, включенных в перечень (список) программного обеспечения, запускаемого автоматически при загрузке операционной системы средства вычислительной техники;
АВЗ.1.4 Проведение периодических проверок компонентов информационной системы (автоматизированных рабочих мест, серверов, других средств вычислительной техники) на наличие вредоносных компьютерных программ (вирусов);
АВЗ.1.6 Оповещение администраторов безопасности в масштабе времени, близком к реальному, об обнаружении вредоносных компьютерных программ (вирусов);
АВЗ.1.7 Определение и выполнение действий по реагированию на обнаружение в информационной системе объектов, подвергшихся заражению вредоносными компьютерными программами (вирусами) ;
ОДТ.4.1 Резервное копирование информации на резервные машинные носители информации с установленной оператором периодичностью;
ОДТ.4.4 Принятие мер для защиты резервируемой информации, обеспечивающих ее конфиденциальность, целостность и доступность ;
ЗИС.13.1 Защита архивных файлов, параметров настройки средств защиты информации и программного обеспечения, иных данных, не подлежащих изменению в процессе обработки информации;
ЗИС.14.2 Загрузка и выполнение на средствах вычислительной техники, определяемых оператором, операционной системы с машинных носителей информации, доступных только для чтения ;
ЗИС.14.3 Загрузка и выполнение на средствах вычислительной техники прикладного программного обеспечения, определяемого оператором, с машинных носителей информации, доступных только для чтения ",Данные уточняются,Данные уточняются,Данные уточняются,Данные уточняются,Данные уточняются
СП.15.2,Шифрование данных встроенными средствами,СП.15 Шифрование данных,"В.2 Нарушитель, обладающий базовыми повышенными возможностями","УБИ.3 Угроза несанкционированной модификации (искажения);
УБИ.5 Угроза удаления информационных ресурсов;
УБИ.6 Угроза отказа в обслуживании;
УБИ.8 Угроза нарушения функционирования (работоспособности)","ОПС.2.5 Определение и применение параметров настройки компонентов программного обеспечения, включая программные компоненты средств защиты информации, обеспечивающих реализацию мер защиты информации, а также устранение возможных уязвимостей информационной системы, приводящих к возникновению угроз безопасности информации;
ЗТС.3.1 Контроль и управление физическим доступом к техническим средствам, средствам защиты информации, средствам обеспечения функционирования, а также в помещения и сооружения, в которых они установлены, исключающие несанкционированный физический доступ к средствам обработки информации, средствам защиты информации и средствам обеспечения функционирования информационной системы и помещения и сооружения, в которых они установлены;
ОПС.1.3 Ограничение запуска компонентов программного обеспечения от имени администраторов безопасности;
ОПС.2.1 Определение компонентов программного обеспечения (состава и конфигурации), подлежащих установке после загрузки операционной системы;
ОПС.2.2 Настройка параметров установки компонентов программного обеспечения, обеспечивающая исключение установки (если осуществимо) компонентов программного обеспечения, использование которых не требуется для реализации информационной технологии;
ОПС.2.3 Конфигурация устанавливаемых компонентов программного обеспечения (в том числе конфигурации, предусматривающие включение в домен, или не включение в домен);
ОПС.2.4 Контроль за установкой компонентов программного обеспечения (состав компонентов, параметры установки, конфигурация компонентов);
ЗИС.7.1 Применение специально созданных (эмулированных) ложных компонентов информационной системы или создание ложных информационных систем, предназначенных для обнаружения, регистрации и анализа действий нарушителей в процессе реализации угроз безопасности информации;
ЗТС.2.1 Обеспечение контролируемой зоны, в пределах которой постоянно размещаются стационарные технические средства, обрабатывающие информацию, и средства защиты информации, а также средства обеспечения функционирования;
ОПС.1.1 Определение перечня (списка) компонентов программного обеспечения (файлов, объектов баз данных, хранимых процедур и иных компонентов), запускаемых автоматически при загрузке операционной системы средства вычислительной техники;
ОПС.1.2 Разрешение запуска компонентов программного обеспечения, включенных в перечень (список) программного обеспечения, запускаемого автоматически при загрузке операционной системы средства вычислительной техники;
ОДТ.4.1 Резервное копирование информации на резервные машинные носители информации с установленной оператором периодичностью;
ОДТ.4.4 Принятие мер для защиты резервируемой информации, обеспечивающих ее конфиденциальность, целостность и доступность ;
ЗИС.13.1 Защита архивных файлов, параметров настройки средств защиты информации и программного обеспечения, иных данных, не подлежащих изменению в процессе обработки информации;
ЗИС.14.2 Загрузка и выполнение на средствах вычислительной техники, определяемых оператором, операционной системы с машинных носителей информации, доступных только для чтения ;
ЗИС.14.3 Загрузка и выполнение на средствах вычислительной техники прикладного программного обеспечения, определяемого оператором, с машинных носителей информации, доступных только для чтения ",Данные уточняются,Данные уточняются,Данные уточняются,Данные уточняются,Данные уточняются
СП.16.1,Выход за пределы виртуальной инфраструктуры,СП.16 Нарушение изоляции,"В.3 Нарушитель, обладающий средними возможностями","УБИ.1 Угроза утечки информации;
УБИ.2 Угроза несанкционированного доступа;
УБИ.3 Угроза несанкционированной модификации (искажения);
УБИ.4 Угроза несанкционированной подмены;
УБИ.5 Угроза удаления информационных ресурсов;
УБИ.8 Угроза нарушения функционирования (работоспособности);
УБИ.10 Угроза распространения противоправной информации","УПД.1.9 Предоставление пользователям прав доступа к объектам доступа, основываясь на задачах, решаемых пользователями;
АВЗ.1.5 Проверка в масштабе времени, близком к реальному, объектов (файлов) из внешних источников (съемных машинных носителей информации, сетевых подключений, в том числе к сетям общего пользования, и других внешних источников) при загрузке, открытии или исполнении таких файлов;
АВЗ.1.1 Применение средств антивирусной защиты на автоматизированных рабочих местах, серверах, периметральных средствах защиты информации (средствах межсетевого экранирования, прокси-серверах, почтовых шлюзах и других средствах защиты информации), мобильных технических средствах и иных точках доступа в информационной системе, подверженных внедрению (заражению) вредоносными компьютерными программами (вирусами) через съемные машинные носители информации или сетевые подключения, в том числе к сетям общего пользования (вложения электронной почты, веб- и другие сетевые сервисы) ;
АВЗ.2.1 Применение средств антивирусной защиты на прокси-серверах, почтовых шлюза, почтовых серверах и иных точках доступа в информационную систему, подверженных внедрению (заражению) вредоносными компьютерными программами (вирусами) через съемные машинные носители информации или сетевые подключения, в том числе к сетям общего пользования (вложения электронной почты, веб- и другие сетевые сервисы);
ОПС.1.3 Ограничение запуска компонентов программного обеспечения от имени администраторов безопасности;
АВЗ.3.1 Проверку в масштабе времени, близком к реальному, объектов (файлов) архивных, исполняемых и зашифрованных при загрузке, открытии или исполнении таких файлов.;
ОПС.1.1 Определение перечня (списка) компонентов программного обеспечения (файлов, объектов баз данных, хранимых процедур и иных компонентов), запускаемых автоматически при загрузке операционной системы средства вычислительной техники;
ОПС.1.2 Разрешение запуска компонентов программного обеспечения, включенных в перечень (список) программного обеспечения, запускаемого автоматически при загрузке операционной системы средства вычислительной техники;
АВЗ.1.4 Проведение периодических проверок компонентов информационной системы (автоматизированных рабочих мест, серверов, других средств вычислительной техники) на наличие вредоносных компьютерных программ (вирусов);
АВЗ.1.6 Оповещение администраторов безопасности в масштабе времени, близком к реальному, об обнаружении вредоносных компьютерных программ (вирусов);
АВЗ.1.7 Определение и выполнение действий по реагированию на обнаружение в информационной системе объектов, подвергшихся заражению вредоносными компьютерными программами (вирусами) ;
ЗИС.39.1 Регламентирование порядка перемещения (определение ответственных за организацию процесса, объектов перемещения, ресурсов инфраструктуры, задействованных в перемещении, а также способов перемещения) ;
ЗИС.39.2 Управление размещением и перемещением файлов-образов виртуальных машин (контейнеров) между носителями (системами хранения данных) ;
ЗИС.39.3 Управление размещением и перемещением исполняемых виртуальных машин (контейнеров) между серверами виртуализации ;
ЗИС.39.4 Управление размещением и перемещением данных, обрабатываемых с использованием виртуальных машин, между носителями (системами хранения данных) ",Данные уточняются,Данные уточняются,Данные уточняются,Данные уточняются,Данные уточняются
СП.16.2,Нарушение изоляции процессов,СП.16 Нарушение изоляции,"В.3 Нарушитель, обладающий средними возможностями","УБИ.1 Угроза утечки информации;
УБИ.2 Угроза несанкционированного доступа;
УБИ.3 Угроза несанкционированной модификации (искажения);
УБИ.4 Угроза несанкционированной подмены;
УБИ.5 Угроза удаления информационных ресурсов;
УБИ.8 Угроза нарушения функционирования (работоспособности);
УБИ.10 Угроза распространения противоправной информации","УПД.1.9 Предоставление пользователям прав доступа к объектам доступа, основываясь на задачах, решаемых пользователями;
АВЗ.1.5 Проверка в масштабе времени, близком к реальному, объектов (файлов) из внешних источников (съемных машинных носителей информации, сетевых подключений, в том числе к сетям общего пользования, и других внешних источников) при загрузке, открытии или исполнении таких файлов;
АВЗ.1.1 Применение средств антивирусной защиты на автоматизированных рабочих местах, серверах, периметральных средствах защиты информации (средствах межсетевого экранирования, прокси-серверах, почтовых шлюзах и других средствах защиты информации), мобильных технических средствах и иных точках доступа в информационной системе, подверженных внедрению (заражению) вредоносными компьютерными программами (вирусами) через съемные машинные носители информации или сетевые подключения, в том числе к сетям общего пользования (вложения электронной почты, веб- и другие сетевые сервисы) ;
АВЗ.2.1 Применение средств антивирусной защиты на прокси-серверах, почтовых шлюза, почтовых серверах и иных точках доступа в информационную систему, подверженных внедрению (заражению) вредоносными компьютерными программами (вирусами) через съемные машинные носители информации или сетевые подключения, в том числе к сетям общего пользования (вложения электронной почты, веб- и другие сетевые сервисы);
ОПС.1.3 Ограничение запуска компонентов программного обеспечения от имени администраторов безопасности;
АВЗ.3.1 Проверку в масштабе времени, близком к реальному, объектов (файлов) архивных, исполняемых и зашифрованных при загрузке, открытии или исполнении таких файлов.;
ОПС.1.1 Определение перечня (списка) компонентов программного обеспечения (файлов, объектов баз данных, хранимых процедур и иных компонентов), запускаемых автоматически при загрузке операционной системы средства вычислительной техники;
ОПС.1.2 Разрешение запуска компонентов программного обеспечения, включенных в перечень (список) программного обеспечения, запускаемого автоматически при загрузке операционной системы средства вычислительной техники;
АВЗ.1.4 Проведение периодических проверок компонентов информационной системы (автоматизированных рабочих мест, серверов, других средств вычислительной техники) на наличие вредоносных компьютерных программ (вирусов);
АВЗ.1.6 Оповещение администраторов безопасности в масштабе времени, близком к реальному, об обнаружении вредоносных компьютерных программ (вирусов);
АВЗ.1.7 Определение и выполнение действий по реагированию на обнаружение в информационной системе объектов, подвергшихся заражению вредоносными компьютерными программами (вирусами) ;
ЗИС.39.1 Регламентирование порядка перемещения (определение ответственных за организацию процесса, объектов перемещения, ресурсов инфраструктуры, задействованных в перемещении, а также способов перемещения) ;
ЗИС.39.2 Управление размещением и перемещением файлов-образов виртуальных машин (контейнеров) между носителями (системами хранения данных) ;
ЗИС.39.3 Управление размещением и перемещением исполняемых виртуальных машин (контейнеров) между серверами виртуализации ;
ЗИС.39.4 Управление размещением и перемещением данных, обрабатываемых с использованием виртуальных машин, между носителями (системами хранения данных) ",Данные уточняются,Данные уточняются,Данные уточняются,Данные уточняются,Данные уточняются
СП.16.3,Нарушение сетевой изоляции,СП.16 Нарушение изоляции,"В.3 Нарушитель, обладающий средними возможностями","УБИ.1 Угроза утечки информации;
УБИ.2 Угроза несанкционированного доступа;
УБИ.3 Угроза несанкционированной модификации (искажения);
УБИ.4 Угроза несанкционированной подмены;
УБИ.5 Угроза удаления информационных ресурсов;
УБИ.8 Угроза нарушения функционирования (работоспособности);
УБИ.10 Угроза распространения противоправной информации","УПД.1.9 Предоставление пользователям прав доступа к объектам доступа, основываясь на задачах, решаемых пользователями;
АВЗ.1.5 Проверка в масштабе времени, близком к реальному, объектов (файлов) из внешних источников (съемных машинных носителей информации, сетевых подключений, в том числе к сетям общего пользования, и других внешних источников) при загрузке, открытии или исполнении таких файлов;
АВЗ.1.1 Применение средств антивирусной защиты на автоматизированных рабочих местах, серверах, периметральных средствах защиты информации (средствах межсетевого экранирования, прокси-серверах, почтовых шлюзах и других средствах защиты информации), мобильных технических средствах и иных точках доступа в информационной системе, подверженных внедрению (заражению) вредоносными компьютерными программами (вирусами) через съемные машинные носители информации или сетевые подключения, в том числе к сетям общего пользования (вложения электронной почты, веб- и другие сетевые сервисы) ;
АВЗ.2.1 Применение средств антивирусной защиты на прокси-серверах, почтовых шлюза, почтовых серверах и иных точках доступа в информационную систему, подверженных внедрению (заражению) вредоносными компьютерными программами (вирусами) через съемные машинные носители информации или сетевые подключения, в том числе к сетям общего пользования (вложения электронной почты, веб- и другие сетевые сервисы);
ОПС.1.3 Ограничение запуска компонентов программного обеспечения от имени администраторов безопасности;
АВЗ.3.1 Проверку в масштабе времени, близком к реальному, объектов (файлов) архивных, исполняемых и зашифрованных при загрузке, открытии или исполнении таких файлов.;
ОПС.1.1 Определение перечня (списка) компонентов программного обеспечения (файлов, объектов баз данных, хранимых процедур и иных компонентов), запускаемых автоматически при загрузке операционной системы средства вычислительной техники;
ОПС.1.2 Разрешение запуска компонентов программного обеспечения, включенных в перечень (список) программного обеспечения, запускаемого автоматически при загрузке операционной системы средства вычислительной техники;
АВЗ.1.4 Проведение периодических проверок компонентов информационной системы (автоматизированных рабочих мест, серверов, других средств вычислительной техники) на наличие вредоносных компьютерных программ (вирусов);
АВЗ.1.6 Оповещение администраторов безопасности в масштабе времени, близком к реальному, об обнаружении вредоносных компьютерных программ (вирусов);
АВЗ.1.7 Определение и выполнение действий по реагированию на обнаружение в информационной системе объектов, подвергшихся заражению вредоносными компьютерными программами (вирусами) ;
ЗИС.39.1 Регламентирование порядка перемещения (определение ответственных за организацию процесса, объектов перемещения, ресурсов инфраструктуры, задействованных в перемещении, а также способов перемещения) ;
ЗИС.39.2 Управление размещением и перемещением файлов-образов виртуальных машин (контейнеров) между носителями (системами хранения данных) ;
ЗИС.39.3 Управление размещением и перемещением исполняемых виртуальных машин (контейнеров) между серверами виртуализации ;
ЗИС.39.4 Управление размещением и перемещением данных, обрабатываемых с использованием виртуальных машин, между носителями (системами хранения данных) ",Данные уточняются,Данные уточняются,Данные уточняются,Данные уточняются,Данные уточняются
СП.16.4,Выход за пределы контейнера,СП.16 Нарушение изоляции,"В.3 Нарушитель, обладающий средними возможностями","УБИ.1 Угроза утечки информации;
УБИ.2 Угроза несанкционированного доступа;
УБИ.3 Угроза несанкционированной модификации (искажения);
УБИ.4 Угроза несанкционированной подмены;
УБИ.5 Угроза удаления информационных ресурсов;
УБИ.8 Угроза нарушения функционирования (работоспособности);
УБИ.10 Угроза распространения противоправной информации","УПД.1.9 Предоставление пользователям прав доступа к объектам доступа, основываясь на задачах, решаемых пользователями;
АВЗ.1.5 Проверка в масштабе времени, близком к реальному, объектов (файлов) из внешних источников (съемных машинных носителей информации, сетевых подключений, в том числе к сетям общего пользования, и других внешних источников) при загрузке, открытии или исполнении таких файлов;
АВЗ.1.1 Применение средств антивирусной защиты на автоматизированных рабочих местах, серверах, периметральных средствах защиты информации (средствах межсетевого экранирования, прокси-серверах, почтовых шлюзах и других средствах защиты информации), мобильных технических средствах и иных точках доступа в информационной системе, подверженных внедрению (заражению) вредоносными компьютерными программами (вирусами) через съемные машинные носители информации или сетевые подключения, в том числе к сетям общего пользования (вложения электронной почты, веб- и другие сетевые сервисы) ;
АВЗ.2.1 Применение средств антивирусной защиты на прокси-серверах, почтовых шлюза, почтовых серверах и иных точках доступа в информационную систему, подверженных внедрению (заражению) вредоносными компьютерными программами (вирусами) через съемные машинные носители информации или сетевые подключения, в том числе к сетям общего пользования (вложения электронной почты, веб- и другие сетевые сервисы);
ОПС.1.3 Ограничение запуска компонентов программного обеспечения от имени администраторов безопасности;
АВЗ.3.1 Проверку в масштабе времени, близком к реальному, объектов (файлов) архивных, исполняемых и зашифрованных при загрузке, открытии или исполнении таких файлов.;
ОПС.1.1 Определение перечня (списка) компонентов программного обеспечения (файлов, объектов баз данных, хранимых процедур и иных компонентов), запускаемых автоматически при загрузке операционной системы средства вычислительной техники;
ОПС.1.2 Разрешение запуска компонентов программного обеспечения, включенных в перечень (список) программного обеспечения, запускаемого автоматически при загрузке операционной системы средства вычислительной техники;
АВЗ.1.4 Проведение периодических проверок компонентов информационной системы (автоматизированных рабочих мест, серверов, других средств вычислительной техники) на наличие вредоносных компьютерных программ (вирусов);
АВЗ.1.6 Оповещение администраторов безопасности в масштабе времени, близком к реальному, об обнаружении вредоносных компьютерных программ (вирусов);
АВЗ.1.7 Определение и выполнение действий по реагированию на обнаружение в информационной системе объектов, подвергшихся заражению вредоносными компьютерными программами (вирусами) ;
ЗИС.39.1 Регламентирование порядка перемещения (определение ответственных за организацию процесса, объектов перемещения, ресурсов инфраструктуры, задействованных в перемещении, а также способов перемещения) ;
ЗИС.39.2 Управление размещением и перемещением файлов-образов виртуальных машин (контейнеров) между носителями (системами хранения данных) ;
ЗИС.39.3 Управление размещением и перемещением исполняемых виртуальных машин (контейнеров) между серверами виртуализации ;
ЗИС.39.4 Управление размещением и перемещением данных, обрабатываемых с использованием виртуальных машин, между носителями (системами хранения данных) ",Данные уточняются,Данные уточняются,Данные уточняются,Данные уточняются,Данные уточняются
СП.16.5,Выход за пределы замкнутой программной среды,СП.16 Нарушение изоляции,"В.3 Нарушитель, обладающий средними возможностями","УБИ.1 Угроза утечки информации;
УБИ.2 Угроза несанкционированного доступа;
УБИ.3 Угроза несанкционированной модификации (искажения);
УБИ.4 Угроза несанкционированной подмены;
УБИ.5 Угроза удаления информационных ресурсов;
УБИ.8 Угроза нарушения функционирования (работоспособности);
УБИ.10 Угроза распространения противоправной информации","УПД.1.9 Предоставление пользователям прав доступа к объектам доступа, основываясь на задачах, решаемых пользователями;
АВЗ.1.5 Проверка в масштабе времени, близком к реальному, объектов (файлов) из внешних источников (съемных машинных носителей информации, сетевых подключений, в том числе к сетям общего пользования, и других внешних источников) при загрузке, открытии или исполнении таких файлов;
АВЗ.1.1 Применение средств антивирусной защиты на автоматизированных рабочих местах, серверах, периметральных средствах защиты информации (средствах межсетевого экранирования, прокси-серверах, почтовых шлюзах и других средствах защиты информации), мобильных технических средствах и иных точках доступа в информационной системе, подверженных внедрению (заражению) вредоносными компьютерными программами (вирусами) через съемные машинные носители информации или сетевые подключения, в том числе к сетям общего пользования (вложения электронной почты, веб- и другие сетевые сервисы) ;
АВЗ.2.1 Применение средств антивирусной защиты на прокси-серверах, почтовых шлюза, почтовых серверах и иных точках доступа в информационную систему, подверженных внедрению (заражению) вредоносными компьютерными программами (вирусами) через съемные машинные носители информации или сетевые подключения, в том числе к сетям общего пользования (вложения электронной почты, веб- и другие сетевые сервисы);
ОПС.1.3 Ограничение запуска компонентов программного обеспечения от имени администраторов безопасности;
АВЗ.3.1 Проверку в масштабе времени, близком к реальному, объектов (файлов) архивных, исполняемых и зашифрованных при загрузке, открытии или исполнении таких файлов.;
ОПС.1.1 Определение перечня (списка) компонентов программного обеспечения (файлов, объектов баз данных, хранимых процедур и иных компонентов), запускаемых автоматически при загрузке операционной системы средства вычислительной техники;
ОПС.1.2 Разрешение запуска компонентов программного обеспечения, включенных в перечень (список) программного обеспечения, запускаемого автоматически при загрузке операционной системы средства вычислительной техники;
АВЗ.1.4 Проведение периодических проверок компонентов информационной системы (автоматизированных рабочих мест, серверов, других средств вычислительной техники) на наличие вредоносных компьютерных программ (вирусов);
АВЗ.1.6 Оповещение администраторов безопасности в масштабе времени, близком к реальному, об обнаружении вредоносных компьютерных программ (вирусов);
АВЗ.1.7 Определение и выполнение действий по реагированию на обнаружение в информационной системе объектов, подвергшихся заражению вредоносными компьютерными программами (вирусами) ;
ЗИС.39.1 Регламентирование порядка перемещения (определение ответственных за организацию процесса, объектов перемещения, ресурсов инфраструктуры, задействованных в перемещении, а также способов перемещения) ;
ЗИС.39.2 Управление размещением и перемещением файлов-образов виртуальных машин (контейнеров) между носителями (системами хранения данных) ;
ЗИС.39.3 Управление размещением и перемещением исполняемых виртуальных машин (контейнеров) между серверами виртуализации ;
ЗИС.39.4 Управление размещением и перемещением данных, обрабатываемых с использованием виртуальных машин, между носителями (системами хранения данных) ",Данные уточняются,Данные уточняются,Данные уточняются,Данные уточняются,Данные уточняются
СП.17.1,Перебор паролей к учетной записи ,СП.17 Подбор (восстановление) аутентификационной информации ,"В.2 Нарушитель, обладающий базовыми повышенными возможностями",УБИ.2 Угроза несанкционированного доступа,"УПД.6.2 Блокирование устройства, с которого предпринимаются попытки доступа, и (или) учетной записи пользователя при превышении пользователем ограничения количества неуспешных попыток входа;
УПД.6.1 Регламентация и контроль количества неуспешных попыток входа ",Данные уточняются,Данные уточняются,Данные уточняются,Данные уточняются,Данные уточняются
СП.17.2,Перебор пользователей к паролю (Password Spraying),СП.17 Подбор (восстановление) аутентификационной информации ,"В.2 Нарушитель, обладающий базовыми повышенными возможностями",УБИ.2 Угроза несанкционированного доступа,"УПД.6.2 Блокирование устройства, с которого предпринимаются попытки доступа, и (или) учетной записи пользователя при превышении пользователем ограничения количества неуспешных попыток входа;
УПД.6.1 Регламентация и контроль количества неуспешных попыток входа ",Данные уточняются,Данные уточняются,Данные уточняются,Данные уточняются,Данные уточняются
СП.17.3,Перебор утекших пар пользователь/пароль (Credential Stuffing),СП.17 Подбор (восстановление) аутентификационной информации ,"В.2 Нарушитель, обладающий базовыми повышенными возможностями",УБИ.2 Угроза несанкционированного доступа,"УПД.6.2 Блокирование устройства, с которого предпринимаются попытки доступа, и (или) учетной записи пользователя при превышении пользователем ограничения количества неуспешных попыток входа;
УПД.6.1 Регламентация и контроль количества неуспешных попыток входа ",Данные уточняются,Данные уточняются,Данные уточняются,Данные уточняются,Данные уточняются
СП.17.4,"Перебор ключей доступа (API ключи, сессионные ключи и т.д.)",СП.17 Подбор (восстановление) аутентификационной информации ,"В.2 Нарушитель, обладающий базовыми повышенными возможностями",УБИ.2 Угроза несанкционированного доступа,"УПД.6.2 Блокирование устройства, с которого предпринимаются попытки доступа, и (или) учетной записи пользователя при превышении пользователем ограничения количества неуспешных попыток входа;
УПД.6.1 Регламентация и контроль количества неуспешных попыток входа ",Данные уточняются,Данные уточняются,Данные уточняются,Данные уточняются,Данные уточняются
СП.17.5,Перебор одноразовых кодов или ключей,СП.17 Подбор (восстановление) аутентификационной информации ,"В.2 Нарушитель, обладающий базовыми повышенными возможностями",УБИ.2 Угроза несанкционированного доступа,"УПД.6.2 Блокирование устройства, с которого предпринимаются попытки доступа, и (или) учетной записи пользователя при превышении пользователем ограничения количества неуспешных попыток входа;
УПД.6.1 Регламентация и контроль количества неуспешных попыток входа ",Данные уточняются,Данные уточняются,Данные уточняются,Данные уточняются,Данные уточняются
СП.17.6,Восстановление аутентификационной информации из аппаратных хранилищ,СП.17 Подбор (восстановление) аутентификационной информации ,"В.2 Нарушитель, обладающий базовыми повышенными возможностями",УБИ.2 Угроза несанкционированного доступа,"ЗТС.3.1 Контроль и управление физическим доступом к техническим средствам, средствам защиты информации, средствам обеспечения функционирования, а также в помещения и сооружения, в которых они установлены, исключающие несанкционированный физический доступ к средствам обработки информации, средствам защиты информации и средствам обеспечения функционирования информационной системы и помещения и сооружения, в которых они установлены;
ЗИС.17.2 Обеспечить мониторинг и контроль использования сети Интернет для всех средств вычислительной техники, расположенных в группах сегментов вычислительной сети организации, предназначенных для обработки и (или) хранения информации конфиденциального характера, и для всех учетных записей, используемых для осуществления доступа к сети Интернет;
ЗИС.17.3 Определение перечня ресурсов сети Интернет, на которых высока вероятность публикации информации конфиденциального характера ;
ЗИС.17.4 Мониторинг содержания указанных выше ресурсов сети Интернет с целью возможной публикации информации конфиденциального характера;
ЗИС.17.1 Мониторинг и контроль использования сервисов электронной почты (в том числе с использованием web-интерфейса) при передаче информации на внешние адреса электронной почты для всего трафика электронной почты и для всех учетных записей сервисов электронной почты ;
ЗНИ.2.1 Определение должностных лиц, имеющих физический доступ к машинным носителям информации;
ЗНИ.2.2 Предоставление физического доступа к машинным носителям информации только тем лицам, которым он необходим для выполнения своих должностных обязанностей (функций);
ЗНИ.4.2 Физический контроль и хранение машинных носителей информации в помещениях, специально предназначенных для хранения машинных носителей информации (хранилище машинных носителей информации;
ЗТС.2.1 Обеспечение контролируемой зоны, в пределах которой постоянно размещаются стационарные технические средства, обрабатывающие информацию, и средства защиты информации, а также средства обеспечения функционирования;
ЗИС.17.6 Мониторинг и контроль печати и (или) копирования информации на бумажных носителях для сегментов вычислительной сети организации, предназначенных для обработки и (или) хранения информации конфиденциального характера, и для всех учетных записей, используемых для осуществления печати информации;
ЗИС.17.12 Контроль физического доступа с целью предотвращения визуального и слухового ознакомления с информацией во все помещения, в которых осуществляется обработка и (или) хранение информации конфиденциального характера;
ЗИС.17.5 Мониторинг, контроль, блокирование копирования информации на переносные носители информации для всех средств вычислительной техники, мобильных устройств;
ЗНИ.3.1 Определение должностных лиц, имеющих права на перемещение машинных носителей информации за пределы контролируемой зоны;
ЗНИ.3.2 Предоставление права на перемещение машинных носителей информации за пределы контролируемой зоны только тем лицам, которым оно необходимо для выполнения своих должностных обязанностей (функции);
ЗНИ.3.3 Учет перемещаемых машинных носителей информации;
ЗНИ.3.4 Периодическая проверка наличия машинных носителей информаци;
ЗНИ.4.1 Определение типов машинных носителей информации, подлежащих хранению в помещениях, специально предназначенных для хранения машинных носителей информации (хранилище машинных носителей информации);
ЗНИ.4.3 Защита машинных носителей информации до уничтожения (стирания) с них данных и остаточной информации (информации, которую можно восстановить после удаления с помощью нештатных средств и методов) с использованием средств стирания данных и остаточной информации;
ЗИС.17.7 Контроль (блокирование) возможности использования и (или) доступа к информации конфиденциального характера на переносных носителях информации за пределами информационной инфраструктуры организации для всех переносных носителей информации вне зависимости от их использования для обработки и (или) хранения информации конфиденциального характера;
ЗИС.17.8 Блокирование возможности доступа к информации конфиденциального характера для всех средств вычислительной техники, используемых за пределами информационной инфраструктуры организации, вне зависимости от их использования для обработки и (или) хранения информации конфиденциального характера и всех информационных активов организации, к которым осуществляется удаленный доступ;
ЗИС.17.9 Определение перечня действий возможных внутренних нарушителей, связанных с доступом к информационным активам конфиденциальной информации, подвергаемых мониторингу и анализу для цели выявления потенциальных утечек информации. При этом рекомендуется подвергать мониторингу и анализу;
ЗИС.17.10 Мониторинг и анализ всех действий возможных внутренних нарушителей, связанных с доступом к информационным активам конфиденциальной информации, согласно определенному перечню для всех учтенных информационных активов;
ЗИС.17.11 Контроль передачи (выноса) всех средств вычислительной техники независимо от осуществления обработки и (или) хранения информации конфиденциального характера",Данные уточняются,Данные уточняются,Данные уточняются,Данные уточняются,Данные уточняются
СП.17.7,Восстановление аутентификационной информации из программных хранилищ,СП.17 Подбор (восстановление) аутентификационной информации ,"В.2 Нарушитель, обладающий базовыми повышенными возможностями",УБИ.2 Угроза несанкционированного доступа,"ОПС.2.5 Определение и применение параметров настройки компонентов программного обеспечения, включая программные компоненты средств защиты информации, обеспечивающих реализацию мер защиты информации, а также устранение возможных уязвимостей информационной системы, приводящих к возникновению угроз безопасности информации;
ЗИС.17.2 Обеспечить мониторинг и контроль использования сети Интернет для всех средств вычислительной техники, расположенных в группах сегментов вычислительной сети организации, предназначенных для обработки и (или) хранения информации конфиденциального характера, и для всех учетных записей, используемых для осуществления доступа к сети Интернет;
ЗИС.17.3 Определение перечня ресурсов сети Интернет, на которых высока вероятность публикации информации конфиденциального характера ;
ЗИС.17.4 Мониторинг содержания указанных выше ресурсов сети Интернет с целью возможной публикации информации конфиденциального характера;
ЗИС.17.1 Мониторинг и контроль использования сервисов электронной почты (в том числе с использованием web-интерфейса) при передаче информации на внешние адреса электронной почты для всего трафика электронной почты и для всех учетных записей сервисов электронной почты ;
ОПС.1.3 Ограничение запуска компонентов программного обеспечения от имени администраторов безопасности;
ОПС.2.1 Определение компонентов программного обеспечения (состава и конфигурации), подлежащих установке после загрузки операционной системы;
ОПС.2.2 Настройка параметров установки компонентов программного обеспечения, обеспечивающая исключение установки (если осуществимо) компонентов программного обеспечения, использование которых не требуется для реализации информационной технологии;
ОПС.2.3 Конфигурация устанавливаемых компонентов программного обеспечения (в том числе конфигурации, предусматривающие включение в домен, или не включение в домен);
ОПС.2.4 Контроль за установкой компонентов программного обеспечения (состав компонентов, параметры установки, конфигурация компонентов);
ОПС.1.1 Определение перечня (списка) компонентов программного обеспечения (файлов, объектов баз данных, хранимых процедур и иных компонентов), запускаемых автоматически при загрузке операционной системы средства вычислительной техники;
ОПС.1.2 Разрешение запуска компонентов программного обеспечения, включенных в перечень (список) программного обеспечения, запускаемого автоматически при загрузке операционной системы средства вычислительной техники;
ЗИС.17.6 Мониторинг и контроль печати и (или) копирования информации на бумажных носителях для сегментов вычислительной сети организации, предназначенных для обработки и (или) хранения информации конфиденциального характера, и для всех учетных записей, используемых для осуществления печати информации;
ЗИС.17.12 Контроль физического доступа с целью предотвращения визуального и слухового ознакомления с информацией во все помещения, в которых осуществляется обработка и (или) хранение информации конфиденциального характера;
ЗИС.17.5 Мониторинг, контроль, блокирование копирования информации на переносные носители информации для всех средств вычислительной техники, мобильных устройств;
ЗИС.17.7 Контроль (блокирование) возможности использования и (или) доступа к информации конфиденциального характера на переносных носителях информации за пределами информационной инфраструктуры организации для всех переносных носителей информации вне зависимости от их использования для обработки и (или) хранения информации конфиденциального характера;
ЗИС.17.8 Блокирование возможности доступа к информации конфиденциального характера для всех средств вычислительной техники, используемых за пределами информационной инфраструктуры организации, вне зависимости от их использования для обработки и (или) хранения информации конфиденциального характера и всех информационных активов организации, к которым осуществляется удаленный доступ;
ЗИС.17.9 Определение перечня действий возможных внутренних нарушителей, связанных с доступом к информационным активам конфиденциальной информации, подвергаемых мониторингу и анализу для цели выявления потенциальных утечек информации. При этом рекомендуется подвергать мониторингу и анализу;
ЗИС.17.10 Мониторинг и анализ всех действий возможных внутренних нарушителей, связанных с доступом к информационным активам конфиденциальной информации, согласно определенному перечню для всех учтенных информационных активов;
ЗИС.17.11 Контроль передачи (выноса) всех средств вычислительной техники независимо от осуществления обработки и (или) хранения информации конфиденциального характера",Данные уточняются,Данные уточняются,Данные уточняются,Данные уточняются,Данные уточняются
СП.17.8,Восстановление аутентификационной информации из сетевого трафика,СП.17 Подбор (восстановление) аутентификационной информации ,"В.2 Нарушитель, обладающий базовыми повышенными возможностями",УБИ.2 Угроза несанкционированного доступа,"ЗИС.19.1 Защита информации от раскрытия, модификации и навязывания (ввода ложной информации) при ее передаче (подготовке к передаче) по каналам связи, имеющим выход за пределы контролируемой зоны ;
ЗИС.17.2 Обеспечить мониторинг и контроль использования сети Интернет для всех средств вычислительной техники, расположенных в группах сегментов вычислительной сети организации, предназначенных для обработки и (или) хранения информации конфиденциального характера, и для всех учетных записей, используемых для осуществления доступа к сети Интернет;
ЗИС.17.3 Определение перечня ресурсов сети Интернет, на которых высока вероятность публикации информации конфиденциального характера ;
ЗИС.17.4 Мониторинг содержания указанных выше ресурсов сети Интернет с целью возможной публикации информации конфиденциального характера;
ЗИС.17.1 Мониторинг и контроль использования сервисов электронной почты (в том числе с использованием web-интерфейса) при передаче информации на внешние адреса электронной почты для всего трафика электронной почты и для всех учетных записей сервисов электронной почты ;
ЗИС.17.6 Мониторинг и контроль печати и (или) копирования информации на бумажных носителях для сегментов вычислительной сети организации, предназначенных для обработки и (или) хранения информации конфиденциального характера, и для всех учетных записей, используемых для осуществления печати информации;
ЗИС.17.12 Контроль физического доступа с целью предотвращения визуального и слухового ознакомления с информацией во все помещения, в которых осуществляется обработка и (или) хранение информации конфиденциального характера;
ЗИС.17.5 Мониторинг, контроль, блокирование копирования информации на переносные носители информации для всех средств вычислительной техники, мобильных устройств;
ЗИС.17.7 Контроль (блокирование) возможности использования и (или) доступа к информации конфиденциального характера на переносных носителях информации за пределами информационной инфраструктуры организации для всех переносных носителей информации вне зависимости от их использования для обработки и (или) хранения информации конфиденциального характера;
ЗИС.17.8 Блокирование возможности доступа к информации конфиденциального характера для всех средств вычислительной техники, используемых за пределами информационной инфраструктуры организации, вне зависимости от их использования для обработки и (или) хранения информации конфиденциального характера и всех информационных активов организации, к которым осуществляется удаленный доступ;
ЗИС.17.9 Определение перечня действий возможных внутренних нарушителей, связанных с доступом к информационным активам конфиденциальной информации, подвергаемых мониторингу и анализу для цели выявления потенциальных утечек информации. При этом рекомендуется подвергать мониторингу и анализу;
ЗИС.17.10 Мониторинг и анализ всех действий возможных внутренних нарушителей, связанных с доступом к информационным активам конфиденциальной информации, согласно определенному перечню для всех учтенных информационных активов;
ЗИС.17.11 Контроль передачи (выноса) всех средств вычислительной техники независимо от осуществления обработки и (или) хранения информации конфиденциального характера;
ИАФ.7.1 Организация защиты аутентификационной информации криптографическими методами шифрования трафика. Осуществление контроля целостности передаваемой аутентификационной информации. Организация защищенной передачи данных с использованием идентификаторов. Реализация методов динамической аутентификации.",Данные уточняются,Данные уточняются,Данные уточняются,Данные уточняются,Данные уточняются
СП.17.9,Восстановление аутентификационной информации из исходного кода/конфигурационных файлов,СП.17 Подбор (восстановление) аутентификационной информации ,"В.2 Нарушитель, обладающий базовыми повышенными возможностями",УБИ.2 Угроза несанкционированного доступа,"ЗИС.17.2 Обеспечить мониторинг и контроль использования сети Интернет для всех средств вычислительной техники, расположенных в группах сегментов вычислительной сети организации, предназначенных для обработки и (или) хранения информации конфиденциального характера, и для всех учетных записей, используемых для осуществления доступа к сети Интернет;
ЗИС.17.3 Определение перечня ресурсов сети Интернет, на которых высока вероятность публикации информации конфиденциального характера ;
ЗИС.17.4 Мониторинг содержания указанных выше ресурсов сети Интернет с целью возможной публикации информации конфиденциального характера;
ЗИС.17.1 Мониторинг и контроль использования сервисов электронной почты (в том числе с использованием web-интерфейса) при передаче информации на внешние адреса электронной почты для всего трафика электронной почты и для всех учетных записей сервисов электронной почты ;
ЗИС.17.6 Мониторинг и контроль печати и (или) копирования информации на бумажных носителях для сегментов вычислительной сети организации, предназначенных для обработки и (или) хранения информации конфиденциального характера, и для всех учетных записей, используемых для осуществления печати информации;
ЗИС.17.12 Контроль физического доступа с целью предотвращения визуального и слухового ознакомления с информацией во все помещения, в которых осуществляется обработка и (или) хранение информации конфиденциального характера;
ЗИС.17.5 Мониторинг, контроль, блокирование копирования информации на переносные носители информации для всех средств вычислительной техники, мобильных устройств;
ЗИС.17.7 Контроль (блокирование) возможности использования и (или) доступа к информации конфиденциального характера на переносных носителях информации за пределами информационной инфраструктуры организации для всех переносных носителей информации вне зависимости от их использования для обработки и (или) хранения информации конфиденциального характера;
ЗИС.17.8 Блокирование возможности доступа к информации конфиденциального характера для всех средств вычислительной техники, используемых за пределами информационной инфраструктуры организации, вне зависимости от их использования для обработки и (или) хранения информации конфиденциального характера и всех информационных активов организации, к которым осуществляется удаленный доступ;
ЗИС.17.9 Определение перечня действий возможных внутренних нарушителей, связанных с доступом к информационным активам конфиденциальной информации, подвергаемых мониторингу и анализу для цели выявления потенциальных утечек информации. При этом рекомендуется подвергать мониторингу и анализу;
ЗИС.17.10 Мониторинг и анализ всех действий возможных внутренних нарушителей, связанных с доступом к информационным активам конфиденциальной информации, согласно определенному перечню для всех учтенных информационных активов;
ЗИС.17.11 Контроль передачи (выноса) всех средств вычислительной техники независимо от осуществления обработки и (или) хранения информации конфиденциального характера",Данные уточняются,Данные уточняются,Данные уточняются,Данные уточняются,Данные уточняются
СП.17.10,Восстановление аутентификационной информации из журналов приложений,СП.17 Подбор (восстановление) аутентификационной информации ,"В.2 Нарушитель, обладающий базовыми повышенными возможностями",УБИ.2 Угроза несанкционированного доступа,"ЗИС.17.2 Обеспечить мониторинг и контроль использования сети Интернет для всех средств вычислительной техники, расположенных в группах сегментов вычислительной сети организации, предназначенных для обработки и (или) хранения информации конфиденциального характера, и для всех учетных записей, используемых для осуществления доступа к сети Интернет;
ЗИС.17.3 Определение перечня ресурсов сети Интернет, на которых высока вероятность публикации информации конфиденциального характера ;
ЗИС.17.4 Мониторинг содержания указанных выше ресурсов сети Интернет с целью возможной публикации информации конфиденциального характера;
ЗИС.17.1 Мониторинг и контроль использования сервисов электронной почты (в том числе с использованием web-интерфейса) при передаче информации на внешние адреса электронной почты для всего трафика электронной почты и для всех учетных записей сервисов электронной почты ;
ЗИС.17.6 Мониторинг и контроль печати и (или) копирования информации на бумажных носителях для сегментов вычислительной сети организации, предназначенных для обработки и (или) хранения информации конфиденциального характера, и для всех учетных записей, используемых для осуществления печати информации;
ЗИС.17.12 Контроль физического доступа с целью предотвращения визуального и слухового ознакомления с информацией во все помещения, в которых осуществляется обработка и (или) хранение информации конфиденциального характера;
ЗИС.17.5 Мониторинг, контроль, блокирование копирования информации на переносные носители информации для всех средств вычислительной техники, мобильных устройств;
ЗИС.17.7 Контроль (блокирование) возможности использования и (или) доступа к информации конфиденциального характера на переносных носителях информации за пределами информационной инфраструктуры организации для всех переносных носителей информации вне зависимости от их использования для обработки и (или) хранения информации конфиденциального характера;
ЗИС.17.8 Блокирование возможности доступа к информации конфиденциального характера для всех средств вычислительной техники, используемых за пределами информационной инфраструктуры организации, вне зависимости от их использования для обработки и (или) хранения информации конфиденциального характера и всех информационных активов организации, к которым осуществляется удаленный доступ;
ЗИС.17.9 Определение перечня действий возможных внутренних нарушителей, связанных с доступом к информационным активам конфиденциальной информации, подвергаемых мониторингу и анализу для цели выявления потенциальных утечек информации. При этом рекомендуется подвергать мониторингу и анализу;
ЗИС.17.10 Мониторинг и анализ всех действий возможных внутренних нарушителей, связанных с доступом к информационным активам конфиденциальной информации, согласно определенному перечню для всех учтенных информационных активов;
ЗИС.17.11 Контроль передачи (выноса) всех средств вычислительной техники независимо от осуществления обработки и (или) хранения информации конфиденциального характера",Данные уточняются,Данные уточняются,Данные уточняются,Данные уточняются,Данные уточняются
СП.17.11,Перехват одноразовых паролей,СП.17 Подбор (восстановление) аутентификационной информации ,"В.2 Нарушитель, обладающий базовыми повышенными возможностями",УБИ.2 Угроза несанкционированного доступа,"ЗИС.19.1 Защита информации от раскрытия, модификации и навязывания (ввода ложной информации) при ее передаче (подготовке к передаче) по каналам связи, имеющим выход за пределы контролируемой зоны ;
ЗИС.17.2 Обеспечить мониторинг и контроль использования сети Интернет для всех средств вычислительной техники, расположенных в группах сегментов вычислительной сети организации, предназначенных для обработки и (или) хранения информации конфиденциального характера, и для всех учетных записей, используемых для осуществления доступа к сети Интернет;
ЗИС.17.3 Определение перечня ресурсов сети Интернет, на которых высока вероятность публикации информации конфиденциального характера ;
ЗИС.17.4 Мониторинг содержания указанных выше ресурсов сети Интернет с целью возможной публикации информации конфиденциального характера;
ЗИС.17.1 Мониторинг и контроль использования сервисов электронной почты (в том числе с использованием web-интерфейса) при передаче информации на внешние адреса электронной почты для всего трафика электронной почты и для всех учетных записей сервисов электронной почты ;
ЗИС.17.6 Мониторинг и контроль печати и (или) копирования информации на бумажных носителях для сегментов вычислительной сети организации, предназначенных для обработки и (или) хранения информации конфиденциального характера, и для всех учетных записей, используемых для осуществления печати информации;
ЗИС.17.12 Контроль физического доступа с целью предотвращения визуального и слухового ознакомления с информацией во все помещения, в которых осуществляется обработка и (или) хранение информации конфиденциального характера;
ЗИС.17.5 Мониторинг, контроль, блокирование копирования информации на переносные носители информации для всех средств вычислительной техники, мобильных устройств;
ЗИС.17.7 Контроль (блокирование) возможности использования и (или) доступа к информации конфиденциального характера на переносных носителях информации за пределами информационной инфраструктуры организации для всех переносных носителей информации вне зависимости от их использования для обработки и (или) хранения информации конфиденциального характера;
ЗИС.17.8 Блокирование возможности доступа к информации конфиденциального характера для всех средств вычислительной техники, используемых за пределами информационной инфраструктуры организации, вне зависимости от их использования для обработки и (или) хранения информации конфиденциального характера и всех информационных активов организации, к которым осуществляется удаленный доступ;
ЗИС.17.9 Определение перечня действий возможных внутренних нарушителей, связанных с доступом к информационным активам конфиденциальной информации, подвергаемых мониторингу и анализу для цели выявления потенциальных утечек информации. При этом рекомендуется подвергать мониторингу и анализу;
ЗИС.17.10 Мониторинг и анализ всех действий возможных внутренних нарушителей, связанных с доступом к информационным активам конфиденциальной информации, согласно определенному перечню для всех учтенных информационных активов;
ЗИС.17.11 Контроль передачи (выноса) всех средств вычислительной техники независимо от осуществления обработки и (или) хранения информации конфиденциального характера;
ИАФ.7.1 Организация защиты аутентификационной информации криптографическими методами шифрования трафика. Осуществление контроля целостности передаваемой аутентификационной информации. Организация защищенной передачи данных с использованием идентификаторов. Реализация методов динамической аутентификации.",Данные уточняются,Данные уточняются,Данные уточняются,Данные уточняются,Данные уточняются
СП.17.12,Восстановление пароля из ранее полученной аутентификационной информации ,СП.17 Подбор (восстановление) аутентификационной информации ,"В.2 Нарушитель, обладающий базовыми повышенными возможностями",УБИ.2 Угроза несанкционированного доступа,"ЗИС.19.1 Защита информации от раскрытия, модификации и навязывания (ввода ложной информации) при ее передаче (подготовке к передаче) по каналам связи, имеющим выход за пределы контролируемой зоны ;
ЗИС.17.2 Обеспечить мониторинг и контроль использования сети Интернет для всех средств вычислительной техники, расположенных в группах сегментов вычислительной сети организации, предназначенных для обработки и (или) хранения информации конфиденциального характера, и для всех учетных записей, используемых для осуществления доступа к сети Интернет;
ЗИС.17.3 Определение перечня ресурсов сети Интернет, на которых высока вероятность публикации информации конфиденциального характера ;
ЗИС.17.4 Мониторинг содержания указанных выше ресурсов сети Интернет с целью возможной публикации информации конфиденциального характера;
ЗИС.17.1 Мониторинг и контроль использования сервисов электронной почты (в том числе с использованием web-интерфейса) при передаче информации на внешние адреса электронной почты для всего трафика электронной почты и для всех учетных записей сервисов электронной почты ;
ЗИС.17.6 Мониторинг и контроль печати и (или) копирования информации на бумажных носителях для сегментов вычислительной сети организации, предназначенных для обработки и (или) хранения информации конфиденциального характера, и для всех учетных записей, используемых для осуществления печати информации;
ЗИС.17.12 Контроль физического доступа с целью предотвращения визуального и слухового ознакомления с информацией во все помещения, в которых осуществляется обработка и (или) хранение информации конфиденциального характера;
ЗИС.17.5 Мониторинг, контроль, блокирование копирования информации на переносные носители информации для всех средств вычислительной техники, мобильных устройств;
ЗИС.17.7 Контроль (блокирование) возможности использования и (или) доступа к информации конфиденциального характера на переносных носителях информации за пределами информационной инфраструктуры организации для всех переносных носителей информации вне зависимости от их использования для обработки и (или) хранения информации конфиденциального характера;
ЗИС.17.8 Блокирование возможности доступа к информации конфиденциального характера для всех средств вычислительной техники, используемых за пределами информационной инфраструктуры организации, вне зависимости от их использования для обработки и (или) хранения информации конфиденциального характера и всех информационных активов организации, к которым осуществляется удаленный доступ;
ЗИС.17.9 Определение перечня действий возможных внутренних нарушителей, связанных с доступом к информационным активам конфиденциальной информации, подвергаемых мониторингу и анализу для цели выявления потенциальных утечек информации. При этом рекомендуется подвергать мониторингу и анализу;
ЗИС.17.10 Мониторинг и анализ всех действий возможных внутренних нарушителей, связанных с доступом к информационным активам конфиденциальной информации, согласно определенному перечню для всех учтенных информационных активов;
ЗИС.17.11 Контроль передачи (выноса) всех средств вычислительной техники независимо от осуществления обработки и (или) хранения информации конфиденциального характера;
ИАФ.7.1 Организация защиты аутентификационной информации криптографическими методами шифрования трафика. Осуществление контроля целостности передаваемой аутентификационной информации. Организация защищенной передачи данных с использованием идентификаторов. Реализация методов динамической аутентификации.",Данные уточняются,Данные уточняются,Данные уточняются,Данные уточняются,Данные уточняются
СП.18.1,Доступ без авторизации,СП.18 Использование недостатков механизмов разграничения доступа,"В.1 Нарушитель, обладающий базовыми возможностями","УБИ.1 Угроза утечки информации;
УБИ.2 Угроза несанкционированного доступа;
УБИ.3 Угроза несанкционированной модификации (искажения);
УБИ.4 Угроза несанкционированной подмены;
УБИ.5 Угроза удаления информационных ресурсов;
УБИ.7 Угроза ненадлежащего (нецелевого) использования;
УБИ.8 Угроза нарушения функционирования (работоспособности);
УБИ.10 Угроза распространения противоправной информации;
УБИ.11 Угроза несанкционированного массового сбора информации","УПД.1.9 Предоставление пользователям прав доступа к объектам доступа, основываясь на задачах, решаемых пользователями;
УПД.2.1 Реализация дискреционного метода управления доступом, предусматривающего управление доступом субъектов доступа к объектам доступа на основе идентификационной информации субъекта и для каждого объекта доступа – списка, содержащего набор субъектов доступа (групп субъектов) и ассоциированных с ними типов доступа;
УПД.2.2 Реализация ролевого метода управления доступом, предусматривающего управление доступом субъектов доступа к объектам доступа на основе ролей субъектов доступа (совокупность действий и обязанностей, связанных с определенным видом деятельности);
УПД.2.3 Реализация мандатного метода управления доступом, предусматривающего управление доступом субъектов доступа к объектам доступа на основе сопоставления классификационных меток каждого субъекта доступа и каждого объекта доступа, отражающих классификационные уровни субъектов доступа и объектов доступа, являющиеся комбинациями иерархических и неиерархических категорий;
УПД.4.1 Разделение полномочий (ролей) пользователей, администраторов и лиц, обеспечивающих функционирование информационной системы, в соответствии с их должностными обязанностями (функциями). Определение в организационно-распорядительных документах по защите информации (документирование) полномочий (ролей) пользователей, администраторов и лиц, обеспечивающих функционирование информационной системы.;
ИАФ.5.1 Обеспечение однозначной идентификации и аутентификации пользователей для всех видов доступа, кроме тех видов доступа, которые определяются как действия, разрешенные до идентификации и аутентификации. ;
ОПО.1.1 Проведение поиска и получение обновлений программного обеспечения от доверенного источника;
ОПО.2.1 Проведение проверки целостности программного обеспечения путем сверки контрольных сумм, предоставляемых разработчиком;
ИАФ.1.1 Аутентификация пользователей с применением логина и пароля;
ИАФ.1.2 Аутентификация пользователей с применением аппаратных средств (токенов);
ИАФ.1.3 Аутентификация пользователей с применением одноразовых паролей;
ИАФ.1.4 Многофакторная (двухфакторная) аутентификация пользователей",Данные уточняются,Данные уточняются,Данные уточняются,Данные уточняются,Данные уточняются
СП.18.2,Использование ошибок или отсутствия проверки прав доступа,СП.18 Использование недостатков механизмов разграничения доступа,"В.2 Нарушитель, обладающий базовыми повышенными возможностями","УБИ.1 Угроза утечки информации;
УБИ.2 Угроза несанкционированного доступа;
УБИ.3 Угроза несанкционированной модификации (искажения);
УБИ.4 Угроза несанкционированной подмены;
УБИ.5 Угроза удаления информационных ресурсов;
УБИ.7 Угроза ненадлежащего (нецелевого) использования;
УБИ.8 Угроза нарушения функционирования (работоспособности);
УБИ.10 Угроза распространения противоправной информации;
УБИ.11 Угроза несанкционированного массового сбора информации","УПД.1.9 Предоставление пользователям прав доступа к объектам доступа, основываясь на задачах, решаемых пользователями;
УПД.2.1 Реализация дискреционного метода управления доступом, предусматривающего управление доступом субъектов доступа к объектам доступа на основе идентификационной информации субъекта и для каждого объекта доступа – списка, содержащего набор субъектов доступа (групп субъектов) и ассоциированных с ними типов доступа;
УПД.2.2 Реализация ролевого метода управления доступом, предусматривающего управление доступом субъектов доступа к объектам доступа на основе ролей субъектов доступа (совокупность действий и обязанностей, связанных с определенным видом деятельности);
УПД.2.3 Реализация мандатного метода управления доступом, предусматривающего управление доступом субъектов доступа к объектам доступа на основе сопоставления классификационных меток каждого субъекта доступа и каждого объекта доступа, отражающих классификационные уровни субъектов доступа и объектов доступа, являющиеся комбинациями иерархических и неиерархических категорий;
УПД.4.1 Разделение полномочий (ролей) пользователей, администраторов и лиц, обеспечивающих функционирование информационной системы, в соответствии с их должностными обязанностями (функциями). Определение в организационно-распорядительных документах по защите информации (документирование) полномочий (ролей) пользователей, администраторов и лиц, обеспечивающих функционирование информационной системы.;
ОПО.1.1 Проведение поиска и получение обновлений программного обеспечения от доверенного источника;
ОПО.2.1 Проведение проверки целостности программного обеспечения путем сверки контрольных сумм, предоставляемых разработчиком",Данные уточняются,Данные уточняются,Данные уточняются,Данные уточняются,Данные уточняются
СП.19.1,Модификация операционной системы путем загрузки с внешнего носителя,"СП.19 Модификация ОС (подмена системных файлов, внедрение вредоносного кода в системные процессы и ядро ОС)","В.2 Нарушитель, обладающий базовыми повышенными возможностями","УБИ.2 Угроза несанкционированного доступа;
УБИ.3 Угроза несанкционированной модификации (искажения);
УБИ.4 Угроза несанкционированной подмены;
УБИ.5 Угроза удаления информационных ресурсов;
УБИ.6 Угроза отказа в обслуживании;
УБИ.7 Угроза ненадлежащего (нецелевого) использования;
УБИ.8 Угроза нарушения функционирования (работоспособности)","ОЦЛ.1.5 Обеспечение физической защиты технических средств информационной системы;
УПД.3.2 Контроль доступа пользователей к процессу загрузки операционной системы;
ОЦЛ.1.1 Контроль целостности программного обеспечения средств защиты информации, включая их обновления, по наличию имен (идентификаторов) и (или) по контрольным суммам компонентов средств защиты информации в процессе загрузки и (или) динамически в процессе работы информационной системы ;
ОЦЛ.1.2 Контроль целостности компонентов программного обеспечения (за исключением средств защиты информации), определяемого оператором исходя из возможности реализации угроз безопасности информации, по наличию имен (идентификаторов) компонентов программного обеспечения и (или) по контрольным суммам в процессе загрузки и (или) динамически в процессе работы информационной системы;
ЗТС.2.1 Обеспечение контролируемой зоны, в пределах которой постоянно размещаются стационарные технические средства, обрабатывающие информацию, и средства защиты информации, а также средства обеспечения функционирования;
ЗТС.1.1 Защита информации, обрабатываемой техническими средствами, от ее утечки за счет побочных электромагнитных излучений и наводок;
ЗИС.14.2 Загрузка и выполнение на средствах вычислительной техники, определяемых оператором, операционной системы с машинных носителей информации, доступных только для чтения ;
УПД.3.1 Блокирование попыток несанкционированной загрузки нештатной операционной системы (среды) или недоступность информационных ресурсов для чтения или модификации в случае загрузки нештатной операционной системы;
УПД.3.3 Контроль целостности программного обеспечения и аппаратных компонентов средств вычислительной техники;
ЗИС.14.1 Выделение в составе операционной системы и прикладного программного обеспечения частей, немодифицируемых в процессе загрузки и выполнения, и размещение их на машинных носителях информации, доступных только для чтения ",Данные уточняются,Данные уточняются,Данные уточняются,Данные уточняются,Данные уточняются
СП.19.2,Модификация операционной системы из гипервизора,"СП.19 Модификация ОС (подмена системных файлов, внедрение вредоносного кода в системные процессы и ядро ОС)","В.2 Нарушитель, обладающий базовыми повышенными возможностями","УБИ.2 Угроза несанкционированного доступа;
УБИ.3 Угроза несанкционированной модификации (искажения);
УБИ.4 Угроза несанкционированной подмены;
УБИ.5 Угроза удаления информационных ресурсов;
УБИ.6 Угроза отказа в обслуживании;
УБИ.7 Угроза ненадлежащего (нецелевого) использования;
УБИ.8 Угроза нарушения функционирования (работоспособности)","ОЦЛ.1.5 Обеспечение физической защиты технических средств информационной системы;
УПД.3.2 Контроль доступа пользователей к процессу загрузки операционной системы;
АВЗ.1.5 Проверка в масштабе времени, близком к реальному, объектов (файлов) из внешних источников (съемных машинных носителей информации, сетевых подключений, в том числе к сетям общего пользования, и других внешних источников) при загрузке, открытии или исполнении таких файлов;
АВЗ.1.1 Применение средств антивирусной защиты на автоматизированных рабочих местах, серверах, периметральных средствах защиты информации (средствах межсетевого экранирования, прокси-серверах, почтовых шлюзах и других средствах защиты информации), мобильных технических средствах и иных точках доступа в информационной системе, подверженных внедрению (заражению) вредоносными компьютерными программами (вирусами) через съемные машинные носители информации или сетевые подключения, в том числе к сетям общего пользования (вложения электронной почты, веб- и другие сетевые сервисы) ;
АВЗ.2.1 Применение средств антивирусной защиты на прокси-серверах, почтовых шлюза, почтовых серверах и иных точках доступа в информационную систему, подверженных внедрению (заражению) вредоносными компьютерными программами (вирусами) через съемные машинные носители информации или сетевые подключения, в том числе к сетям общего пользования (вложения электронной почты, веб- и другие сетевые сервисы);
АВЗ.3.1 Проверку в масштабе времени, близком к реальному, объектов (файлов) архивных, исполняемых и зашифрованных при загрузке, открытии или исполнении таких файлов.;
ОЦЛ.1.1 Контроль целостности программного обеспечения средств защиты информации, включая их обновления, по наличию имен (идентификаторов) и (или) по контрольным суммам компонентов средств защиты информации в процессе загрузки и (или) динамически в процессе работы информационной системы ;
ОЦЛ.1.2 Контроль целостности компонентов программного обеспечения (за исключением средств защиты информации), определяемого оператором исходя из возможности реализации угроз безопасности информации, по наличию имен (идентификаторов) компонентов программного обеспечения и (или) по контрольным суммам в процессе загрузки и (или) динамически в процессе работы информационной системы;
АВЗ.1.4 Проведение периодических проверок компонентов информационной системы (автоматизированных рабочих мест, серверов, других средств вычислительной техники) на наличие вредоносных компьютерных программ (вирусов);
АВЗ.1.6 Оповещение администраторов безопасности в масштабе времени, близком к реальному, об обнаружении вредоносных компьютерных программ (вирусов);
АВЗ.1.7 Определение и выполнение действий по реагированию на обнаружение в информационной системе объектов, подвергшихся заражению вредоносными компьютерными программами (вирусами) ;
ЗИС.14.2 Загрузка и выполнение на средствах вычислительной техники, определяемых оператором, операционной системы с машинных носителей информации, доступных только для чтения ;
УПД.3.1 Блокирование попыток несанкционированной загрузки нештатной операционной системы (среды) или недоступность информационных ресурсов для чтения или модификации в случае загрузки нештатной операционной системы;
УПД.3.3 Контроль целостности программного обеспечения и аппаратных компонентов средств вычислительной техники;
ЗИС.14.1 Выделение в составе операционной системы и прикладного программного обеспечения частей, немодифицируемых в процессе загрузки и выполнения, и размещение их на машинных носителях информации, доступных только для чтения ",Данные уточняются,Данные уточняются,Данные уточняются,Данные уточняются,Данные уточняются
СП.19.3,"Модификация операционной системы в момент загрузки операционной системы, используя руткиты","СП.19 Модификация ОС (подмена системных файлов, внедрение вредоносного кода в системные процессы и ядро ОС)","В.3 Нарушитель, обладающий средними возможностями","УБИ.2 Угроза несанкционированного доступа;
УБИ.3 Угроза несанкционированной модификации (искажения);
УБИ.4 Угроза несанкционированной подмены;
УБИ.5 Угроза удаления информационных ресурсов;
УБИ.7 Угроза ненадлежащего (нецелевого) использования;
УБИ.8 Угроза нарушения функционирования (работоспособности)","ОЦЛ.1.5 Обеспечение физической защиты технических средств информационной системы;
УПД.3.2 Контроль доступа пользователей к процессу загрузки операционной системы;
АВЗ.1.5 Проверка в масштабе времени, близком к реальному, объектов (файлов) из внешних источников (съемных машинных носителей информации, сетевых подключений, в том числе к сетям общего пользования, и других внешних источников) при загрузке, открытии или исполнении таких файлов;
АВЗ.1.1 Применение средств антивирусной защиты на автоматизированных рабочих местах, серверах, периметральных средствах защиты информации (средствах межсетевого экранирования, прокси-серверах, почтовых шлюзах и других средствах защиты информации), мобильных технических средствах и иных точках доступа в информационной системе, подверженных внедрению (заражению) вредоносными компьютерными программами (вирусами) через съемные машинные носители информации или сетевые подключения, в том числе к сетям общего пользования (вложения электронной почты, веб- и другие сетевые сервисы) ;
АВЗ.2.1 Применение средств антивирусной защиты на прокси-серверах, почтовых шлюза, почтовых серверах и иных точках доступа в информационную систему, подверженных внедрению (заражению) вредоносными компьютерными программами (вирусами) через съемные машинные носители информации или сетевые подключения, в том числе к сетям общего пользования (вложения электронной почты, веб- и другие сетевые сервисы);
АВЗ.3.1 Проверку в масштабе времени, близком к реальному, объектов (файлов) архивных, исполняемых и зашифрованных при загрузке, открытии или исполнении таких файлов.;
ОЦЛ.1.1 Контроль целостности программного обеспечения средств защиты информации, включая их обновления, по наличию имен (идентификаторов) и (или) по контрольным суммам компонентов средств защиты информации в процессе загрузки и (или) динамически в процессе работы информационной системы ;
ОЦЛ.1.2 Контроль целостности компонентов программного обеспечения (за исключением средств защиты информации), определяемого оператором исходя из возможности реализации угроз безопасности информации, по наличию имен (идентификаторов) компонентов программного обеспечения и (или) по контрольным суммам в процессе загрузки и (или) динамически в процессе работы информационной системы;
АВЗ.1.4 Проведение периодических проверок компонентов информационной системы (автоматизированных рабочих мест, серверов, других средств вычислительной техники) на наличие вредоносных компьютерных программ (вирусов);
АВЗ.1.6 Оповещение администраторов безопасности в масштабе времени, близком к реальному, об обнаружении вредоносных компьютерных программ (вирусов);
АВЗ.1.7 Определение и выполнение действий по реагированию на обнаружение в информационной системе объектов, подвергшихся заражению вредоносными компьютерными программами (вирусами) ;
ЗИС.14.2 Загрузка и выполнение на средствах вычислительной техники, определяемых оператором, операционной системы с машинных носителей информации, доступных только для чтения ;
УПД.3.1 Блокирование попыток несанкционированной загрузки нештатной операционной системы (среды) или недоступность информационных ресурсов для чтения или модификации в случае загрузки нештатной операционной системы;
УПД.3.3 Контроль целостности программного обеспечения и аппаратных компонентов средств вычислительной техники;
ЗИС.14.1 Выделение в составе операционной системы и прикладного программного обеспечения частей, немодифицируемых в процессе загрузки и выполнения, и размещение их на машинных носителях информации, доступных только для чтения ",Данные уточняются,Данные уточняются,Данные уточняются,Данные уточняются,Данные уточняются
СП.19.4,"Изменение (подмена, удаление) системных файлов операционной системы","СП.19 Модификация ОС (подмена системных файлов, внедрение вредоносного кода в системные процессы и ядро ОС)","В.2 Нарушитель, обладающий базовыми повышенными возможностями","УБИ.2 Угроза несанкционированного доступа;
УБИ.3 Угроза несанкционированной модификации (искажения);
УБИ.4 Угроза несанкционированной подмены;
УБИ.5 Угроза удаления информационных ресурсов;
УБИ.6 Угроза отказа в обслуживании;
УБИ.7 Угроза ненадлежащего (нецелевого) использования;
УБИ.8 Угроза нарушения функционирования (работоспособности)","ОЦЛ.1.5 Обеспечение физической защиты технических средств информационной системы;
УПД.3.2 Контроль доступа пользователей к процессу загрузки операционной системы;
АВЗ.1.5 Проверка в масштабе времени, близком к реальному, объектов (файлов) из внешних источников (съемных машинных носителей информации, сетевых подключений, в том числе к сетям общего пользования, и других внешних источников) при загрузке, открытии или исполнении таких файлов;
АВЗ.1.1 Применение средств антивирусной защиты на автоматизированных рабочих местах, серверах, периметральных средствах защиты информации (средствах межсетевого экранирования, прокси-серверах, почтовых шлюзах и других средствах защиты информации), мобильных технических средствах и иных точках доступа в информационной системе, подверженных внедрению (заражению) вредоносными компьютерными программами (вирусами) через съемные машинные носители информации или сетевые подключения, в том числе к сетям общего пользования (вложения электронной почты, веб- и другие сетевые сервисы) ;
АВЗ.2.1 Применение средств антивирусной защиты на прокси-серверах, почтовых шлюза, почтовых серверах и иных точках доступа в информационную систему, подверженных внедрению (заражению) вредоносными компьютерными программами (вирусами) через съемные машинные носители информации или сетевые подключения, в том числе к сетям общего пользования (вложения электронной почты, веб- и другие сетевые сервисы);
АВЗ.3.1 Проверку в масштабе времени, близком к реальному, объектов (файлов) архивных, исполняемых и зашифрованных при загрузке, открытии или исполнении таких файлов.;
ОЦЛ.1.1 Контроль целостности программного обеспечения средств защиты информации, включая их обновления, по наличию имен (идентификаторов) и (или) по контрольным суммам компонентов средств защиты информации в процессе загрузки и (или) динамически в процессе работы информационной системы ;
ОЦЛ.1.2 Контроль целостности компонентов программного обеспечения (за исключением средств защиты информации), определяемого оператором исходя из возможности реализации угроз безопасности информации, по наличию имен (идентификаторов) компонентов программного обеспечения и (или) по контрольным суммам в процессе загрузки и (или) динамически в процессе работы информационной системы;
АВЗ.1.4 Проведение периодических проверок компонентов информационной системы (автоматизированных рабочих мест, серверов, других средств вычислительной техники) на наличие вредоносных компьютерных программ (вирусов);
АВЗ.1.6 Оповещение администраторов безопасности в масштабе времени, близком к реальному, об обнаружении вредоносных компьютерных программ (вирусов);
АВЗ.1.7 Определение и выполнение действий по реагированию на обнаружение в информационной системе объектов, подвергшихся заражению вредоносными компьютерными программами (вирусами) ;
ЗИС.14.2 Загрузка и выполнение на средствах вычислительной техники, определяемых оператором, операционной системы с машинных носителей информации, доступных только для чтения ;
УПД.3.1 Блокирование попыток несанкционированной загрузки нештатной операционной системы (среды) или недоступность информационных ресурсов для чтения или модификации в случае загрузки нештатной операционной системы;
УПД.3.3 Контроль целостности программного обеспечения и аппаратных компонентов средств вычислительной техники;
ЗИС.14.1 Выделение в составе операционной системы и прикладного программного обеспечения частей, немодифицируемых в процессе загрузки и выполнения, и размещение их на машинных носителях информации, доступных только для чтения ",Данные уточняются,Данные уточняются,Данные уточняются,Данные уточняются,Данные уточняются
СП.19.5,Модификация операционной системы при помощи руткитов (пользовательского и уровня ядра),"СП.19 Модификация ОС (подмена системных файлов, внедрение вредоносного кода в системные процессы и ядро ОС)","В.2 Нарушитель, обладающий базовыми повышенными возможностями","УБИ.2 Угроза несанкционированного доступа;
УБИ.3 Угроза несанкционированной модификации (искажения);
УБИ.4 Угроза несанкционированной подмены;
УБИ.5 Угроза удаления информационных ресурсов;
УБИ.7 Угроза ненадлежащего (нецелевого) использования;
УБИ.8 Угроза нарушения функционирования (работоспособности)","ОЦЛ.1.5 Обеспечение физической защиты технических средств информационной системы;
УПД.3.2 Контроль доступа пользователей к процессу загрузки операционной системы;
АВЗ.1.5 Проверка в масштабе времени, близком к реальному, объектов (файлов) из внешних источников (съемных машинных носителей информации, сетевых подключений, в том числе к сетям общего пользования, и других внешних источников) при загрузке, открытии или исполнении таких файлов;
АВЗ.1.1 Применение средств антивирусной защиты на автоматизированных рабочих местах, серверах, периметральных средствах защиты информации (средствах межсетевого экранирования, прокси-серверах, почтовых шлюзах и других средствах защиты информации), мобильных технических средствах и иных точках доступа в информационной системе, подверженных внедрению (заражению) вредоносными компьютерными программами (вирусами) через съемные машинные носители информации или сетевые подключения, в том числе к сетям общего пользования (вложения электронной почты, веб- и другие сетевые сервисы) ;
АВЗ.2.1 Применение средств антивирусной защиты на прокси-серверах, почтовых шлюза, почтовых серверах и иных точках доступа в информационную систему, подверженных внедрению (заражению) вредоносными компьютерными программами (вирусами) через съемные машинные носители информации или сетевые подключения, в том числе к сетям общего пользования (вложения электронной почты, веб- и другие сетевые сервисы);
АВЗ.3.1 Проверку в масштабе времени, близком к реальному, объектов (файлов) архивных, исполняемых и зашифрованных при загрузке, открытии или исполнении таких файлов.;
ОЦЛ.1.1 Контроль целостности программного обеспечения средств защиты информации, включая их обновления, по наличию имен (идентификаторов) и (или) по контрольным суммам компонентов средств защиты информации в процессе загрузки и (или) динамически в процессе работы информационной системы ;
ОЦЛ.1.2 Контроль целостности компонентов программного обеспечения (за исключением средств защиты информации), определяемого оператором исходя из возможности реализации угроз безопасности информации, по наличию имен (идентификаторов) компонентов программного обеспечения и (или) по контрольным суммам в процессе загрузки и (или) динамически в процессе работы информационной системы;
АВЗ.1.4 Проведение периодических проверок компонентов информационной системы (автоматизированных рабочих мест, серверов, других средств вычислительной техники) на наличие вредоносных компьютерных программ (вирусов);
АВЗ.1.6 Оповещение администраторов безопасности в масштабе времени, близком к реальному, об обнаружении вредоносных компьютерных программ (вирусов);
АВЗ.1.7 Определение и выполнение действий по реагированию на обнаружение в информационной системе объектов, подвергшихся заражению вредоносными компьютерными программами (вирусами) ;
ЗИС.14.2 Загрузка и выполнение на средствах вычислительной техники, определяемых оператором, операционной системы с машинных носителей информации, доступных только для чтения ;
УПД.3.1 Блокирование попыток несанкционированной загрузки нештатной операционной системы (среды) или недоступность информационных ресурсов для чтения или модификации в случае загрузки нештатной операционной системы;
УПД.3.3 Контроль целостности программного обеспечения и аппаратных компонентов средств вычислительной техники;
ЗИС.14.1 Выделение в составе операционной системы и прикладного программного обеспечения частей, немодифицируемых в процессе загрузки и выполнения, и размещение их на машинных носителях информации, доступных только для чтения ",Данные уточняются,Данные уточняются,Данные уточняются,Данные уточняются,Данные уточняются
СП.20.1,Сбор данных перебором веб-страниц скриптом,СП.20 Автоматический сбор человеко-читаемых данных,"В.1 Нарушитель, обладающий базовыми возможностями","УБИ.1 Угроза утечки информации;
УБИ.2 Угроза несанкционированного доступа;
УБИ.11 Угроза несанкционированного массового сбора информации","ЗИС.17.3 Определение перечня ресурсов сети Интернет, на которых высока вероятность публикации информации конфиденциального характера ;
ЗИС.17.4 Мониторинг содержания указанных выше ресурсов сети Интернет с целью возможной публикации информации конфиденциального характера;
ЗИС.8.1 Воспроизведение ложных и (или) скрытие истинных отдельных информационных технологий и (или) структурно-функциональных характеристик информационной системы или ее сегментов, обеспечивающее навязывание у нарушителя ложного представления об истинных информационных технологиях и (или) структурно-функциональных характеристиках информационной системы",Данные уточняются,Данные уточняются,Данные уточняются,Данные уточняются,Данные уточняются
СП.20.2,Сбор данных перебором веб-страниц браузером,СП.20 Автоматический сбор человеко-читаемых данных,"В.1 Нарушитель, обладающий базовыми возможностями","УБИ.1 Угроза утечки информации;
УБИ.2 Угроза несанкционированного доступа;
УБИ.11 Угроза несанкционированного массового сбора информации","ЗИС.17.3 Определение перечня ресурсов сети Интернет, на которых высока вероятность публикации информации конфиденциального характера ;
ЗИС.17.4 Мониторинг содержания указанных выше ресурсов сети Интернет с целью возможной публикации информации конфиденциального характера;
ЗИС.8.1 Воспроизведение ложных и (или) скрытие истинных отдельных информационных технологий и (или) структурно-функциональных характеристик информационной системы или ее сегментов, обеспечивающее навязывание у нарушителя ложного представления об истинных информационных технологиях и (или) структурно-функциональных характеристиках информационной системы",Данные уточняются,Данные уточняются,Данные уточняются,Данные уточняются,Данные уточняются
СП.20.3,Сбор данных путем эмуляции мобильного приложения,СП.20 Автоматический сбор человеко-читаемых данных,"В.1 Нарушитель, обладающий базовыми возможностями","УБИ.1 Угроза утечки информации;
УБИ.2 Угроза несанкционированного доступа;
УБИ.11 Угроза несанкционированного массового сбора информации","ЗИС.17.3 Определение перечня ресурсов сети Интернет, на которых высока вероятность публикации информации конфиденциального характера ;
ЗИС.17.4 Мониторинг содержания указанных выше ресурсов сети Интернет с целью возможной публикации информации конфиденциального характера;
ЗИС.8.1 Воспроизведение ложных и (или) скрытие истинных отдельных информационных технологий и (или) структурно-функциональных характеристик информационной системы или ее сегментов, обеспечивающее навязывание у нарушителя ложного представления об истинных информационных технологиях и (или) структурно-функциональных характеристиках информационной системы",Данные уточняются,Данные уточняются,Данные уточняются,Данные уточняются,Данные уточняются
СП.20.4,Сбор данных используя API интерфейс,СП.20 Автоматический сбор человеко-читаемых данных,"В.1 Нарушитель, обладающий базовыми возможностями","УБИ.1 Угроза утечки информации;
УБИ.2 Угроза несанкционированного доступа;
УБИ.11 Угроза несанкционированного массового сбора информации","ЗИС.17.3 Определение перечня ресурсов сети Интернет, на которых высока вероятность публикации информации конфиденциального характера ;
ЗИС.17.4 Мониторинг содержания указанных выше ресурсов сети Интернет с целью возможной публикации информации конфиденциального характера;
ЗИС.8.1 Воспроизведение ложных и (или) скрытие истинных отдельных информационных технологий и (или) структурно-функциональных характеристик информационной системы или ее сегментов, обеспечивающее навязывание у нарушителя ложного представления об истинных информационных технологиях и (или) структурно-функциональных характеристиках информационной системы",Данные уточняются,Данные уточняются,Данные уточняются,Данные уточняются,Данные уточняются
СП.21.1,Повреждение загрузочной области,СП.21 Повреждение данных,"В.2 Нарушитель, обладающий базовыми повышенными возможностями","УБИ.3 Угроза несанкционированной модификации (искажения);
УБИ.8 Угроза нарушения функционирования (работоспособности)","УПД.1.9 Предоставление пользователям прав доступа к объектам доступа, основываясь на задачах, решаемых пользователями;
ЗТС.3.1 Контроль и управление физическим доступом к техническим средствам, средствам защиты информации, средствам обеспечения функционирования, а также в помещения и сооружения, в которых они установлены, исключающие несанкционированный физический доступ к средствам обработки информации, средствам защиты информации и средствам обеспечения функционирования информационной системы и помещения и сооружения, в которых они установлены;
УПД.5.1 Назначение прав и привилегий пользователям и запускаемым от их имени процессам, администраторам и лицам, обеспечивающим функционирование, минимально необходимых для выполнения ими своих должностных обязанностей (функций), и санкционирование доступа к объектам доступа в соответствии с минимально необходимыми правами и привилегиями;
УПД.13.2 Ограничение на использование удаленного доступа в соответствии с задачами (функциями), для решения которых такой доступ необходим, и предоставление удаленного доступа для каждого разрешенного вида удаленного доступа;
УПД.13.3 Предоставление удаленного доступа только тем пользователям, которым он необходим для выполнения установленных должностных обязанностей (функций);
АВЗ.1.5 Проверка в масштабе времени, близком к реальному, объектов (файлов) из внешних источников (съемных машинных носителей информации, сетевых подключений, в том числе к сетям общего пользования, и других внешних источников) при загрузке, открытии или исполнении таких файлов;
АВЗ.1.1 Применение средств антивирусной защиты на автоматизированных рабочих местах, серверах, периметральных средствах защиты информации (средствах межсетевого экранирования, прокси-серверах, почтовых шлюзах и других средствах защиты информации), мобильных технических средствах и иных точках доступа в информационной системе, подверженных внедрению (заражению) вредоносными компьютерными программами (вирусами) через съемные машинные носители информации или сетевые подключения, в том числе к сетям общего пользования (вложения электронной почты, веб- и другие сетевые сервисы) ;
АВЗ.2.1 Применение средств антивирусной защиты на прокси-серверах, почтовых шлюза, почтовых серверах и иных точках доступа в информационную систему, подверженных внедрению (заражению) вредоносными компьютерными программами (вирусами) через съемные машинные носители информации или сетевые подключения, в том числе к сетям общего пользования (вложения электронной почты, веб- и другие сетевые сервисы);
АВЗ.3.1 Проверку в масштабе времени, близком к реальному, объектов (файлов) архивных, исполняемых и зашифрованных при загрузке, открытии или исполнении таких файлов.;
ЗИС.7.1 Применение специально созданных (эмулированных) ложных компонентов информационной системы или создание ложных информационных систем, предназначенных для обнаружения, регистрации и анализа действий нарушителей в процессе реализации угроз безопасности информации;
ЗТС.2.1 Обеспечение контролируемой зоны, в пределах которой постоянно размещаются стационарные технические средства, обрабатывающие информацию, и средства защиты информации, а также средства обеспечения функционирования;
АВЗ.1.4 Проведение периодических проверок компонентов информационной системы (автоматизированных рабочих мест, серверов, других средств вычислительной техники) на наличие вредоносных компьютерных программ (вирусов);
АВЗ.1.6 Оповещение администраторов безопасности в масштабе времени, близком к реальному, об обнаружении вредоносных компьютерных программ (вирусов);
АВЗ.1.7 Определение и выполнение действий по реагированию на обнаружение в информационной системе объектов, подвергшихся заражению вредоносными компьютерными программами (вирусами) ;
ОДТ.4.1 Резервное копирование информации на резервные машинные носители информации с установленной оператором периодичностью;
ОДТ.4.4 Принятие мер для защиты резервируемой информации, обеспечивающих ее конфиденциальность, целостность и доступность ;
ЗИС.14.1 Выделение в составе операционной системы и прикладного программного обеспечения частей, немодифицируемых в процессе загрузки и выполнения, и размещение их на машинных носителях информации, доступных только для чтения ",Данные уточняются,Данные уточняются,Данные уточняются,Данные уточняются,Данные уточняются
СП.21.2,Затирание данных (wiping),СП.21 Повреждение данных,"В.2 Нарушитель, обладающий базовыми повышенными возможностями","УБИ.3 Угроза несанкционированной модификации (искажения);
УБИ.5 Угроза удаления информационных ресурсов;
УБИ.6 Угроза отказа в обслуживании;
УБИ.8 Угроза нарушения функционирования (работоспособности)","УПД.1.9 Предоставление пользователям прав доступа к объектам доступа, основываясь на задачах, решаемых пользователями;
ЗТС.3.1 Контроль и управление физическим доступом к техническим средствам, средствам защиты информации, средствам обеспечения функционирования, а также в помещения и сооружения, в которых они установлены, исключающие несанкционированный физический доступ к средствам обработки информации, средствам защиты информации и средствам обеспечения функционирования информационной системы и помещения и сооружения, в которых они установлены;
УПД.5.1 Назначение прав и привилегий пользователям и запускаемым от их имени процессам, администраторам и лицам, обеспечивающим функционирование, минимально необходимых для выполнения ими своих должностных обязанностей (функций), и санкционирование доступа к объектам доступа в соответствии с минимально необходимыми правами и привилегиями;
УПД.13.2 Ограничение на использование удаленного доступа в соответствии с задачами (функциями), для решения которых такой доступ необходим, и предоставление удаленного доступа для каждого разрешенного вида удаленного доступа;
УПД.13.3 Предоставление удаленного доступа только тем пользователям, которым он необходим для выполнения установленных должностных обязанностей (функций);
АВЗ.1.5 Проверка в масштабе времени, близком к реальному, объектов (файлов) из внешних источников (съемных машинных носителей информации, сетевых подключений, в том числе к сетям общего пользования, и других внешних источников) при загрузке, открытии или исполнении таких файлов;
АВЗ.1.1 Применение средств антивирусной защиты на автоматизированных рабочих местах, серверах, периметральных средствах защиты информации (средствах межсетевого экранирования, прокси-серверах, почтовых шлюзах и других средствах защиты информации), мобильных технических средствах и иных точках доступа в информационной системе, подверженных внедрению (заражению) вредоносными компьютерными программами (вирусами) через съемные машинные носители информации или сетевые подключения, в том числе к сетям общего пользования (вложения электронной почты, веб- и другие сетевые сервисы) ;
АВЗ.2.1 Применение средств антивирусной защиты на прокси-серверах, почтовых шлюза, почтовых серверах и иных точках доступа в информационную систему, подверженных внедрению (заражению) вредоносными компьютерными программами (вирусами) через съемные машинные носители информации или сетевые подключения, в том числе к сетям общего пользования (вложения электронной почты, веб- и другие сетевые сервисы);
АВЗ.3.1 Проверку в масштабе времени, близком к реальному, объектов (файлов) архивных, исполняемых и зашифрованных при загрузке, открытии или исполнении таких файлов.;
ЗИС.7.1 Применение специально созданных (эмулированных) ложных компонентов информационной системы или создание ложных информационных систем, предназначенных для обнаружения, регистрации и анализа действий нарушителей в процессе реализации угроз безопасности информации;
ЗТС.2.1 Обеспечение контролируемой зоны, в пределах которой постоянно размещаются стационарные технические средства, обрабатывающие информацию, и средства защиты информации, а также средства обеспечения функционирования;
АВЗ.1.4 Проведение периодических проверок компонентов информационной системы (автоматизированных рабочих мест, серверов, других средств вычислительной техники) на наличие вредоносных компьютерных программ (вирусов);
АВЗ.1.6 Оповещение администраторов безопасности в масштабе времени, близком к реальному, об обнаружении вредоносных компьютерных программ (вирусов);
АВЗ.1.7 Определение и выполнение действий по реагированию на обнаружение в информационной системе объектов, подвергшихся заражению вредоносными компьютерными программами (вирусами) ;
ОДТ.4.1 Резервное копирование информации на резервные машинные носители информации с установленной оператором периодичностью;
ОДТ.4.4 Принятие мер для защиты резервируемой информации, обеспечивающих ее конфиденциальность, целостность и доступность ;
ЗИС.13.1 Защита архивных файлов, параметров настройки средств защиты информации и программного обеспечения, иных данных, не подлежащих изменению в процессе обработки информации;
ЗИС.14.2 Загрузка и выполнение на средствах вычислительной техники, определяемых оператором, операционной системы с машинных носителей информации, доступных только для чтения ;
ЗИС.14.3 Загрузка и выполнение на средствах вычислительной техники прикладного программного обеспечения, определяемого оператором, с машинных носителей информации, доступных только для чтения ",Данные уточняются,Данные уточняются,Данные уточняются,Данные уточняются,Данные уточняются
СП.21.3,Искажение данных,СП.21 Повреждение данных,"В.2 Нарушитель, обладающий базовыми повышенными возможностями","УБИ.3 Угроза несанкционированной модификации (искажения);
УБИ.5 Угроза удаления информационных ресурсов;
УБИ.6 Угроза отказа в обслуживании;
УБИ.8 Угроза нарушения функционирования (работоспособности)","УПД.1.9 Предоставление пользователям прав доступа к объектам доступа, основываясь на задачах, решаемых пользователями;
ЗТС.3.1 Контроль и управление физическим доступом к техническим средствам, средствам защиты информации, средствам обеспечения функционирования, а также в помещения и сооружения, в которых они установлены, исключающие несанкционированный физический доступ к средствам обработки информации, средствам защиты информации и средствам обеспечения функционирования информационной системы и помещения и сооружения, в которых они установлены;
УПД.5.1 Назначение прав и привилегий пользователям и запускаемым от их имени процессам, администраторам и лицам, обеспечивающим функционирование, минимально необходимых для выполнения ими своих должностных обязанностей (функций), и санкционирование доступа к объектам доступа в соответствии с минимально необходимыми правами и привилегиями;
УПД.13.2 Ограничение на использование удаленного доступа в соответствии с задачами (функциями), для решения которых такой доступ необходим, и предоставление удаленного доступа для каждого разрешенного вида удаленного доступа;
УПД.13.3 Предоставление удаленного доступа только тем пользователям, которым он необходим для выполнения установленных должностных обязанностей (функций);
АВЗ.1.5 Проверка в масштабе времени, близком к реальному, объектов (файлов) из внешних источников (съемных машинных носителей информации, сетевых подключений, в том числе к сетям общего пользования, и других внешних источников) при загрузке, открытии или исполнении таких файлов;
АВЗ.1.1 Применение средств антивирусной защиты на автоматизированных рабочих местах, серверах, периметральных средствах защиты информации (средствах межсетевого экранирования, прокси-серверах, почтовых шлюзах и других средствах защиты информации), мобильных технических средствах и иных точках доступа в информационной системе, подверженных внедрению (заражению) вредоносными компьютерными программами (вирусами) через съемные машинные носители информации или сетевые подключения, в том числе к сетям общего пользования (вложения электронной почты, веб- и другие сетевые сервисы) ;
АВЗ.2.1 Применение средств антивирусной защиты на прокси-серверах, почтовых шлюза, почтовых серверах и иных точках доступа в информационную систему, подверженных внедрению (заражению) вредоносными компьютерными программами (вирусами) через съемные машинные носители информации или сетевые подключения, в том числе к сетям общего пользования (вложения электронной почты, веб- и другие сетевые сервисы);
АВЗ.3.1 Проверку в масштабе времени, близком к реальному, объектов (файлов) архивных, исполняемых и зашифрованных при загрузке, открытии или исполнении таких файлов.;
ЗИС.7.1 Применение специально созданных (эмулированных) ложных компонентов информационной системы или создание ложных информационных систем, предназначенных для обнаружения, регистрации и анализа действий нарушителей в процессе реализации угроз безопасности информации;
ЗТС.2.1 Обеспечение контролируемой зоны, в пределах которой постоянно размещаются стационарные технические средства, обрабатывающие информацию, и средства защиты информации, а также средства обеспечения функционирования;
АВЗ.1.4 Проведение периодических проверок компонентов информационной системы (автоматизированных рабочих мест, серверов, других средств вычислительной техники) на наличие вредоносных компьютерных программ (вирусов);
АВЗ.1.6 Оповещение администраторов безопасности в масштабе времени, близком к реальному, об обнаружении вредоносных компьютерных программ (вирусов);
АВЗ.1.7 Определение и выполнение действий по реагированию на обнаружение в информационной системе объектов, подвергшихся заражению вредоносными компьютерными программами (вирусами) ;
ОДТ.4.1 Резервное копирование информации на резервные машинные носители информации с установленной оператором периодичностью;
ОДТ.4.4 Принятие мер для защиты резервируемой информации, обеспечивающих ее конфиденциальность, целостность и доступность ;
ЗИС.13.1 Защита архивных файлов, параметров настройки средств защиты информации и программного обеспечения, иных данных, не подлежащих изменению в процессе обработки информации;
ЗИС.14.2 Загрузка и выполнение на средствах вычислительной техники, определяемых оператором, операционной системы с машинных носителей информации, доступных только для чтения ;
ЗИС.14.3 Загрузка и выполнение на средствах вычислительной техники прикладного программного обеспечения, определяемого оператором, с машинных носителей информации, доступных только для чтения ",Данные уточняются,Данные уточняются,Данные уточняются,Данные уточняются,Данные уточняются
СП.22.1,SQL-инъекция,СП.22 Атака на Веб-приложение,"В.2 Нарушитель, обладающий базовыми повышенными возможностями","УБИ.2 Угроза несанкционированного доступа;
УБИ.3 Угроза несанкционированной модификации (искажения);
УБИ.4 Угроза несанкционированной подмены;
УБИ.5 Угроза удаления информационных ресурсов;
УБИ.7 Угроза ненадлежащего (нецелевого) использования;
УБИ.8 Угроза нарушения функционирования (работоспособности);
УБИ.10 Угроза распространения противоправной информации;
УБИ.11 Угроза несанкционированного массового сбора информации","АУД.2.1 Выявление (поиск) уязвимостей, связанных с ошибками кода в программном (микропрограммном) обеспечении (общесистемном, прикладном, специальном), а также программном обеспечении средств защиты информации, правильностью установки и настройки средств защиты информации, технических средств и программного обеспечения, а также корректностью работы средств защиты информации при их взаимодействии с техническими средствами и программным обеспечением ;
АУД.2.2 Разработка по результатам выявления (поиска) уязвимостей отчетов с описанием выявленных уязвимостей и планом мероприятий по их устранению; анализ отчетов с результатами поиска уязвимостей и оценки достаточности реализованных мер защиты информации ;
АУД.2.3 Устранение выявленных уязвимостей, в том числе путем установки обновлений программного обеспечения средств защиты информации, общесистемного программного обеспечения, прикладного программного обеспечения или микропрограммного обеспечения технических средств ;
АУД.2.4 Информирование должностных лиц оператора (пользователей, администраторов, подразделения по защите информации) о результатах поиска уязвимостей и оценки достаточности реализованных мер защиты информации ;
ЗИС.35.1 Фильтрация сетевого трафика, в том числе между внешними сетями и внутренними, в том числе при организации сетевого обмена с сетями связи общего пользования;
ЗИС.35.7 Семантический и статистический анализ сетевого трафика вычислительной сети",Данные уточняются,Данные уточняются,Данные уточняются,Данные уточняются,Данные уточняются
СП.22.2,Инъекция в шаблон на сервере (SSTI),СП.22 Атака на Веб-приложение,"В.2 Нарушитель, обладающий базовыми повышенными возможностями","УБИ.2 Угроза несанкционированного доступа;
УБИ.3 Угроза несанкционированной модификации (искажения);
УБИ.4 Угроза несанкционированной подмены;
УБИ.5 Угроза удаления информационных ресурсов;
УБИ.7 Угроза ненадлежащего (нецелевого) использования;
УБИ.8 Угроза нарушения функционирования (работоспособности);
УБИ.10 Угроза распространения противоправной информации;
УБИ.11 Угроза несанкционированного массового сбора информации","АУД.2.1 Выявление (поиск) уязвимостей, связанных с ошибками кода в программном (микропрограммном) обеспечении (общесистемном, прикладном, специальном), а также программном обеспечении средств защиты информации, правильностью установки и настройки средств защиты информации, технических средств и программного обеспечения, а также корректностью работы средств защиты информации при их взаимодействии с техническими средствами и программным обеспечением ;
АУД.2.2 Разработка по результатам выявления (поиска) уязвимостей отчетов с описанием выявленных уязвимостей и планом мероприятий по их устранению; анализ отчетов с результатами поиска уязвимостей и оценки достаточности реализованных мер защиты информации ;
АУД.2.3 Устранение выявленных уязвимостей, в том числе путем установки обновлений программного обеспечения средств защиты информации, общесистемного программного обеспечения, прикладного программного обеспечения или микропрограммного обеспечения технических средств ;
АУД.2.4 Информирование должностных лиц оператора (пользователей, администраторов, подразделения по защите информации) о результатах поиска уязвимостей и оценки достаточности реализованных мер защиты информации ;
ОЦЛ.4.2 Вводимые данные должны проверяться на наличие конструкций, которые могут быть интерпретированы программно-техническими средствами информационной системы как исполняемые команды;
ЗИС.35.1 Фильтрация сетевого трафика, в том числе между внешними сетями и внутренними, в том числе при организации сетевого обмена с сетями связи общего пользования;
ЗИС.35.7 Семантический и статистический анализ сетевого трафика вычислительной сети;
ОЦЛ.1.2 Контроль целостности компонентов программного обеспечения (за исключением средств защиты информации), определяемого оператором исходя из возможности реализации угроз безопасности информации, по наличию имен (идентификаторов) компонентов программного обеспечения и (или) по контрольным суммам в процессе загрузки и (или) динамически в процессе работы информационной системы;
ОЦЛ.4.1 Контроль точности, полноты и правильности данных, вводимых в информационную систему, обеспечивается путем установления и проверки соблюдения форматов ввода данных, синтаксических, семантических и (или) иных правил ввода информации в информационную систему (допустимые наборы символов, размерность, область числовых значений, допустимые значения, количество символов) для подтверждения того, что ввод информации соответствует заданному оператором формату и содержанию.;
ОЦЛ.2.1 Контроль целостности с периодичностью, установленной оператором, структуры базы данных по наличию имен (идентификаторов) и (или) по контрольным суммам программных компонент базы данных в процессе загрузки и (или) динамически в процессе работы информационной системы",Данные уточняются,Данные уточняются,Данные уточняются,Данные уточняются,Данные уточняются
СП.22.3,Межсайтовый скриптинг (XSS) с запросами через сервер,СП.22 Атака на Веб-приложение,"В.2 Нарушитель, обладающий базовыми повышенными возможностями","УБИ.2 Угроза несанкционированного доступа;
УБИ.3 Угроза несанкционированной модификации (искажения);
УБИ.4 Угроза несанкционированной подмены;
УБИ.5 Угроза удаления информационных ресурсов;
УБИ.7 Угроза ненадлежащего (нецелевого) использования;
УБИ.8 Угроза нарушения функционирования (работоспособности);
УБИ.10 Угроза распространения противоправной информации;
УБИ.11 Угроза несанкционированного массового сбора информации","АУД.2.1 Выявление (поиск) уязвимостей, связанных с ошибками кода в программном (микропрограммном) обеспечении (общесистемном, прикладном, специальном), а также программном обеспечении средств защиты информации, правильностью установки и настройки средств защиты информации, технических средств и программного обеспечения, а также корректностью работы средств защиты информации при их взаимодействии с техническими средствами и программным обеспечением ;
АУД.2.2 Разработка по результатам выявления (поиска) уязвимостей отчетов с описанием выявленных уязвимостей и планом мероприятий по их устранению; анализ отчетов с результатами поиска уязвимостей и оценки достаточности реализованных мер защиты информации ;
АУД.2.3 Устранение выявленных уязвимостей, в том числе путем установки обновлений программного обеспечения средств защиты информации, общесистемного программного обеспечения, прикладного программного обеспечения или микропрограммного обеспечения технических средств ;
АУД.2.4 Информирование должностных лиц оператора (пользователей, администраторов, подразделения по защите информации) о результатах поиска уязвимостей и оценки достаточности реализованных мер защиты информации ;
ЗИС.35.1 Фильтрация сетевого трафика, в том числе между внешними сетями и внутренними, в том числе при организации сетевого обмена с сетями связи общего пользования;
ЗИС.35.7 Семантический и статистический анализ сетевого трафика вычислительной сети",Данные уточняются,Данные уточняются,Данные уточняются,Данные уточняются,Данные уточняются
СП.22.4,Межсайтовый скриптинг (XSS) без участия сервера,СП.22 Атака на Веб-приложение,"В.2 Нарушитель, обладающий базовыми повышенными возможностями","УБИ.2 Угроза несанкционированного доступа;
УБИ.3 Угроза несанкционированной модификации (искажения);
УБИ.4 Угроза несанкционированной подмены;
УБИ.5 Угроза удаления информационных ресурсов;
УБИ.7 Угроза ненадлежащего (нецелевого) использования;
УБИ.8 Угроза нарушения функционирования (работоспособности);
УБИ.10 Угроза распространения противоправной информации;
УБИ.11 Угроза несанкционированного массового сбора информации","АУД.2.1 Выявление (поиск) уязвимостей, связанных с ошибками кода в программном (микропрограммном) обеспечении (общесистемном, прикладном, специальном), а также программном обеспечении средств защиты информации, правильностью установки и настройки средств защиты информации, технических средств и программного обеспечения, а также корректностью работы средств защиты информации при их взаимодействии с техническими средствами и программным обеспечением ;
АУД.2.2 Разработка по результатам выявления (поиска) уязвимостей отчетов с описанием выявленных уязвимостей и планом мероприятий по их устранению; анализ отчетов с результатами поиска уязвимостей и оценки достаточности реализованных мер защиты информации ;
АУД.2.3 Устранение выявленных уязвимостей, в том числе путем установки обновлений программного обеспечения средств защиты информации, общесистемного программного обеспечения, прикладного программного обеспечения или микропрограммного обеспечения технических средств ;
АУД.2.4 Информирование должностных лиц оператора (пользователей, администраторов, подразделения по защите информации) о результатах поиска уязвимостей и оценки достаточности реализованных мер защиты информации ;
ОЦЛ.4.2 Вводимые данные должны проверяться на наличие конструкций, которые могут быть интерпретированы программно-техническими средствами информационной системы как исполняемые команды;
ЗИС.35.1 Фильтрация сетевого трафика, в том числе между внешними сетями и внутренними, в том числе при организации сетевого обмена с сетями связи общего пользования;
ЗИС.35.7 Семантический и статистический анализ сетевого трафика вычислительной сети;
ОЦЛ.1.2 Контроль целостности компонентов программного обеспечения (за исключением средств защиты информации), определяемого оператором исходя из возможности реализации угроз безопасности информации, по наличию имен (идентификаторов) компонентов программного обеспечения и (или) по контрольным суммам в процессе загрузки и (или) динамически в процессе работы информационной системы;
ИПО.1.1 Информирование персонала об угрозах безопасности информации и о правилах безопасной работы;
ИПО.2.1 Обучение персонала правилам безопасной работы;
ИПО.3.1 Проведение практических занятий с персоналом по правилам безопасной работы;
ИПО.4.1 Контроль осведомленности персонала об угрозах безопасности информации и о правилах безопасной работы;
ОЦЛ.4.1 Контроль точности, полноты и правильности данных, вводимых в информационную систему, обеспечивается путем установления и проверки соблюдения форматов ввода данных, синтаксических, семантических и (или) иных правил ввода информации в информационную систему (допустимые наборы символов, размерность, область числовых значений, допустимые значения, количество символов) для подтверждения того, что ввод информации соответствует заданному оператором формату и содержанию.;
ОЦЛ.2.1 Контроль целостности с периодичностью, установленной оператором, структуры базы данных по наличию имен (идентификаторов) и (или) по контрольным суммам программных компонент базы данных в процессе загрузки и (или) динамически в процессе работы информационной системы",Данные уточняются,Данные уточняются,Данные уточняются,Данные уточняются,Данные уточняются
СП.22.5,Инъекция системных команд (OS injection),СП.22 Атака на Веб-приложение,"В.2 Нарушитель, обладающий базовыми повышенными возможностями","УБИ.2 Угроза несанкционированного доступа;
УБИ.3 Угроза несанкционированной модификации (искажения);
УБИ.4 Угроза несанкционированной подмены;
УБИ.5 Угроза удаления информационных ресурсов;
УБИ.7 Угроза ненадлежащего (нецелевого) использования;
УБИ.8 Угроза нарушения функционирования (работоспособности);
УБИ.10 Угроза распространения противоправной информации;
УБИ.11 Угроза несанкционированного массового сбора информации","АУД.2.1 Выявление (поиск) уязвимостей, связанных с ошибками кода в программном (микропрограммном) обеспечении (общесистемном, прикладном, специальном), а также программном обеспечении средств защиты информации, правильностью установки и настройки средств защиты информации, технических средств и программного обеспечения, а также корректностью работы средств защиты информации при их взаимодействии с техническими средствами и программным обеспечением ;
АУД.2.2 Разработка по результатам выявления (поиска) уязвимостей отчетов с описанием выявленных уязвимостей и планом мероприятий по их устранению; анализ отчетов с результатами поиска уязвимостей и оценки достаточности реализованных мер защиты информации ;
АУД.2.3 Устранение выявленных уязвимостей, в том числе путем установки обновлений программного обеспечения средств защиты информации, общесистемного программного обеспечения, прикладного программного обеспечения или микропрограммного обеспечения технических средств ;
АУД.2.4 Информирование должностных лиц оператора (пользователей, администраторов, подразделения по защите информации) о результатах поиска уязвимостей и оценки достаточности реализованных мер защиты информации ;
ОЦЛ.4.2 Вводимые данные должны проверяться на наличие конструкций, которые могут быть интерпретированы программно-техническими средствами информационной системы как исполняемые команды;
ЗИС.35.1 Фильтрация сетевого трафика, в том числе между внешними сетями и внутренними, в том числе при организации сетевого обмена с сетями связи общего пользования;
ЗИС.35.7 Семантический и статистический анализ сетевого трафика вычислительной сети;
ОЦЛ.1.2 Контроль целостности компонентов программного обеспечения (за исключением средств защиты информации), определяемого оператором исходя из возможности реализации угроз безопасности информации, по наличию имен (идентификаторов) компонентов программного обеспечения и (или) по контрольным суммам в процессе загрузки и (или) динамически в процессе работы информационной системы;
ОЦЛ.4.1 Контроль точности, полноты и правильности данных, вводимых в информационную систему, обеспечивается путем установления и проверки соблюдения форматов ввода данных, синтаксических, семантических и (или) иных правил ввода информации в информационную систему (допустимые наборы символов, размерность, область числовых значений, допустимые значения, количество символов) для подтверждения того, что ввод информации соответствует заданному оператором формату и содержанию.;
ОЦЛ.2.1 Контроль целостности с периодичностью, установленной оператором, структуры базы данных по наличию имен (идентификаторов) и (или) по контрольным суммам программных компонент базы данных в процессе загрузки и (или) динамически в процессе работы информационной системы",Данные уточняются,Данные уточняются,Данные уточняются,Данные уточняются,Данные уточняются
СП.22.6,Обход механизмов разграничения доступа,СП.22 Атака на Веб-приложение,"В.2 Нарушитель, обладающий базовыми повышенными возможностями","УБИ.2 Угроза несанкционированного доступа;
УБИ.3 Угроза несанкционированной модификации (искажения);
УБИ.4 Угроза несанкционированной подмены;
УБИ.5 Угроза удаления информационных ресурсов;
УБИ.7 Угроза ненадлежащего (нецелевого) использования;
УБИ.8 Угроза нарушения функционирования (работоспособности);
УБИ.10 Угроза распространения противоправной информации;
УБИ.11 Угроза несанкционированного массового сбора информации","АУД.2.1 Выявление (поиск) уязвимостей, связанных с ошибками кода в программном (микропрограммном) обеспечении (общесистемном, прикладном, специальном), а также программном обеспечении средств защиты информации, правильностью установки и настройки средств защиты информации, технических средств и программного обеспечения, а также корректностью работы средств защиты информации при их взаимодействии с техническими средствами и программным обеспечением ;
АУД.2.2 Разработка по результатам выявления (поиска) уязвимостей отчетов с описанием выявленных уязвимостей и планом мероприятий по их устранению; анализ отчетов с результатами поиска уязвимостей и оценки достаточности реализованных мер защиты информации ;
АУД.2.3 Устранение выявленных уязвимостей, в том числе путем установки обновлений программного обеспечения средств защиты информации, общесистемного программного обеспечения, прикладного программного обеспечения или микропрограммного обеспечения технических средств ;
АУД.2.4 Информирование должностных лиц оператора (пользователей, администраторов, подразделения по защите информации) о результатах поиска уязвимостей и оценки достаточности реализованных мер защиты информации ;
ЗИС.35.1 Фильтрация сетевого трафика, в том числе между внешними сетями и внутренними, в том числе при организации сетевого обмена с сетями связи общего пользования;
УПД.6.2 Блокирование устройства, с которого предпринимаются попытки доступа, и (или) учетной записи пользователя при превышении пользователем ограничения количества неуспешных попыток входа;
ЗИС.35.7 Семантический и статистический анализ сетевого трафика вычислительной сети;
ИАФ.1.4 Многофакторная (двухфакторная) аутентификация пользователей;
УПД.6.1 Регламентация и контроль количества неуспешных попыток входа ",Данные уточняются,Данные уточняются,Данные уточняются,Данные уточняются,Данные уточняются
СП.22.7,Нелегитимная отправка (подделка) запросов от имени пользователя (CSRF),СП.22 Атака на Веб-приложение,"В.2 Нарушитель, обладающий базовыми повышенными возможностями","УБИ.2 Угроза несанкционированного доступа;
УБИ.3 Угроза несанкционированной модификации (искажения);
УБИ.4 Угроза несанкционированной подмены;
УБИ.5 Угроза удаления информационных ресурсов;
УБИ.7 Угроза ненадлежащего (нецелевого) использования;
УБИ.8 Угроза нарушения функционирования (работоспособности);
УБИ.10 Угроза распространения противоправной информации;
УБИ.11 Угроза несанкционированного массового сбора информации","АУД.2.1 Выявление (поиск) уязвимостей, связанных с ошибками кода в программном (микропрограммном) обеспечении (общесистемном, прикладном, специальном), а также программном обеспечении средств защиты информации, правильностью установки и настройки средств защиты информации, технических средств и программного обеспечения, а также корректностью работы средств защиты информации при их взаимодействии с техническими средствами и программным обеспечением ;
АУД.2.2 Разработка по результатам выявления (поиска) уязвимостей отчетов с описанием выявленных уязвимостей и планом мероприятий по их устранению; анализ отчетов с результатами поиска уязвимостей и оценки достаточности реализованных мер защиты информации ;
АУД.2.3 Устранение выявленных уязвимостей, в том числе путем установки обновлений программного обеспечения средств защиты информации, общесистемного программного обеспечения, прикладного программного обеспечения или микропрограммного обеспечения технических средств ;
АУД.2.4 Информирование должностных лиц оператора (пользователей, администраторов, подразделения по защите информации) о результатах поиска уязвимостей и оценки достаточности реализованных мер защиты информации ;
ОЦЛ.4.2 Вводимые данные должны проверяться на наличие конструкций, которые могут быть интерпретированы программно-техническими средствами информационной системы как исполняемые команды;
ЗИС.35.1 Фильтрация сетевого трафика, в том числе между внешними сетями и внутренними, в том числе при организации сетевого обмена с сетями связи общего пользования;
ЗИС.35.7 Семантический и статистический анализ сетевого трафика вычислительной сети;
ОЦЛ.1.2 Контроль целостности компонентов программного обеспечения (за исключением средств защиты информации), определяемого оператором исходя из возможности реализации угроз безопасности информации, по наличию имен (идентификаторов) компонентов программного обеспечения и (или) по контрольным суммам в процессе загрузки и (или) динамически в процессе работы информационной системы;
ОЦЛ.4.1 Контроль точности, полноты и правильности данных, вводимых в информационную систему, обеспечивается путем установления и проверки соблюдения форматов ввода данных, синтаксических, семантических и (или) иных правил ввода информации в информационную систему (допустимые наборы символов, размерность, область числовых значений, допустимые значения, количество символов) для подтверждения того, что ввод информации соответствует заданному оператором формату и содержанию.;
ОЦЛ.2.1 Контроль целостности с периодичностью, установленной оператором, структуры базы данных по наличию имен (идентификаторов) и (или) по контрольным суммам программных компонент базы данных в процессе загрузки и (или) динамически в процессе работы информационной системы",Данные уточняются,Данные уточняются,Данные уточняются,Данные уточняются,Данные уточняются
СП.22.8,Нелегитимная отправка (подделка) запросов от имени сервера (SSRF),СП.22 Атака на Веб-приложение,"В.2 Нарушитель, обладающий базовыми повышенными возможностями","УБИ.2 Угроза несанкционированного доступа;
УБИ.3 Угроза несанкционированной модификации (искажения);
УБИ.4 Угроза несанкционированной подмены;
УБИ.5 Угроза удаления информационных ресурсов;
УБИ.7 Угроза ненадлежащего (нецелевого) использования;
УБИ.8 Угроза нарушения функционирования (работоспособности);
УБИ.10 Угроза распространения противоправной информации;
УБИ.11 Угроза несанкционированного массового сбора информации","АУД.2.1 Выявление (поиск) уязвимостей, связанных с ошибками кода в программном (микропрограммном) обеспечении (общесистемном, прикладном, специальном), а также программном обеспечении средств защиты информации, правильностью установки и настройки средств защиты информации, технических средств и программного обеспечения, а также корректностью работы средств защиты информации при их взаимодействии с техническими средствами и программным обеспечением ;
АУД.2.2 Разработка по результатам выявления (поиска) уязвимостей отчетов с описанием выявленных уязвимостей и планом мероприятий по их устранению; анализ отчетов с результатами поиска уязвимостей и оценки достаточности реализованных мер защиты информации ;
АУД.2.3 Устранение выявленных уязвимостей, в том числе путем установки обновлений программного обеспечения средств защиты информации, общесистемного программного обеспечения, прикладного программного обеспечения или микропрограммного обеспечения технических средств ;
АУД.2.4 Информирование должностных лиц оператора (пользователей, администраторов, подразделения по защите информации) о результатах поиска уязвимостей и оценки достаточности реализованных мер защиты информации ;
ЗИС.35.1 Фильтрация сетевого трафика, в том числе между внешними сетями и внутренними, в том числе при организации сетевого обмена с сетями связи общего пользования;
ЗИС.35.7 Семантический и статистический анализ сетевого трафика вычислительной сети",Данные уточняются,Данные уточняются,Данные уточняются,Данные уточняются,Данные уточняются
СП.22.9,Раскрытие чувствительной информации о пользователях,СП.22 Атака на Веб-приложение,"В.2 Нарушитель, обладающий базовыми повышенными возможностями","УБИ.2 Угроза несанкционированного доступа;
УБИ.3 Угроза несанкционированной модификации (искажения);
УБИ.4 Угроза несанкционированной подмены;
УБИ.5 Угроза удаления информационных ресурсов;
УБИ.7 Угроза ненадлежащего (нецелевого) использования;
УБИ.8 Угроза нарушения функционирования (работоспособности);
УБИ.10 Угроза распространения противоправной информации;
УБИ.11 Угроза несанкционированного массового сбора информации","АУД.2.1 Выявление (поиск) уязвимостей, связанных с ошибками кода в программном (микропрограммном) обеспечении (общесистемном, прикладном, специальном), а также программном обеспечении средств защиты информации, правильностью установки и настройки средств защиты информации, технических средств и программного обеспечения, а также корректностью работы средств защиты информации при их взаимодействии с техническими средствами и программным обеспечением ;
АУД.2.2 Разработка по результатам выявления (поиска) уязвимостей отчетов с описанием выявленных уязвимостей и планом мероприятий по их устранению; анализ отчетов с результатами поиска уязвимостей и оценки достаточности реализованных мер защиты информации ;
АУД.2.3 Устранение выявленных уязвимостей, в том числе путем установки обновлений программного обеспечения средств защиты информации, общесистемного программного обеспечения, прикладного программного обеспечения или микропрограммного обеспечения технических средств ;
АУД.2.4 Информирование должностных лиц оператора (пользователей, администраторов, подразделения по защите информации) о результатах поиска уязвимостей и оценки достаточности реализованных мер защиты информации ;
ЗИС.35.1 Фильтрация сетевого трафика, в том числе между внешними сетями и внутренними, в том числе при организации сетевого обмена с сетями связи общего пользования;
ЗИС.35.7 Семантический и статистический анализ сетевого трафика вычислительной сети;
ИПО.1.1 Информирование персонала об угрозах безопасности информации и о правилах безопасной работы;
ИПО.2.1 Обучение персонала правилам безопасной работы;
ИПО.3.1 Проведение практических занятий с персоналом по правилам безопасной работы;
ИПО.4.1 Контроль осведомленности персонала об угрозах безопасности информации и о правилах безопасной работы",Данные уточняются,Данные уточняются,Данные уточняются,Данные уточняются,Данные уточняются
СП.22.10,Раскрытие чувствительной информации о приложении и инфраструктуре,СП.22 Атака на Веб-приложение,"В.2 Нарушитель, обладающий базовыми повышенными возможностями","УБИ.2 Угроза несанкционированного доступа;
УБИ.3 Угроза несанкционированной модификации (искажения);
УБИ.4 Угроза несанкционированной подмены;
УБИ.5 Угроза удаления информационных ресурсов;
УБИ.7 Угроза ненадлежащего (нецелевого) использования;
УБИ.8 Угроза нарушения функционирования (работоспособности);
УБИ.10 Угроза распространения противоправной информации;
УБИ.11 Угроза несанкционированного массового сбора информации","АУД.2.1 Выявление (поиск) уязвимостей, связанных с ошибками кода в программном (микропрограммном) обеспечении (общесистемном, прикладном, специальном), а также программном обеспечении средств защиты информации, правильностью установки и настройки средств защиты информации, технических средств и программного обеспечения, а также корректностью работы средств защиты информации при их взаимодействии с техническими средствами и программным обеспечением ;
АУД.2.2 Разработка по результатам выявления (поиска) уязвимостей отчетов с описанием выявленных уязвимостей и планом мероприятий по их устранению; анализ отчетов с результатами поиска уязвимостей и оценки достаточности реализованных мер защиты информации ;
АУД.2.3 Устранение выявленных уязвимостей, в том числе путем установки обновлений программного обеспечения средств защиты информации, общесистемного программного обеспечения, прикладного программного обеспечения или микропрограммного обеспечения технических средств ;
АУД.2.4 Информирование должностных лиц оператора (пользователей, администраторов, подразделения по защите информации) о результатах поиска уязвимостей и оценки достаточности реализованных мер защиты информации ;
ЗИС.35.1 Фильтрация сетевого трафика, в том числе между внешними сетями и внутренними, в том числе при организации сетевого обмена с сетями связи общего пользования;
ЗИС.35.7 Семантический и статистический анализ сетевого трафика вычислительной сети",Данные уточняются,Данные уточняются,Данные уточняются,Данные уточняются,Данные уточняются
СП.22.11,Ошибки конфигурирования функций безопасности,СП.22 Атака на Веб-приложение,"В.2 Нарушитель, обладающий базовыми повышенными возможностями","УБИ.2 Угроза несанкционированного доступа;
УБИ.3 Угроза несанкционированной модификации (искажения);
УБИ.4 Угроза несанкционированной подмены;
УБИ.5 Угроза удаления информационных ресурсов;
УБИ.7 Угроза ненадлежащего (нецелевого) использования;
УБИ.8 Угроза нарушения функционирования (работоспособности);
УБИ.10 Угроза распространения противоправной информации;
УБИ.11 Угроза несанкционированного массового сбора информации","АУД.2.1 Выявление (поиск) уязвимостей, связанных с ошибками кода в программном (микропрограммном) обеспечении (общесистемном, прикладном, специальном), а также программном обеспечении средств защиты информации, правильностью установки и настройки средств защиты информации, технических средств и программного обеспечения, а также корректностью работы средств защиты информации при их взаимодействии с техническими средствами и программным обеспечением ;
АУД.2.2 Разработка по результатам выявления (поиска) уязвимостей отчетов с описанием выявленных уязвимостей и планом мероприятий по их устранению; анализ отчетов с результатами поиска уязвимостей и оценки достаточности реализованных мер защиты информации ;
АУД.2.3 Устранение выявленных уязвимостей, в том числе путем установки обновлений программного обеспечения средств защиты информации, общесистемного программного обеспечения, прикладного программного обеспечения или микропрограммного обеспечения технических средств ;
АУД.2.4 Информирование должностных лиц оператора (пользователей, администраторов, подразделения по защите информации) о результатах поиска уязвимостей и оценки достаточности реализованных мер защиты информации ;
АУД.4.1 Определение событий безопасности в информационной системе, подлежащие регистрации, и сроки их хранения",Данные уточняются,Данные уточняются,Данные уточняются,Данные уточняются,Данные уточняются
СП.22.12,"Использование недостатков, связанных с небезопасной десериализацией",СП.22 Атака на Веб-приложение,"В.2 Нарушитель, обладающий базовыми повышенными возможностями","УБИ.2 Угроза несанкционированного доступа;
УБИ.3 Угроза несанкционированной модификации (искажения);
УБИ.4 Угроза несанкционированной подмены;
УБИ.5 Угроза удаления информационных ресурсов;
УБИ.7 Угроза ненадлежащего (нецелевого) использования;
УБИ.8 Угроза нарушения функционирования (работоспособности);
УБИ.10 Угроза распространения противоправной информации;
УБИ.11 Угроза несанкционированного массового сбора информации","АУД.2.1 Выявление (поиск) уязвимостей, связанных с ошибками кода в программном (микропрограммном) обеспечении (общесистемном, прикладном, специальном), а также программном обеспечении средств защиты информации, правильностью установки и настройки средств защиты информации, технических средств и программного обеспечения, а также корректностью работы средств защиты информации при их взаимодействии с техническими средствами и программным обеспечением ;
АУД.2.2 Разработка по результатам выявления (поиска) уязвимостей отчетов с описанием выявленных уязвимостей и планом мероприятий по их устранению; анализ отчетов с результатами поиска уязвимостей и оценки достаточности реализованных мер защиты информации ;
АУД.2.3 Устранение выявленных уязвимостей, в том числе путем установки обновлений программного обеспечения средств защиты информации, общесистемного программного обеспечения, прикладного программного обеспечения или микропрограммного обеспечения технических средств ;
АУД.2.4 Информирование должностных лиц оператора (пользователей, администраторов, подразделения по защите информации) о результатах поиска уязвимостей и оценки достаточности реализованных мер защиты информации ;
ЗИС.35.1 Фильтрация сетевого трафика, в том числе между внешними сетями и внутренними, в том числе при организации сетевого обмена с сетями связи общего пользования;
ЗИС.35.7 Семантический и статистический анализ сетевого трафика вычислительной сети",Данные уточняются,Данные уточняются,Данные уточняются,Данные уточняются,Данные уточняются
СП.22.13,Использование уязвимых библиотек и компонентов,СП.22 Атака на Веб-приложение,"В.2 Нарушитель, обладающий базовыми повышенными возможностями","УБИ.2 Угроза несанкционированного доступа;
УБИ.3 Угроза несанкционированной модификации (искажения);
УБИ.4 Угроза несанкционированной подмены;
УБИ.5 Угроза удаления информационных ресурсов;
УБИ.7 Угроза ненадлежащего (нецелевого) использования;
УБИ.8 Угроза нарушения функционирования (работоспособности);
УБИ.10 Угроза распространения противоправной информации;
УБИ.11 Угроза несанкционированного массового сбора информации","АУД.2.1 Выявление (поиск) уязвимостей, связанных с ошибками кода в программном (микропрограммном) обеспечении (общесистемном, прикладном, специальном), а также программном обеспечении средств защиты информации, правильностью установки и настройки средств защиты информации, технических средств и программного обеспечения, а также корректностью работы средств защиты информации при их взаимодействии с техническими средствами и программным обеспечением ;
АУД.2.2 Разработка по результатам выявления (поиска) уязвимостей отчетов с описанием выявленных уязвимостей и планом мероприятий по их устранению; анализ отчетов с результатами поиска уязвимостей и оценки достаточности реализованных мер защиты информации ;
АУД.2.3 Устранение выявленных уязвимостей, в том числе путем установки обновлений программного обеспечения средств защиты информации, общесистемного программного обеспечения, прикладного программного обеспечения или микропрограммного обеспечения технических средств ;
АУД.2.4 Информирование должностных лиц оператора (пользователей, администраторов, подразделения по защите информации) о результатах поиска уязвимостей и оценки достаточности реализованных мер защиты информации ;
ОПО.1.1 Проведение поиска и получение обновлений программного обеспечения от доверенного источника;
ОПО.2.1 Проведение проверки целостности программного обеспечения путем сверки контрольных сумм, предоставляемых разработчиком",Данные уточняются,Данные уточняются,Данные уточняются,Данные уточняются,Данные уточняются
СП.22.14,Использование недостатков слабой реализации регистрации событий и мониторинга,СП.22 Атака на Веб-приложение,"В.2 Нарушитель, обладающий базовыми повышенными возможностями","УБИ.2 Угроза несанкционированного доступа;
УБИ.3 Угроза несанкционированной модификации (искажения);
УБИ.4 Угроза несанкционированной подмены;
УБИ.5 Угроза удаления информационных ресурсов;
УБИ.7 Угроза ненадлежащего (нецелевого) использования;
УБИ.8 Угроза нарушения функционирования (работоспособности);
УБИ.10 Угроза распространения противоправной информации;
УБИ.11 Угроза несанкционированного массового сбора информации","АУД.2.1 Выявление (поиск) уязвимостей, связанных с ошибками кода в программном (микропрограммном) обеспечении (общесистемном, прикладном, специальном), а также программном обеспечении средств защиты информации, правильностью установки и настройки средств защиты информации, технических средств и программного обеспечения, а также корректностью работы средств защиты информации при их взаимодействии с техническими средствами и программным обеспечением ;
АУД.2.2 Разработка по результатам выявления (поиска) уязвимостей отчетов с описанием выявленных уязвимостей и планом мероприятий по их устранению; анализ отчетов с результатами поиска уязвимостей и оценки достаточности реализованных мер защиты информации ;
АУД.2.3 Устранение выявленных уязвимостей, в том числе путем установки обновлений программного обеспечения средств защиты информации, общесистемного программного обеспечения, прикладного программного обеспечения или микропрограммного обеспечения технических средств ;
АУД.2.4 Информирование должностных лиц оператора (пользователей, администраторов, подразделения по защите информации) о результатах поиска уязвимостей и оценки достаточности реализованных мер защиты информации ",Данные уточняются,Данные уточняются,Данные уточняются,Данные уточняются,Данные уточняются
СП.22.15,Манипуляция с временными данными (cache),СП.22 Атака на Веб-приложение,"В.2 Нарушитель, обладающий базовыми повышенными возможностями","УБИ.2 Угроза несанкционированного доступа;
УБИ.3 Угроза несанкционированной модификации (искажения);
УБИ.4 Угроза несанкционированной подмены;
УБИ.5 Угроза удаления информационных ресурсов;
УБИ.7 Угроза ненадлежащего (нецелевого) использования;
УБИ.8 Угроза нарушения функционирования (работоспособности);
УБИ.10 Угроза распространения противоправной информации;
УБИ.11 Угроза несанкционированного массового сбора информации","ОПС.3.1 Управление временными файлами, в том числе запрет, разрешение, перенаправление записи, удаление временных файлов",Данные уточняются,Данные уточняются,Данные уточняются,Данные уточняются,Данные уточняются
СП.22.16,Получение чувствительной информации со страниц веб-приложения или из ответов сервера,СП.22 Атака на Веб-приложение,"В.2 Нарушитель, обладающий базовыми повышенными возможностями","УБИ.2 Угроза несанкционированного доступа;
УБИ.3 Угроза несанкционированной модификации (искажения);
УБИ.4 Угроза несанкционированной подмены;
УБИ.5 Угроза удаления информационных ресурсов;
УБИ.7 Угроза ненадлежащего (нецелевого) использования;
УБИ.8 Угроза нарушения функционирования (работоспособности);
УБИ.10 Угроза распространения противоправной информации;
УБИ.11 Угроза несанкционированного массового сбора информации","ЗИС.19.1 Защита информации от раскрытия, модификации и навязывания (ввода ложной информации) при ее передаче (подготовке к передаче) по каналам связи, имеющим выход за пределы контролируемой зоны ",Данные уточняются,Данные уточняются,Данные уточняются,Данные уточняются,Данные уточняются
СП.22.17,Атака на XML процессор (XML External Entity),СП.22 Атака на Веб-приложение,"В.2 Нарушитель, обладающий базовыми повышенными возможностями","УБИ.2 Угроза несанкционированного доступа;
УБИ.3 Угроза несанкционированной модификации (искажения);
УБИ.4 Угроза несанкционированной подмены;
УБИ.5 Угроза удаления информационных ресурсов;
УБИ.7 Угроза ненадлежащего (нецелевого) использования;
УБИ.8 Угроза нарушения функционирования (работоспособности);
УБИ.10 Угроза распространения противоправной информации;
УБИ.11 Угроза несанкционированного массового сбора информации","АУД.2.1 Выявление (поиск) уязвимостей, связанных с ошибками кода в программном (микропрограммном) обеспечении (общесистемном, прикладном, специальном), а также программном обеспечении средств защиты информации, правильностью установки и настройки средств защиты информации, технических средств и программного обеспечения, а также корректностью работы средств защиты информации при их взаимодействии с техническими средствами и программным обеспечением ;
АУД.2.2 Разработка по результатам выявления (поиска) уязвимостей отчетов с описанием выявленных уязвимостей и планом мероприятий по их устранению; анализ отчетов с результатами поиска уязвимостей и оценки достаточности реализованных мер защиты информации ;
АУД.2.3 Устранение выявленных уязвимостей, в том числе путем установки обновлений программного обеспечения средств защиты информации, общесистемного программного обеспечения, прикладного программного обеспечения или микропрограммного обеспечения технических средств ;
АУД.2.4 Информирование должностных лиц оператора (пользователей, администраторов, подразделения по защите информации) о результатах поиска уязвимостей и оценки достаточности реализованных мер защиты информации ;
ОЦЛ.4.2 Вводимые данные должны проверяться на наличие конструкций, которые могут быть интерпретированы программно-техническими средствами информационной системы как исполняемые команды;
ЗИС.35.1 Фильтрация сетевого трафика, в том числе между внешними сетями и внутренними, в том числе при организации сетевого обмена с сетями связи общего пользования;
ЗИС.35.7 Семантический и статистический анализ сетевого трафика вычислительной сети;
ОЦЛ.4.1 Контроль точности, полноты и правильности данных, вводимых в информационную систему, обеспечивается путем установления и проверки соблюдения форматов ввода данных, синтаксических, семантических и (или) иных правил ввода информации в информационную систему (допустимые наборы символов, размерность, область числовых значений, допустимые значения, количество символов) для подтверждения того, что ввод информации соответствует заданному оператором формату и содержанию.",Данные уточняются,Данные уточняются,Данные уточняются,Данные уточняются,Данные уточняются
СП.22.18,Подключение локальных файлов (LFI-атака),СП.22 Атака на Веб-приложение,"В.2 Нарушитель, обладающий базовыми повышенными возможностями","УБИ.2 Угроза несанкционированного доступа;
УБИ.3 Угроза несанкционированной модификации (искажения);
УБИ.4 Угроза несанкционированной подмены;
УБИ.5 Угроза удаления информационных ресурсов;
УБИ.7 Угроза ненадлежащего (нецелевого) использования;
УБИ.8 Угроза нарушения функционирования (работоспособности);
УБИ.10 Угроза распространения противоправной информации;
УБИ.11 Угроза несанкционированного массового сбора информации","ОЦЛ.4.2 Вводимые данные должны проверяться на наличие конструкций, которые могут быть интерпретированы программно-техническими средствами информационной системы как исполняемые команды;
ЗИС.35.1 Фильтрация сетевого трафика, в том числе между внешними сетями и внутренними, в том числе при организации сетевого обмена с сетями связи общего пользования;
ЗИС.35.7 Семантический и статистический анализ сетевого трафика вычислительной сети;
ОЦЛ.4.1 Контроль точности, полноты и правильности данных, вводимых в информационную систему, обеспечивается путем установления и проверки соблюдения форматов ввода данных, синтаксических, семантических и (или) иных правил ввода информации в информационную систему (допустимые наборы символов, размерность, область числовых значений, допустимые значения, количество символов) для подтверждения того, что ввод информации соответствует заданному оператором формату и содержанию.",Данные уточняются,Данные уточняются,Данные уточняются,Данные уточняются,Данные уточняются
СП.22.19,Подключение удаленных файлов (RFI-атака),СП.22 Атака на Веб-приложение,"В.2 Нарушитель, обладающий базовыми повышенными возможностями","УБИ.2 Угроза несанкционированного доступа;
УБИ.3 Угроза несанкционированной модификации (искажения);
УБИ.4 Угроза несанкционированной подмены;
УБИ.5 Угроза удаления информационных ресурсов;
УБИ.7 Угроза ненадлежащего (нецелевого) использования;
УБИ.8 Угроза нарушения функционирования (работоспособности);
УБИ.10 Угроза распространения противоправной информации;
УБИ.11 Угроза несанкционированного массового сбора информации","ОЦЛ.4.2 Вводимые данные должны проверяться на наличие конструкций, которые могут быть интерпретированы программно-техническими средствами информационной системы как исполняемые команды;
ЗИС.35.1 Фильтрация сетевого трафика, в том числе между внешними сетями и внутренними, в том числе при организации сетевого обмена с сетями связи общего пользования;
ЗИС.35.7 Семантический и статистический анализ сетевого трафика вычислительной сети;
ОЦЛ.4.1 Контроль точности, полноты и правильности данных, вводимых в информационную систему, обеспечивается путем установления и проверки соблюдения форматов ввода данных, синтаксических, семантических и (или) иных правил ввода информации в информационную систему (допустимые наборы символов, размерность, область числовых значений, допустимые значения, количество символов) для подтверждения того, что ввод информации соответствует заданному оператором формату и содержанию.",Данные уточняются,Данные уточняются,Данные уточняются,Данные уточняются,Данные уточняются
СП.22.20,Выход за пределы каталога (Path Traversal),СП.22 Атака на Веб-приложение,"В.2 Нарушитель, обладающий базовыми повышенными возможностями","УБИ.2 Угроза несанкционированного доступа;
УБИ.3 Угроза несанкционированной модификации (искажения);
УБИ.4 Угроза несанкционированной подмены;
УБИ.5 Угроза удаления информационных ресурсов;
УБИ.7 Угроза ненадлежащего (нецелевого) использования;
УБИ.8 Угроза нарушения функционирования (работоспособности);
УБИ.10 Угроза распространения противоправной информации;
УБИ.11 Угроза несанкционированного массового сбора информации","ОЦЛ.4.2 Вводимые данные должны проверяться на наличие конструкций, которые могут быть интерпретированы программно-техническими средствами информационной системы как исполняемые команды;
ЗИС.35.1 Фильтрация сетевого трафика, в том числе между внешними сетями и внутренними, в том числе при организации сетевого обмена с сетями связи общего пользования;
ЗИС.35.7 Семантический и статистический анализ сетевого трафика вычислительной сети;
ОЦЛ.4.1 Контроль точности, полноты и правильности данных, вводимых в информационную систему, обеспечивается путем установления и проверки соблюдения форматов ввода данных, синтаксических, семантических и (или) иных правил ввода информации в информационную систему (допустимые наборы символов, размерность, область числовых значений, допустимые значения, количество символов) для подтверждения того, что ввод информации соответствует заданному оператором формату и содержанию.",Данные уточняются,Данные уточняются,Данные уточняются,Данные уточняются,Данные уточняются
СП.22.21,Заражение кеша,СП.22 Атака на Веб-приложение,"В.2 Нарушитель, обладающий базовыми повышенными возможностями","УБИ.2 Угроза несанкционированного доступа;
УБИ.3 Угроза несанкционированной модификации (искажения);
УБИ.4 Угроза несанкционированной подмены;
УБИ.5 Угроза удаления информационных ресурсов;
УБИ.7 Угроза ненадлежащего (нецелевого) использования;
УБИ.8 Угроза нарушения функционирования (работоспособности);
УБИ.10 Угроза распространения противоправной информации;
УБИ.11 Угроза несанкционированного массового сбора информации","ЗИС.26.1 Аутентификация сервера, являющегося источником ответов на запросы (сервер доменных имен или DNS\002сервер) по определению сетевых адресов (IP-адресов) по сетевым именам (доменные имена) ;
ЗИС.26.2  Аутентификация сервера, являющегося источником ответов на запросы (кэширующийDNS-сервер) по определению сетевых имен (доменных имен) по сетевым адресам (IP-адресам) ",Данные уточняются,Данные уточняются,Данные уточняются,Данные уточняются,Данные уточняются
СП.22.22,Подмена действий пользователя (Clickjacking),СП.22 Атака на Веб-приложение,"В.2 Нарушитель, обладающий базовыми повышенными возможностями","УБИ.2 Угроза несанкционированного доступа;
УБИ.3 Угроза несанкционированной модификации (искажения);
УБИ.4 Угроза несанкционированной подмены;
УБИ.5 Угроза удаления информационных ресурсов;
УБИ.7 Угроза ненадлежащего (нецелевого) использования;
УБИ.8 Угроза нарушения функционирования (работоспособности);
УБИ.10 Угроза распространения противоправной информации;
УБИ.11 Угроза несанкционированного массового сбора информации","ИПО.1.1 Информирование персонала об угрозах безопасности информации и о правилах безопасной работы;
ИПО.2.1 Обучение персонала правилам безопасной работы;
ИПО.3.1 Проведение практических занятий с персоналом по правилам безопасной работы;
ИПО.4.1 Контроль осведомленности персонала об угрозах безопасности информации и о правилах безопасной работы;
ИНЦ.4.4 Проведение обучения персонала организации, включая сотрудников подразделения по защите информации, для повышения осведомленности в части обеспечения безопасности",Данные уточняются,Данные уточняются,Данные уточняются,Данные уточняются,Данные уточняются
СП.22.23,Захват сеанса пользователя (Session Hijacking),СП.22 Атака на Веб-приложение,"В.2 Нарушитель, обладающий базовыми повышенными возможностями","УБИ.2 Угроза несанкционированного доступа;
УБИ.3 Угроза несанкционированной модификации (искажения);
УБИ.4 Угроза несанкционированной подмены;
УБИ.5 Угроза удаления информационных ресурсов;
УБИ.7 Угроза ненадлежащего (нецелевого) использования;
УБИ.8 Угроза нарушения функционирования (работоспособности);
УБИ.10 Угроза распространения противоправной информации;
УБИ.11 Угроза несанкционированного массового сбора информации","ИПО.1.1 Информирование персонала об угрозах безопасности информации и о правилах безопасной работы;
ИПО.2.1 Обучение персонала правилам безопасной работы;
ИПО.3.1 Проведение практических занятий с персоналом по правилам безопасной работы;
ИПО.4.1 Контроль осведомленности персонала об угрозах безопасности информации и о правилах безопасной работы;
ИНЦ.4.4 Проведение обучения персонала организации, включая сотрудников подразделения по защите информации, для повышения осведомленности в части обеспечения безопасности",Данные уточняются,Данные уточняются,Данные уточняются,Данные уточняются,Данные уточняются
СП.22.24,Расщепление HTTP-ответа/запроса,СП.22 Атака на Веб-приложение,"В.2 Нарушитель, обладающий базовыми повышенными возможностями","УБИ.2 Угроза несанкционированного доступа;
УБИ.3 Угроза несанкционированной модификации (искажения);
УБИ.4 Угроза несанкционированной подмены;
УБИ.5 Угроза удаления информационных ресурсов;
УБИ.7 Угроза ненадлежащего (нецелевого) использования;
УБИ.8 Угроза нарушения функционирования (работоспособности);
УБИ.10 Угроза распространения противоправной информации;
УБИ.11 Угроза несанкционированного массового сбора информации","ОЦЛ.4.2 Вводимые данные должны проверяться на наличие конструкций, которые могут быть интерпретированы программно-техническими средствами информационной системы как исполняемые команды;
ЗИС.35.1 Фильтрация сетевого трафика, в том числе между внешними сетями и внутренними, в том числе при организации сетевого обмена с сетями связи общего пользования;
ЗИС.35.7 Семантический и статистический анализ сетевого трафика вычислительной сети;
ОЦЛ.4.1 Контроль точности, полноты и правильности данных, вводимых в информационную систему, обеспечивается путем установления и проверки соблюдения форматов ввода данных, синтаксических, семантических и (или) иных правил ввода информации в информационную систему (допустимые наборы символов, размерность, область числовых значений, допустимые значения, количество символов) для подтверждения того, что ввод информации соответствует заданному оператором формату и содержанию.",Данные уточняются,Данные уточняются,Данные уточняются,Данные уточняются,Данные уточняются
СП.22.25,Межсайтовая трассировка (XST-атака),СП.22 Атака на Веб-приложение,"В.2 Нарушитель, обладающий базовыми повышенными возможностями","УБИ.2 Угроза несанкционированного доступа;
УБИ.3 Угроза несанкционированной модификации (искажения);
УБИ.4 Угроза несанкционированной подмены;
УБИ.5 Угроза удаления информационных ресурсов;
УБИ.7 Угроза ненадлежащего (нецелевого) использования;
УБИ.8 Угроза нарушения функционирования (работоспособности);
УБИ.10 Угроза распространения противоправной информации;
УБИ.11 Угроза несанкционированного массового сбора информации","АУД.2.1 Выявление (поиск) уязвимостей, связанных с ошибками кода в программном (микропрограммном) обеспечении (общесистемном, прикладном, специальном), а также программном обеспечении средств защиты информации, правильностью установки и настройки средств защиты информации, технических средств и программного обеспечения, а также корректностью работы средств защиты информации при их взаимодействии с техническими средствами и программным обеспечением ;
АУД.2.2 Разработка по результатам выявления (поиска) уязвимостей отчетов с описанием выявленных уязвимостей и планом мероприятий по их устранению; анализ отчетов с результатами поиска уязвимостей и оценки достаточности реализованных мер защиты информации ;
АУД.2.3 Устранение выявленных уязвимостей, в том числе путем установки обновлений программного обеспечения средств защиты информации, общесистемного программного обеспечения, прикладного программного обеспечения или микропрограммного обеспечения технических средств ;
АУД.2.4 Информирование должностных лиц оператора (пользователей, администраторов, подразделения по защите информации) о результатах поиска уязвимостей и оценки достаточности реализованных мер защиты информации ;
ОЦЛ.4.2 Вводимые данные должны проверяться на наличие конструкций, которые могут быть интерпретированы программно-техническими средствами информационной системы как исполняемые команды;
ЗИС.35.1 Фильтрация сетевого трафика, в том числе между внешними сетями и внутренними, в том числе при организации сетевого обмена с сетями связи общего пользования;
ЗИС.35.7 Семантический и статистический анализ сетевого трафика вычислительной сети;
ОЦЛ.1.2 Контроль целостности компонентов программного обеспечения (за исключением средств защиты информации), определяемого оператором исходя из возможности реализации угроз безопасности информации, по наличию имен (идентификаторов) компонентов программного обеспечения и (или) по контрольным суммам в процессе загрузки и (или) динамически в процессе работы информационной системы;
ИПО.1.1 Информирование персонала об угрозах безопасности информации и о правилах безопасной работы;
ИПО.2.1 Обучение персонала правилам безопасной работы;
ИПО.3.1 Проведение практических занятий с персоналом по правилам безопасной работы;
ИПО.4.1 Контроль осведомленности персонала об угрозах безопасности информации и о правилах безопасной работы;
ОЦЛ.4.1 Контроль точности, полноты и правильности данных, вводимых в информационную систему, обеспечивается путем установления и проверки соблюдения форматов ввода данных, синтаксических, семантических и (или) иных правил ввода информации в информационную систему (допустимые наборы символов, размерность, область числовых значений, допустимые значения, количество символов) для подтверждения того, что ввод информации соответствует заданному оператором формату и содержанию.;
ОЦЛ.2.1 Контроль целостности с периодичностью, установленной оператором, структуры базы данных по наличию имен (идентификаторов) и (или) по контрольным суммам программных компонент базы данных в процессе загрузки и (или) динамически в процессе работы информационной системы",Данные уточняются,Данные уточняются,Данные уточняются,Данные уточняются,Данные уточняются
СП.22.26,Изменение параметров HTTP (HPP-атака),СП.22 Атака на Веб-приложение,"В.2 Нарушитель, обладающий базовыми повышенными возможностями","УБИ.2 Угроза несанкционированного доступа;
УБИ.3 Угроза несанкционированной модификации (искажения);
УБИ.4 Угроза несанкционированной подмены;
УБИ.5 Угроза удаления информационных ресурсов;
УБИ.7 Угроза ненадлежащего (нецелевого) использования;
УБИ.8 Угроза нарушения функционирования (работоспособности);
УБИ.10 Угроза распространения противоправной информации;
УБИ.11 Угроза несанкционированного массового сбора информации","ОЦЛ.4.2 Вводимые данные должны проверяться на наличие конструкций, которые могут быть интерпретированы программно-техническими средствами информационной системы как исполняемые команды;
ЗИС.35.1 Фильтрация сетевого трафика, в том числе между внешними сетями и внутренними, в том числе при организации сетевого обмена с сетями связи общего пользования;
ЗИС.35.7 Семантический и статистический анализ сетевого трафика вычислительной сети;
ОЦЛ.4.1 Контроль точности, полноты и правильности данных, вводимых в информационную систему, обеспечивается путем установления и проверки соблюдения форматов ввода данных, синтаксических, семантических и (или) иных правил ввода информации в информационную систему (допустимые наборы символов, размерность, область числовых значений, допустимые значения, количество символов) для подтверждения того, что ввод информации соответствует заданному оператором формату и содержанию.",Данные уточняются,Данные уточняются,Данные уточняются,Данные уточняются,Данные уточняются
СП.22.27,Открытое перенаправление,СП.22 Атака на Веб-приложение,"В.2 Нарушитель, обладающий базовыми повышенными возможностями","УБИ.2 Угроза несанкционированного доступа;
УБИ.3 Угроза несанкционированной модификации (искажения);
УБИ.4 Угроза несанкционированной подмены;
УБИ.5 Угроза удаления информационных ресурсов;
УБИ.7 Угроза ненадлежащего (нецелевого) использования;
УБИ.8 Угроза нарушения функционирования (работоспособности);
УБИ.10 Угроза распространения противоправной информации;
УБИ.11 Угроза несанкционированного массового сбора информации","СОВ.1.1 Обнаружение (предотвращение) вторжений (компьютерных атак), направленных на преднамеренный несанкционированный доступ к информации, специальные воздействия на информацию (носители информации) в целях ее добывания, уничтожения, искажения и блокирования доступа к ней, с использованием систем обнаружения вторжений ;
ИПО.1.1 Информирование персонала об угрозах безопасности информации и о правилах безопасной работы;
ИПО.2.1 Обучение персонала правилам безопасной работы;
ИПО.3.1 Проведение практических занятий с персоналом по правилам безопасной работы;
ИПО.4.1 Контроль осведомленности персонала об угрозах безопасности информации и о правилах безопасной работы;
ИНЦ.4.4 Проведение обучения персонала организации, включая сотрудников подразделения по защите информации, для повышения осведомленности в части обеспечения безопасности",Данные уточняются,Данные уточняются,Данные уточняются,Данные уточняются,Данные уточняются
СП.22.28,Переполнение буфера,СП.22 Атака на Веб-приложение,"В.2 Нарушитель, обладающий базовыми повышенными возможностями","УБИ.2 Угроза несанкционированного доступа;
УБИ.3 Угроза несанкционированной модификации (искажения);
УБИ.4 Угроза несанкционированной подмены;
УБИ.5 Угроза удаления информационных ресурсов;
УБИ.7 Угроза ненадлежащего (нецелевого) использования;
УБИ.8 Угроза нарушения функционирования (работоспособности);
УБИ.10 Угроза распространения противоправной информации;
УБИ.11 Угроза несанкционированного массового сбора информации","ОЦЛ.4.2 Вводимые данные должны проверяться на наличие конструкций, которые могут быть интерпретированы программно-техническими средствами информационной системы как исполняемые команды;
ЗИС.35.1 Фильтрация сетевого трафика, в том числе между внешними сетями и внутренними, в том числе при организации сетевого обмена с сетями связи общего пользования;
ЗИС.35.7 Семантический и статистический анализ сетевого трафика вычислительной сети;
СОВ.1.1 Обнаружение (предотвращение) вторжений (компьютерных атак), направленных на преднамеренный несанкционированный доступ к информации, специальные воздействия на информацию (носители информации) в целях ее добывания, уничтожения, искажения и блокирования доступа к ней, с использованием систем обнаружения вторжений ;
ОЦЛ.4.1 Контроль точности, полноты и правильности данных, вводимых в информационную систему, обеспечивается путем установления и проверки соблюдения форматов ввода данных, синтаксических, семантических и (или) иных правил ввода информации в информационную систему (допустимые наборы символов, размерность, область числовых значений, допустимые значения, количество символов) для подтверждения того, что ввод информации соответствует заданному оператором формату и содержанию.",Данные уточняются,Данные уточняются,Данные уточняются,Данные уточняются,Данные уточняются
СП.22.29,Загрузка произвольных файлов,СП.22 Атака на Веб-приложение,"В.2 Нарушитель, обладающий базовыми повышенными возможностями","УБИ.2 Угроза несанкционированного доступа;
УБИ.3 Угроза несанкционированной модификации (искажения);
УБИ.4 Угроза несанкционированной подмены;
УБИ.5 Угроза удаления информационных ресурсов;
УБИ.7 Угроза ненадлежащего (нецелевого) использования;
УБИ.8 Угроза нарушения функционирования (работоспособности);
УБИ.10 Угроза распространения противоправной информации;
УБИ.11 Угроза несанкционированного массового сбора информации","ОЦЛ.4.2 Вводимые данные должны проверяться на наличие конструкций, которые могут быть интерпретированы программно-техническими средствами информационной системы как исполняемые команды;
ЗИС.35.1 Фильтрация сетевого трафика, в том числе между внешними сетями и внутренними, в том числе при организации сетевого обмена с сетями связи общего пользования;
ЗИС.35.7 Семантический и статистический анализ сетевого трафика вычислительной сети;
ОЦЛ.4.1 Контроль точности, полноты и правильности данных, вводимых в информационную систему, обеспечивается путем установления и проверки соблюдения форматов ввода данных, синтаксических, семантических и (или) иных правил ввода информации в информационную систему (допустимые наборы символов, размерность, область числовых значений, допустимые значения, количество символов) для подтверждения того, что ввод информации соответствует заданному оператором формату и содержанию.",Данные уточняются,Данные уточняются,Данные уточняются,Данные уточняются,Данные уточняются
СП.22.30,Нарушение логики работы приложения,СП.22 Атака на Веб-приложение,"В.2 Нарушитель, обладающий базовыми повышенными возможностями","УБИ.2 Угроза несанкционированного доступа;
УБИ.3 Угроза несанкционированной модификации (искажения);
УБИ.4 Угроза несанкционированной подмены;
УБИ.5 Угроза удаления информационных ресурсов;
УБИ.7 Угроза ненадлежащего (нецелевого) использования;
УБИ.8 Угроза нарушения функционирования (работоспособности);
УБИ.10 Угроза распространения противоправной информации;
УБИ.11 Угроза несанкционированного массового сбора информации","ОЦЛ.5.1 Определение оператором типов ошибочных действий пользователей, которые потенциально могут привести к нарушению безопасности информации в информационной системе;
ОЦЛ.5.2 Генерирование сообщений для пользователей об их ошибочных действиях и о возможности нарушения безопасности информации в информационной системе для корректировки действий пользователей",Данные уточняются,Данные уточняются,Данные уточняются,Данные уточняются,Данные уточняются
СП.22.31,Использование недостатков механизма завершения сессии,СП.22 Атака на Веб-приложение,"В.2 Нарушитель, обладающий базовыми повышенными возможностями","УБИ.2 Угроза несанкционированного доступа;
УБИ.3 Угроза несанкционированной модификации (искажения);
УБИ.4 Угроза несанкционированной подмены;
УБИ.5 Угроза удаления информационных ресурсов;
УБИ.7 Угроза ненадлежащего (нецелевого) использования;
УБИ.8 Угроза нарушения функционирования (работоспособности);
УБИ.10 Угроза распространения противоправной информации;
УБИ.11 Угроза несанкционированного массового сбора информации","ЗИС.27.1 Обеспечение подлинности сетевых соединений (сеансов взаимодействия), в том числе для защиты от подмены сетевых устройств и сервисов (защита от атак типа «человек посередине»);
ЗИС.35.5 Обеспечение подлинности сетевых соединений (сеансов взаимодействия) внутри инфраструктуры, в том числе для защиты от подмены сетевых устройств и сервисов;
УПД.10.1 Блокирование сеанса доступа пользователя после установленного Субъектом времени его бездействия (неактивности) или по запросу пользователя",Данные уточняются,Данные уточняются,Данные уточняются,Данные уточняются,Данные уточняются
СП.23.1,Подмена прошивки (микропрограммы),СП.23 Модификация (подмена) прошивки (микропрограммы),"В.3 Нарушитель, обладающий средними возможностями","УБИ.2 Угроза несанкционированного доступа;
УБИ.3 Угроза несанкционированной модификации (искажения);
УБИ.4 Угроза несанкционированной подмены;
УБИ.5 Угроза удаления информационных ресурсов;
УБИ.6 Угроза отказа в обслуживании;
УБИ.7 Угроза ненадлежащего (нецелевого) использования;
УБИ.8 Угроза нарушения функционирования (работоспособности);
УБИ.10 Угроза распространения противоправной информации","ОЦЛ.1.5 Обеспечение физической защиты технических средств информационной системы;
ЗТС.3.1 Контроль и управление физическим доступом к техническим средствам, средствам защиты информации, средствам обеспечения функционирования, а также в помещения и сооружения, в которых они установлены, исключающие несанкционированный физический доступ к средствам обработки информации, средствам защиты информации и средствам обеспечения функционирования информационной системы и помещения и сооружения, в которых они установлены;
ЗНИ.2.1 Определение должностных лиц, имеющих физический доступ к машинным носителям информации;
ЗНИ.2.2 Предоставление физического доступа к машинным носителям информации только тем лицам, которым он необходим для выполнения своих должностных обязанностей (функций);
ЗНИ.4.2 Физический контроль и хранение машинных носителей информации в помещениях, специально предназначенных для хранения машинных носителей информации (хранилище машинных носителей информации",Данные уточняются,Данные уточняются,Данные уточняются,Данные уточняются,Данные уточняются
СП.23.2,Модификация прошивки (микропрограммы),СП.23 Модификация (подмена) прошивки (микропрограммы),"В.3 Нарушитель, обладающий средними возможностями","УБИ.2 Угроза несанкционированного доступа;
УБИ.3 Угроза несанкционированной модификации (искажения);
УБИ.4 Угроза несанкционированной подмены;
УБИ.5 Угроза удаления информационных ресурсов;
УБИ.6 Угроза отказа в обслуживании;
УБИ.7 Угроза ненадлежащего (нецелевого) использования;
УБИ.8 Угроза нарушения функционирования (работоспособности);
УБИ.10 Угроза распространения противоправной информации","ОЦЛ.1.5 Обеспечение физической защиты технических средств информационной системы;
ЗТС.3.1 Контроль и управление физическим доступом к техническим средствам, средствам защиты информации, средствам обеспечения функционирования, а также в помещения и сооружения, в которых они установлены, исключающие несанкционированный физический доступ к средствам обработки информации, средствам защиты информации и средствам обеспечения функционирования информационной системы и помещения и сооружения, в которых они установлены;
ЗНИ.2.1 Определение должностных лиц, имеющих физический доступ к машинным носителям информации;
ЗНИ.2.2 Предоставление физического доступа к машинным носителям информации только тем лицам, которым он необходим для выполнения своих должностных обязанностей (функций);
ЗНИ.4.2 Физический контроль и хранение машинных носителей информации в помещениях, специально предназначенных для хранения машинных носителей информации (хранилище машинных носителей информации",Данные уточняются,Данные уточняются,Данные уточняются,Данные уточняются,Данные уточняются
СП.24.1,Кража носителей информации,СП.24 Физическое воздействие,"В.1 Нарушитель, обладающий базовыми возможностями","УБИ.1 Угроза утечки информации;
УБИ.5 Угроза удаления информационных ресурсов;
УБИ.6 Угроза отказа в обслуживании;
УБИ.8 Угроза нарушения функционирования (работоспособности)","ЗНИ.2.1 Определение должностных лиц, имеющих физический доступ к машинным носителям информации;
ЗНИ.2.2 Предоставление физического доступа к машинным носителям информации только тем лицам, которым он необходим для выполнения своих должностных обязанностей (функций);
ЗНИ.4.2 Физический контроль и хранение машинных носителей информации в помещениях, специально предназначенных для хранения машинных носителей информации (хранилище машинных носителей информации;
ЗНИ.3.1 Определение должностных лиц, имеющих права на перемещение машинных носителей информации за пределы контролируемой зоны;
ЗНИ.3.2 Предоставление права на перемещение машинных носителей информации за пределы контролируемой зоны только тем лицам, которым оно необходимо для выполнения своих должностных обязанностей (функции);
ЗНИ.3.3 Учет перемещаемых машинных носителей информации;
ЗНИ.3.4 Периодическая проверка наличия машинных носителей информаци;
ЗНИ.4.1 Определение типов машинных носителей информации, подлежащих хранению в помещениях, специально предназначенных для хранения машинных носителей информации (хранилище машинных носителей информации);
ЗНИ.4.3 Защита машинных носителей информации до уничтожения (стирания) с них данных и остаточной информации (информации, которую можно восстановить после удаления с помощью нештатных средств и методов) с использованием средств стирания данных и остаточной информации;
ЗНИ.1.1 Обеспечение учета машинных носителей информации, используемых для хранения и обработки информации: съемные машинные носители информации (флэш-накопители, внешние накопители на жестких дисках и иные устройства); портативные вычислительные устройства, имеющие встроенные носители информации (ноутбуки, нетбуки, планшеты, сотовые телефоны, цифровые камеры, звукозаписывающие устройства и иные аналогичные по функциональности устройства); машинные носители информации, встроенные в корпус средств вычислительной техники (накопители на жестких дисках);
ЗНИ.1.2 Присвоение регистрационных (учетных) номеров носителям;
ЗНИ.1.3 Ведение журнала учета машинных носителей информации;
ЗНИ.8.1 Уничтожение (стирание) информации на машинных носителях при их передаче между пользователями, в сторонние организации для ремонта или утилизации, а также контроль уничтожения (стирания) информации;
ЗНИ.8.2 Уничтожение (стирание) информации на машинных носителях должно исключать возможность восстановления защищаемой информации при передаче машинных носителей между пользователями, в сторонние организации для ремонта или утилизации",Данные уточняются,Данные уточняются,Данные уточняются,Данные уточняются,Данные уточняются
СП.24.2,Внесение изменений в конфигурацию на уровне оборудования,СП.24 Физическое воздействие,"В.1 Нарушитель, обладающий базовыми возможностями","УБИ.1 Угроза утечки информации;
УБИ.2 Угроза несанкционированного доступа;
УБИ.3 Угроза несанкционированной модификации (искажения);
УБИ.4 Угроза несанкционированной подмены;
УБИ.5 Угроза удаления информационных ресурсов;
УБИ.6 Угроза отказа в обслуживании;
УБИ.7 Угроза ненадлежащего (нецелевого) использования;
УБИ.8 Угроза нарушения функционирования (работоспособности)","ОЦЛ.1.5 Обеспечение физической защиты технических средств информационной системы;
ЗТС.3.1 Контроль и управление физическим доступом к техническим средствам, средствам защиты информации, средствам обеспечения функционирования, а также в помещения и сооружения, в которых они установлены, исключающие несанкционированный физический доступ к средствам обработки информации, средствам защиты информации и средствам обеспечения функционирования информационной системы и помещения и сооружения, в которых они установлены;
ЗТС.2.1 Обеспечение контролируемой зоны, в пределах которой постоянно размещаются стационарные технические средства, обрабатывающие информацию, и средства защиты информации, а также средства обеспечения функционирования",Данные уточняются,Данные уточняются,Данные уточняются,Данные уточняются,Данные уточняются
СП.24.3,Уничтожение оборудования,СП.24 Физическое воздействие,"В.1 Нарушитель, обладающий базовыми возможностями","УБИ.5 Угроза удаления информационных ресурсов;
УБИ.6 Угроза отказа в обслуживании;
УБИ.8 Угроза нарушения функционирования (работоспособности)","ЗТС.3.1 Контроль и управление физическим доступом к техническим средствам, средствам защиты информации, средствам обеспечения функционирования, а также в помещения и сооружения, в которых они установлены, исключающие несанкционированный физический доступ к средствам обработки информации, средствам защиты информации и средствам обеспечения функционирования информационной системы и помещения и сооружения, в которых они установлены;
ЗТС.2.1 Обеспечение контролируемой зоны, в пределах которой постоянно размещаются стационарные технические средства, обрабатывающие информацию, и средства защиты информации, а также средства обеспечения функционирования;
ЗТС.5.1  Защита от внешних воздействий (воздействий окружающей среды, нестабильности электроснабжения, кондиционирования и иных внешних факторов)",Данные уточняются,Данные уточняются,Данные уточняются,Данные уточняются,Данные уточняются
СП.25.1,Атаки на механизмы идентификации участников системы распределенного реестра,СП.25 Атаки на системы с распределенным реестром,"В.1 Нарушитель, обладающий базовыми возможностями","УБИ.1 Угроза утечки информации;
УБИ.2 Угроза несанкционированного доступа;
УБИ.3 Угроза несанкционированной модификации (искажения);
УБИ.4 Угроза несанкционированной подмены;
УБИ.5 Угроза удаления информационных ресурсов;
УБИ.6 Угроза отказа в обслуживании;
УБИ.7 Угроза ненадлежащего (нецелевого) использования;
УБИ.8 Угроза нарушения функционирования (работоспособности);
УБИ.10 Угроза распространения противоправной информации;
УБИ.11 Угроза несанкционированного массового сбора информации;
УБИ.9 Угроза получения информационных ресурсов из недоверенного или скомпрометированного источника","УПД.1.1 Определение типа учетной записи (внутреннего пользователя, внешнего пользователя; системная, приложения; гостевая (анонимная), временная и (или) иные типы записей);
УПД.1.2 Объединение учетных записей в группы (при необходимости);
УПД.1.3 Верификация пользователя (проверка личности пользователя, его должностных (функциональных) обязанностей) при заведении учетной записи пользователя;
УПД.1.4 Заведение, активация, блокирование и уничтожение учетных записей пользователей;
УПД.1.5 Пересмотр и, при необходимости, корректировка учетных записей пользователей с периодичностью, определяемой субъектом;
УПД.1.6 Регламентация и контроль использования гостевых (анонимных) и временных учетных записей пользователей, а также привилегированных учетных записей администраторов;
УПД.1.7 Оповещение администратора, осуществляющего управление учетными записями пользователей, об изменении сведений о пользователях, их ролях, обязанностях, полномочиях, ограничениях;
УПД.1.8 Уничтожение временных учетных записей пользователей, предоставленных для однократного (ограниченного по времени) выполнения задач;
УПД.1.9 Предоставление пользователям прав доступа к объектам доступа, основываясь на задачах, решаемых пользователями;
ЗИС.27.1 Обеспечение подлинности сетевых соединений (сеансов взаимодействия), в том числе для защиты от подмены сетевых устройств и сервисов (защита от атак типа «человек посередине»);
ЗИС.35.2 Обеспечение доверенных канала, маршрута внутри инфраструктуры между администратором, пользователем и средствами защиты информации (функциями безопасности);
ЗИС.35.5 Обеспечение подлинности сетевых соединений (сеансов взаимодействия) внутри инфраструктуры, в том числе для защиты от подмены сетевых устройств и сервисов;
ЗИС.12.1 Изоляция процессов (выполнение программ) в выделенной области памяти;
ЗИС.35.1 Фильтрация сетевого трафика, в том числе между внешними сетями и внутренними, в том числе при организации сетевого обмена с сетями связи общего пользования;
УПД.2.1 Реализация дискреционного метода управления доступом, предусматривающего управление доступом субъектов доступа к объектам доступа на основе идентификационной информации субъекта и для каждого объекта доступа – списка, содержащего набор субъектов доступа (групп субъектов) и ассоциированных с ними типов доступа;
УПД.2.2 Реализация ролевого метода управления доступом, предусматривающего управление доступом субъектов доступа к объектам доступа на основе ролей субъектов доступа (совокупность действий и обязанностей, связанных с определенным видом деятельности);
УПД.2.3 Реализация мандатного метода управления доступом, предусматривающего управление доступом субъектов доступа к объектам доступа на основе сопоставления классификационных меток каждого субъекта доступа и каждого объекта доступа, отражающих классификационные уровни субъектов доступа и объектов доступа, являющиеся комбинациями иерархических и неиерархических категорий;
УПД.4.1 Разделение полномочий (ролей) пользователей, администраторов и лиц, обеспечивающих функционирование информационной системы, в соответствии с их должностными обязанностями (функциями). Определение в организационно-распорядительных документах по защите информации (документирование) полномочий (ролей) пользователей, администраторов и лиц, обеспечивающих функционирование информационной системы.;
УПД.5.1 Назначение прав и привилегий пользователям и запускаемым от их имени процессам, администраторам и лицам, обеспечивающим функционирование, минимально необходимых для выполнения ими своих должностных обязанностей (функций), и санкционирование доступа к объектам доступа в соответствии с минимально необходимыми правами и привилегиями;
УПД.6.2 Блокирование устройства, с которого предпринимаются попытки доступа, и (или) учетной записи пользователя при превышении пользователем ограничения количества неуспешных попыток входа;
УПД.13.1 Установление (в том числе документальное) видов доступа, разрешенных для удаленного доступа к объектам доступа;
УПД.13.2 Ограничение на использование удаленного доступа в соответствии с задачами (функциями), для решения которых такой доступ необходим, и предоставление удаленного доступа для каждого разрешенного вида удаленного доступа;
УПД.13.3 Предоставление удаленного доступа только тем пользователям, которым он необходим для выполнения установленных должностных обязанностей (функций);
УПД.13.5 Контроль удаленного доступа пользователей (процессов запускаемых от имени пользователей) к объектам доступа до начала информационного взаимодействия (передачи защищаемой информации);
УПД.14.1 Предоставление доступа только авторизованным (уполномоченным) пользователям;
УПД.14.2 Определение типов прикладного программного обеспечения, к которым разрешен доступ авторизованным (уполномоченным) пользователям из внешних информационных систем;
ЗИС.19.1 Защита информации от раскрытия, модификации и навязывания (ввода ложной информации) при ее передаче (подготовке к передаче) по каналам связи, имеющим выход за пределы контролируемой зоны ;
ЗИС.35.4 Отключение неиспользуемых сетевых протоколов компонентами инфраструктуры, хостовой операционной системы, вычислительной сети ;
УПД.14.4 Определение порядка предоставления доступа авторизованными (уполномоченным) пользователями из внешних информационных систем;
УПД.14.5 Определение порядка обработки, хранения и передачи информации с использованием внешних информационных систем;
ЗИС.35.3 Контроль передачи служебных информационных сообщений, передаваемых в сетях, хостовой операционной системы, по составу, объёму и иным характеристикам ;
ЗИС.35.6 Обеспечение изоляции потоков данных, передаваемых и обрабатываемых компонентами инфраструктуры и сетевых потоков вычислительной сети;
ЗИС.35.7 Семантический и статистический анализ сетевого трафика вычислительной сети;
УПД.13.4 Мониторинг и контроль удаленного доступа на предмет выявления несанкционированного удаленного доступа к объектам доступа;
УКФ.3.2 Установка (инсталляция) в информационной системе программного обеспечения и (или) его компонентов должна осуществляться только от имени администратора;
УПД.14.3 Определение системных учетных записей, используемых в рамках данного взаимодействия;
УПД.11.1 Регламентация и контроль действий пользователей, разрешенных до прохождения ими процедур идентификации и аутентификации, и запрет действий пользователей, не включенных в перечень разрешенных действий, до прохождения ими процедур идентификации и аутентификации;
ИАФ.1.4 Многофакторная (двухфакторная) аутентификация пользователей;
УПД.6.1 Регламентация и контроль количества неуспешных попыток входа ;
ИНЦ.4.4 Проведение обучения персонала организации, включая сотрудников подразделения по защите информации, для повышения осведомленности в части обеспечения безопасности;
УПД.10.1 Блокирование сеанса доступа пользователя после установленного Субъектом времени его бездействия (неактивности) или по запросу пользователя;
УПД.0.1 Разработка правил и процедур (политик) управления доступом;
УПД.7.1 Оповещение пользователей в виде сообщения («окна») при его входе (до процесса аутентификации) о том, что реализованы меры защиты информации, а также о том, что при работепользователем должны быть соблюдены установленные правила и ограничения на работу с информацией;
УПД.8.1 Оповещение пользователя после успешного входа о дате и времени предыдущего входа от имени этого пользователя;
УПД.9.1 Ограничение числа параллельных сеансов доступа для каждой учетной записи пользователя;
УПД.12.1 Поддержка (обновление, назначение, изменение) и сохранение атрибутов безопасности (меток безопасности), связанных с информацией в процессе ее хранения и обработки;
ОДТ.7.1 Выделение групп однотипных узлов, объединенных каналами передачи информации и рассматриваемых как единый программно\002технический ресурс, информационной системы в целом и (или) отдельных ее сегментов (серверов приложений, файловых серверов, серверов баз данных, средств защиты информации и иных сегментов) для обеспечения доступности информации, сервисов и механизмов защиты информации ;
ЗИС.3.1 Распределение средств защиты информации по разным уровням (эшелонам) защищаемой системы;
ЗИС.20.1 Обеспечение доверенных маршрутов передачи данных между администратором (пользователем) и средствами защиты информации (функциями безопасности средств защиты информации), определяемыми оператором;
ИНЦ.1.1 Сбор и первичная обработка информации, поступающей от источников событий информационной безопасности ;
ИНЦ.1.2 Автоматический анализ событий информационной безопасности и выявление компьютерных инцидентов (компьютерных атак) ;
ИНЦ.1.3 Ретроспективный анализ данных и выявление не обнаруженных ранее компьютерных инцидентов ;
ИНЦ.2.1 Определение механизмов оперативного информирования пользователями службы безопасности о фактах выявления компьютерного инцидента. Назначение ответственного лица за информирование НКЦКИ.;
ИНЦ.3.1 Назначение должностного лица (группы расследования), имеющего навыки проведения подобных расследований;
ИНЦ.3.2 Определение текущего и потенциального воздействия инцидента на организацию, идентификация затронутой инфраструктуры и определение соответствующего направления работы;
ИНЦ.4.1 Переоценка угроз безопасности информации, повлекших возникновение инцидента ;
ИНЦ.4.2 Определение в соответствии с выявленными угрозами безопасности инофрмации мер защиты информации для минимизации выявленных угроз, в случае повторения инцидента;
ИНЦ.4.3  Актуализация необходимых политик, регламентов, инструкций;
ИНЦ.5.1 Совершенствование политик информационной безопасности;
ИНЦ.5.2 Проведение дополнительного обучения сотрудников, ознакомление с правилами обращения с конфиденциальной информацией;
ИНЦ.5.3 Разработка соответствующих регламентов;
ИНЦ.5.4 Доведение до сотрудников информации о недопустимости несанкционированной передачи конфиденциальной информации за пределы организации и ответственности за нарушение установленных в организации правил;
ИНЦ.5.5 Доведение до сотрудников информации о недопустимости несанкционированной передачи конфиденциальной информации за пределы организации и ответственности за нарушение установленных в организации правил;
ИНЦ.5.6 Ограничение доступа сотрудника к конфиденциальной информации;
ИНЦ.5.7 Вынесение предупреждений и другие меры административного характера;
ИНЦ.5.8 Установка средств защиты информации;
ИНЦ.5.9 Модернизация или замена компонентов информационных систем;
ИНЦ.5.10 Пересмотр и настройка минимальных прав доступа;
ИНЦ.5.11 Проведение аудита защищенности, тестирования на проникновение;
ИНЦ.6.1 Регламентация правил и процедур защиты информации о событиях безопасности;
ИНЦ.6.2 Обеспечение защиты средств выявления (регистрации) инцидентов и настроек механизмов выявления (регистрации) инцидентов;
ИНЦ.6.3 Обеспечение доступа к записям о компьютерных инцидентах и функциям управления механизмами выявления (регистрации) инцидентов только уполномоченным должностным лицам ",Данные уточняются,Данные уточняются,Данные уточняются,Данные уточняются,Данные уточняются
СП.25.2,Атаки на протоколы достижения консенсуса,СП.25 Атаки на системы с распределенным реестром,"В.1 Нарушитель, обладающий базовыми возможностями","УБИ.1 Угроза утечки информации;
УБИ.2 Угроза несанкционированного доступа;
УБИ.3 Угроза несанкционированной модификации (искажения);
УБИ.4 Угроза несанкционированной подмены;
УБИ.5 Угроза удаления информационных ресурсов;
УБИ.6 Угроза отказа в обслуживании;
УБИ.7 Угроза ненадлежащего (нецелевого) использования;
УБИ.8 Угроза нарушения функционирования (работоспособности);
УБИ.10 Угроза распространения противоправной информации;
УБИ.11 Угроза несанкционированного массового сбора информации;
УБИ.9 Угроза получения информационных ресурсов из недоверенного или скомпрометированного источника","АУД.2.1 Выявление (поиск) уязвимостей, связанных с ошибками кода в программном (микропрограммном) обеспечении (общесистемном, прикладном, специальном), а также программном обеспечении средств защиты информации, правильностью установки и настройки средств защиты информации, технических средств и программного обеспечения, а также корректностью работы средств защиты информации при их взаимодействии с техническими средствами и программным обеспечением ;
АУД.2.2 Разработка по результатам выявления (поиска) уязвимостей отчетов с описанием выявленных уязвимостей и планом мероприятий по их устранению; анализ отчетов с результатами поиска уязвимостей и оценки достаточности реализованных мер защиты информации ;
АУД.2.3 Устранение выявленных уязвимостей, в том числе путем установки обновлений программного обеспечения средств защиты информации, общесистемного программного обеспечения, прикладного программного обеспечения или микропрограммного обеспечения технических средств ;
АУД.2.4 Информирование должностных лиц оператора (пользователей, администраторов, подразделения по защите информации) о результатах поиска уязвимостей и оценки достаточности реализованных мер защиты информации ;
ЗИС.27.1 Обеспечение подлинности сетевых соединений (сеансов взаимодействия), в том числе для защиты от подмены сетевых устройств и сервисов (защита от атак типа «человек посередине»);
ЗИС.35.2 Обеспечение доверенных канала, маршрута внутри инфраструктуры между администратором, пользователем и средствами защиты информации (функциями безопасности);
ЗИС.35.5 Обеспечение подлинности сетевых соединений (сеансов взаимодействия) внутри инфраструктуры, в том числе для защиты от подмены сетевых устройств и сервисов;
ИАФ.4.2 Выдача средств аутентификации пользователям; генерация и выдача начальной аутентификационной информации (начальных значений средств аутентификации);
ЗИС.35.1 Фильтрация сетевого трафика, в том числе между внешними сетями и внутренними, в том числе при организации сетевого обмена с сетями связи общего пользования;
ЗИС.19.1 Защита информации от раскрытия, модификации и навязывания (ввода ложной информации) при ее передаче (подготовке к передаче) по каналам связи, имеющим выход за пределы контролируемой зоны ;
ЗИС.35.4 Отключение неиспользуемых сетевых протоколов компонентами инфраструктуры, хостовой операционной системы, вычислительной сети ;
ИАФ.5.1 Обеспечение однозначной идентификации и аутентификации пользователей для всех видов доступа, кроме тех видов доступа, которые определяются как действия, разрешенные до идентификации и аутентификации. ;
ЗИС.35.3 Контроль передачи служебных информационных сообщений, передаваемых в сетях, хостовой операционной системы, по составу, объёму и иным характеристикам ;
ЗИС.35.6 Обеспечение изоляции потоков данных, передаваемых и обрабатываемых компонентами инфраструктуры и сетевых потоков вычислительной сети;
ЗИС.35.7 Семантический и статистический анализ сетевого трафика вычислительной сети;
ИАФ.2.2 Аутентификация устройств с использованием соответствующих протоколов аутентификации или с применением криптографических методов защиты информации;
ИАФ.1.1 Аутентификация пользователей с применением логина и пароля;
ИАФ.1.2 Аутентификация пользователей с применением аппаратных средств (токенов);
ИАФ.1.3 Аутентификация пользователей с применением одноразовых паролей;
ИАФ.1.4 Многофакторная (двухфакторная) аутентификация пользователей;
ИАФ.7.1 Организация защиты аутентификационной информации криптографическими методами шифрования трафика. Осуществление контроля целостности передаваемой аутентификационной информации. Организация защищенной передачи данных с использованием идентификаторов. Реализация методов динамической аутентификации.;
ИНЦ.4.4 Проведение обучения персонала организации, включая сотрудников подразделения по защите информации, для повышения осведомленности в части обеспечения безопасности;
ЗИС.20.1 Обеспечение доверенных маршрутов передачи данных между администратором (пользователем) и средствами защиты информации (функциями безопасности средств защиты информации), определяемыми оператором;
ИНЦ.1.1 Сбор и первичная обработка информации, поступающей от источников событий информационной безопасности ;
ИНЦ.1.2 Автоматический анализ событий информационной безопасности и выявление компьютерных инцидентов (компьютерных атак) ;
ИНЦ.1.3 Ретроспективный анализ данных и выявление не обнаруженных ранее компьютерных инцидентов ;
ИНЦ.2.1 Определение механизмов оперативного информирования пользователями службы безопасности о фактах выявления компьютерного инцидента. Назначение ответственного лица за информирование НКЦКИ.;
ИНЦ.3.1 Назначение должностного лица (группы расследования), имеющего навыки проведения подобных расследований;
ИНЦ.3.2 Определение текущего и потенциального воздействия инцидента на организацию, идентификация затронутой инфраструктуры и определение соответствующего направления работы;
ИНЦ.4.1 Переоценка угроз безопасности информации, повлекших возникновение инцидента ;
ИНЦ.4.2 Определение в соответствии с выявленными угрозами безопасности инофрмации мер защиты информации для минимизации выявленных угроз, в случае повторения инцидента;
ИНЦ.4.3  Актуализация необходимых политик, регламентов, инструкций;
ИНЦ.5.1 Совершенствование политик информационной безопасности;
ИНЦ.5.2 Проведение дополнительного обучения сотрудников, ознакомление с правилами обращения с конфиденциальной информацией;
ИНЦ.5.3 Разработка соответствующих регламентов;
ИНЦ.5.4 Доведение до сотрудников информации о недопустимости несанкционированной передачи конфиденциальной информации за пределы организации и ответственности за нарушение установленных в организации правил;
ИНЦ.5.5 Доведение до сотрудников информации о недопустимости несанкционированной передачи конфиденциальной информации за пределы организации и ответственности за нарушение установленных в организации правил;
ИНЦ.5.6 Ограничение доступа сотрудника к конфиденциальной информации;
ИНЦ.5.7 Вынесение предупреждений и другие меры административного характера;
ИНЦ.5.8 Установка средств защиты информации;
ИНЦ.5.9 Модернизация или замена компонентов информационных систем;
ИНЦ.5.10 Пересмотр и настройка минимальных прав доступа;
ИНЦ.5.11 Проведение аудита защищенности, тестирования на проникновение;
ИНЦ.6.1 Регламентация правил и процедур защиты информации о событиях безопасности;
ИНЦ.6.2 Обеспечение защиты средств выявления (регистрации) инцидентов и настроек механизмов выявления (регистрации) инцидентов;
ИНЦ.6.3 Обеспечение доступа к записям о компьютерных инцидентах и функциям управления механизмами выявления (регистрации) инцидентов только уполномоченным должностным лицам ;
ИАФ.0.1 Разработка правил и процедур (политик) идентификации и аутентификации субъектов доступа и объектов доступа. Реализуется путём выполнения положений внутренних документов.;
ИАФ.1.5 Аутентификация пользователей с применением биометрии;
ИАФ.2.1 Определение перечня типов устройств, подлежащих аутентифкации по логическим именам (имя устройства и (или) ID), логическим адресам (например, IP-адресам) и (или) по физическим адресам (например, МАС адресам) устройства или по комбинации имени, логического и (или) физического адресов устройства;
ИАФ.3.1 Определение должностного лица (администратора) оператора, ответственного за создание, присвоение и уничтожение идентификаторов пользователей и устройств;
ИАФ.3.2 Формирование идентификатора, который однозначно идентифицирует пользователя и (или) устройство и присвоение идентификатора пользователю и (или) устройству;
ИАФ.3.3 Предотвращение повторного использования идентификатора пользователя и (или) устройства в течение установленного оператором периода времени;
ИАФ.3.4 Блокирование идентификатора пользователя после установленного оператором времени неиспользования;
ИАФ.4.1 Определение должностного лица (администратора) оператора, ответственного за хранение, выдачу, инициализацию, блокирование средств аутентификации и принятие мер в случае утраты и (или) компрометации средств аутентификации;
ИАФ.4.3 Установление характеристик пароля устойчивых к перебору (искользование нескольких алфавитов, специальных символов, регистра);
ИАФ.4.4 Блокирование (прекращение действия) и замена утерянных, скомпрометированных или поврежденных средств аутентификации;
ИАФ.4.5 Обновление аутентификационной информации (замена средств аутентификации) с периодичностью, установленной оператором;
ИАФ.4.6 Защита аутентификационной информации от неправомерного доступа к ней и модификации;
ИАФ.6.1 Использование протоколов аутентификации, обеспечивающих взаимную аутентификацию пользователей;
ИНЦ.0.1 Разработка правил и процедур (политик) реагирования на компьютерные инциденты ",Данные уточняются,Данные уточняются,Данные уточняются,Данные уточняются,Данные уточняются
СП.25.3,Атаки на смарт-контракты,СП.25 Атаки на системы с распределенным реестром,"В.1 Нарушитель, обладающий базовыми возможностями","УБИ.1 Угроза утечки информации;
УБИ.2 Угроза несанкционированного доступа;
УБИ.3 Угроза несанкционированной модификации (искажения);
УБИ.4 Угроза несанкционированной подмены;
УБИ.5 Угроза удаления информационных ресурсов;
УБИ.6 Угроза отказа в обслуживании;
УБИ.7 Угроза ненадлежащего (нецелевого) использования;
УБИ.8 Угроза нарушения функционирования (работоспособности);
УБИ.10 Угроза распространения противоправной информации;
УБИ.11 Угроза несанкционированного массового сбора информации;
УБИ.9 Угроза получения информационных ресурсов из недоверенного или скомпрометированного источника","АУД.2.1 Выявление (поиск) уязвимостей, связанных с ошибками кода в программном (микропрограммном) обеспечении (общесистемном, прикладном, специальном), а также программном обеспечении средств защиты информации, правильностью установки и настройки средств защиты информации, технических средств и программного обеспечения, а также корректностью работы средств защиты информации при их взаимодействии с техническими средствами и программным обеспечением ;
АУД.2.2 Разработка по результатам выявления (поиска) уязвимостей отчетов с описанием выявленных уязвимостей и планом мероприятий по их устранению; анализ отчетов с результатами поиска уязвимостей и оценки достаточности реализованных мер защиты информации ;
АУД.2.3 Устранение выявленных уязвимостей, в том числе путем установки обновлений программного обеспечения средств защиты информации, общесистемного программного обеспечения, прикладного программного обеспечения или микропрограммного обеспечения технических средств ;
АУД.2.4 Информирование должностных лиц оператора (пользователей, администраторов, подразделения по защите информации) о результатах поиска уязвимостей и оценки достаточности реализованных мер защиты информации ;
ЗИС.23.1 Определение перечня мобильного кода и технологий мобильного кода разрешенных и (или) запрещенных для использования в информационной системе;
ЗИС.23.2 Определение разрешенных мест распространения (серверы информационной системы) и использования мобильного кода (автоматизированные рабочие места, мобильные технические средства информационной системы) и функций информационной системы, для которых необходимо применение технологии мобильного кода;
ЗИС.23.3 Регистрация и анализ событий, связанных с разработкой, приобретением или внедрением технологии мобильного кода;
ЗИС.23.4 Исключение возможности использования запрещенного мобильного кода в информационной системе, а также внедрение мобильного кода в местах, не разрешенных для его установки",Данные уточняются,Данные уточняются,Данные уточняются,Данные уточняются,Данные уточняются
СП.25.4,Атаки на услуги системы с распределенным реестром,СП.25 Атаки на системы с распределенным реестром,"В.1 Нарушитель, обладающий базовыми возможностями","УБИ.1 Угроза утечки информации;
УБИ.2 Угроза несанкционированного доступа;
УБИ.3 Угроза несанкционированной модификации (искажения);
УБИ.4 Угроза несанкционированной подмены;
УБИ.5 Угроза удаления информационных ресурсов;
УБИ.6 Угроза отказа в обслуживании;
УБИ.7 Угроза ненадлежащего (нецелевого) использования;
УБИ.8 Угроза нарушения функционирования (работоспособности);
УБИ.10 Угроза распространения противоправной информации;
УБИ.11 Угроза несанкционированного массового сбора информации;
УБИ.9 Угроза получения информационных ресурсов из недоверенного или скомпрометированного источника","АУД.2.1 Выявление (поиск) уязвимостей, связанных с ошибками кода в программном (микропрограммном) обеспечении (общесистемном, прикладном, специальном), а также программном обеспечении средств защиты информации, правильностью установки и настройки средств защиты информации, технических средств и программного обеспечения, а также корректностью работы средств защиты информации при их взаимодействии с техническими средствами и программным обеспечением ;
АУД.2.2 Разработка по результатам выявления (поиска) уязвимостей отчетов с описанием выявленных уязвимостей и планом мероприятий по их устранению; анализ отчетов с результатами поиска уязвимостей и оценки достаточности реализованных мер защиты информации ;
АУД.2.3 Устранение выявленных уязвимостей, в том числе путем установки обновлений программного обеспечения средств защиты информации, общесистемного программного обеспечения, прикладного программного обеспечения или микропрограммного обеспечения технических средств ;
АУД.2.4 Информирование должностных лиц оператора (пользователей, администраторов, подразделения по защите информации) о результатах поиска уязвимостей и оценки достаточности реализованных мер защиты информации ;
УПД.1.1 Определение типа учетной записи (внутреннего пользователя, внешнего пользователя; системная, приложения; гостевая (анонимная), временная и (или) иные типы записей);
УПД.1.2 Объединение учетных записей в группы (при необходимости);
УПД.1.3 Верификация пользователя (проверка личности пользователя, его должностных (функциональных) обязанностей) при заведении учетной записи пользователя;
УПД.1.4 Заведение, активация, блокирование и уничтожение учетных записей пользователей;
УПД.1.5 Пересмотр и, при необходимости, корректировка учетных записей пользователей с периодичностью, определяемой субъектом;
УПД.1.6 Регламентация и контроль использования гостевых (анонимных) и временных учетных записей пользователей, а также привилегированных учетных записей администраторов;
УПД.1.7 Оповещение администратора, осуществляющего управление учетными записями пользователей, об изменении сведений о пользователях, их ролях, обязанностях, полномочиях, ограничениях;
УПД.1.8 Уничтожение временных учетных записей пользователей, предоставленных для однократного (ограниченного по времени) выполнения задач;
УПД.1.9 Предоставление пользователям прав доступа к объектам доступа, основываясь на задачах, решаемых пользователями;
ЗИС.27.1 Обеспечение подлинности сетевых соединений (сеансов взаимодействия), в том числе для защиты от подмены сетевых устройств и сервисов (защита от атак типа «человек посередине»);
ЗИС.35.2 Обеспечение доверенных канала, маршрута внутри инфраструктуры между администратором, пользователем и средствами защиты информации (функциями безопасности);
ЗИС.35.5 Обеспечение подлинности сетевых соединений (сеансов взаимодействия) внутри инфраструктуры, в том числе для защиты от подмены сетевых устройств и сервисов;
ИАФ.4.2 Выдача средств аутентификации пользователям; генерация и выдача начальной аутентификационной информации (начальных значений средств аутентификации);
ЗИС.35.1 Фильтрация сетевого трафика, в том числе между внешними сетями и внутренними, в том числе при организации сетевого обмена с сетями связи общего пользования;
УПД.2.1 Реализация дискреционного метода управления доступом, предусматривающего управление доступом субъектов доступа к объектам доступа на основе идентификационной информации субъекта и для каждого объекта доступа – списка, содержащего набор субъектов доступа (групп субъектов) и ассоциированных с ними типов доступа;
УПД.2.2 Реализация ролевого метода управления доступом, предусматривающего управление доступом субъектов доступа к объектам доступа на основе ролей субъектов доступа (совокупность действий и обязанностей, связанных с определенным видом деятельности);
УПД.2.3 Реализация мандатного метода управления доступом, предусматривающего управление доступом субъектов доступа к объектам доступа на основе сопоставления классификационных меток каждого субъекта доступа и каждого объекта доступа, отражающих классификационные уровни субъектов доступа и объектов доступа, являющиеся комбинациями иерархических и неиерархических категорий;
УПД.4.1 Разделение полномочий (ролей) пользователей, администраторов и лиц, обеспечивающих функционирование информационной системы, в соответствии с их должностными обязанностями (функциями). Определение в организационно-распорядительных документах по защите информации (документирование) полномочий (ролей) пользователей, администраторов и лиц, обеспечивающих функционирование информационной системы.;
УПД.5.1 Назначение прав и привилегий пользователям и запускаемым от их имени процессам, администраторам и лицам, обеспечивающим функционирование, минимально необходимых для выполнения ими своих должностных обязанностей (функций), и санкционирование доступа к объектам доступа в соответствии с минимально необходимыми правами и привилегиями;
УПД.6.2 Блокирование устройства, с которого предпринимаются попытки доступа, и (или) учетной записи пользователя при превышении пользователем ограничения количества неуспешных попыток входа;
УПД.13.1 Установление (в том числе документальное) видов доступа, разрешенных для удаленного доступа к объектам доступа;
УПД.13.2 Ограничение на использование удаленного доступа в соответствии с задачами (функциями), для решения которых такой доступ необходим, и предоставление удаленного доступа для каждого разрешенного вида удаленного доступа;
УПД.13.3 Предоставление удаленного доступа только тем пользователям, которым он необходим для выполнения установленных должностных обязанностей (функций);
УПД.13.5 Контроль удаленного доступа пользователей (процессов запускаемых от имени пользователей) к объектам доступа до начала информационного взаимодействия (передачи защищаемой информации);
УПД.14.1 Предоставление доступа только авторизованным (уполномоченным) пользователям;
УПД.14.2 Определение типов прикладного программного обеспечения, к которым разрешен доступ авторизованным (уполномоченным) пользователям из внешних информационных систем;
ЗИС.19.1 Защита информации от раскрытия, модификации и навязывания (ввода ложной информации) при ее передаче (подготовке к передаче) по каналам связи, имеющим выход за пределы контролируемой зоны ;
ЗИС.35.4 Отключение неиспользуемых сетевых протоколов компонентами инфраструктуры, хостовой операционной системы, вычислительной сети ;
ИАФ.5.1 Обеспечение однозначной идентификации и аутентификации пользователей для всех видов доступа, кроме тех видов доступа, которые определяются как действия, разрешенные до идентификации и аутентификации. ;
УПД.14.4 Определение порядка предоставления доступа авторизованными (уполномоченным) пользователями из внешних информационных систем;
УПД.14.5 Определение порядка обработки, хранения и передачи информации с использованием внешних информационных систем;
ЗИС.35.3 Контроль передачи служебных информационных сообщений, передаваемых в сетях, хостовой операционной системы, по составу, объёму и иным характеристикам ;
ЗИС.35.6 Обеспечение изоляции потоков данных, передаваемых и обрабатываемых компонентами инфраструктуры и сетевых потоков вычислительной сети;
ЗИС.35.7 Семантический и статистический анализ сетевого трафика вычислительной сети;
УПД.13.4 Мониторинг и контроль удаленного доступа на предмет выявления несанкционированного удаленного доступа к объектам доступа;
УПД.14.3 Определение системных учетных записей, используемых в рамках данного взаимодействия;
УПД.11.1 Регламентация и контроль действий пользователей, разрешенных до прохождения ими процедур идентификации и аутентификации, и запрет действий пользователей, не включенных в перечень разрешенных действий, до прохождения ими процедур идентификации и аутентификации;
ИАФ.2.2 Аутентификация устройств с использованием соответствующих протоколов аутентификации или с применением криптографических методов защиты информации;
ЗИС.23.1 Определение перечня мобильного кода и технологий мобильного кода разрешенных и (или) запрещенных для использования в информационной системе;
ЗИС.23.2 Определение разрешенных мест распространения (серверы информационной системы) и использования мобильного кода (автоматизированные рабочие места, мобильные технические средства информационной системы) и функций информационной системы, для которых необходимо применение технологии мобильного кода;
ЗИС.23.3 Регистрация и анализ событий, связанных с разработкой, приобретением или внедрением технологии мобильного кода;
ЗИС.23.4 Исключение возможности использования запрещенного мобильного кода в информационной системе, а также внедрение мобильного кода в местах, не разрешенных для его установки;
ИАФ.1.1 Аутентификация пользователей с применением логина и пароля;
ИАФ.1.2 Аутентификация пользователей с применением аппаратных средств (токенов);
ИАФ.1.3 Аутентификация пользователей с применением одноразовых паролей;
ИАФ.1.4 Многофакторная (двухфакторная) аутентификация пользователей;
УПД.6.1 Регламентация и контроль количества неуспешных попыток входа ;
ИАФ.7.1 Организация защиты аутентификационной информации криптографическими методами шифрования трафика. Осуществление контроля целостности передаваемой аутентификационной информации. Организация защищенной передачи данных с использованием идентификаторов. Реализация методов динамической аутентификации.;
ИНЦ.4.4 Проведение обучения персонала организации, включая сотрудников подразделения по защите информации, для повышения осведомленности в части обеспечения безопасности;
УПД.10.1 Блокирование сеанса доступа пользователя после установленного Субъектом времени его бездействия (неактивности) или по запросу пользователя;
УПД.0.1 Разработка правил и процедур (политик) управления доступом;
УПД.7.1 Оповещение пользователей в виде сообщения («окна») при его входе (до процесса аутентификации) о том, что реализованы меры защиты информации, а также о том, что при работепользователем должны быть соблюдены установленные правила и ограничения на работу с информацией;
УПД.8.1 Оповещение пользователя после успешного входа о дате и времени предыдущего входа от имени этого пользователя;
УПД.9.1 Ограничение числа параллельных сеансов доступа для каждой учетной записи пользователя;
УПД.12.1 Поддержка (обновление, назначение, изменение) и сохранение атрибутов безопасности (меток безопасности), связанных с информацией в процессе ее хранения и обработки;
ОДТ.7.1 Выделение групп однотипных узлов, объединенных каналами передачи информации и рассматриваемых как единый программно\002технический ресурс, информационной системы в целом и (или) отдельных ее сегментов (серверов приложений, файловых серверов, серверов баз данных, средств защиты информации и иных сегментов) для обеспечения доступности информации, сервисов и механизмов защиты информации ;
ЗИС.3.1 Распределение средств защиты информации по разным уровням (эшелонам) защищаемой системы;
ЗИС.20.1 Обеспечение доверенных маршрутов передачи данных между администратором (пользователем) и средствами защиты информации (функциями безопасности средств защиты информации), определяемыми оператором;
ИНЦ.1.1 Сбор и первичная обработка информации, поступающей от источников событий информационной безопасности ;
ИНЦ.1.2 Автоматический анализ событий информационной безопасности и выявление компьютерных инцидентов (компьютерных атак) ;
ИНЦ.1.3 Ретроспективный анализ данных и выявление не обнаруженных ранее компьютерных инцидентов ;
ИНЦ.2.1 Определение механизмов оперативного информирования пользователями службы безопасности о фактах выявления компьютерного инцидента. Назначение ответственного лица за информирование НКЦКИ.;
ИНЦ.3.1 Назначение должностного лица (группы расследования), имеющего навыки проведения подобных расследований;
ИНЦ.3.2 Определение текущего и потенциального воздействия инцидента на организацию, идентификация затронутой инфраструктуры и определение соответствующего направления работы;
ИНЦ.4.1 Переоценка угроз безопасности информации, повлекших возникновение инцидента ;
ИНЦ.4.2 Определение в соответствии с выявленными угрозами безопасности инофрмации мер защиты информации для минимизации выявленных угроз, в случае повторения инцидента;
ИНЦ.4.3  Актуализация необходимых политик, регламентов, инструкций;
ИНЦ.5.1 Совершенствование политик информационной безопасности;
ИНЦ.5.2 Проведение дополнительного обучения сотрудников, ознакомление с правилами обращения с конфиденциальной информацией;
ИНЦ.5.3 Разработка соответствующих регламентов;
ИНЦ.5.4 Доведение до сотрудников информации о недопустимости несанкционированной передачи конфиденциальной информации за пределы организации и ответственности за нарушение установленных в организации правил;
ИНЦ.5.5 Доведение до сотрудников информации о недопустимости несанкционированной передачи конфиденциальной информации за пределы организации и ответственности за нарушение установленных в организации правил;
ИНЦ.5.6 Ограничение доступа сотрудника к конфиденциальной информации;
ИНЦ.5.7 Вынесение предупреждений и другие меры административного характера;
ИНЦ.5.8 Установка средств защиты информации;
ИНЦ.5.9 Модернизация или замена компонентов информационных систем;
ИНЦ.5.10 Пересмотр и настройка минимальных прав доступа;
ИНЦ.5.11 Проведение аудита защищенности, тестирования на проникновение;
ИНЦ.6.1 Регламентация правил и процедур защиты информации о событиях безопасности;
ИНЦ.6.2 Обеспечение защиты средств выявления (регистрации) инцидентов и настроек механизмов выявления (регистрации) инцидентов;
ИНЦ.6.3 Обеспечение доступа к записям о компьютерных инцидентах и функциям управления механизмами выявления (регистрации) инцидентов только уполномоченным должностным лицам ;
ИАФ.0.1 Разработка правил и процедур (политик) идентификации и аутентификации субъектов доступа и объектов доступа. Реализуется путём выполнения положений внутренних документов.;
ИАФ.1.5 Аутентификация пользователей с применением биометрии;
ИАФ.2.1 Определение перечня типов устройств, подлежащих аутентифкации по логическим именам (имя устройства и (или) ID), логическим адресам (например, IP-адресам) и (или) по физическим адресам (например, МАС адресам) устройства или по комбинации имени, логического и (или) физического адресов устройства;
ИАФ.3.1 Определение должностного лица (администратора) оператора, ответственного за создание, присвоение и уничтожение идентификаторов пользователей и устройств;
ИАФ.3.2 Формирование идентификатора, который однозначно идентифицирует пользователя и (или) устройство и присвоение идентификатора пользователю и (или) устройству;
ИАФ.3.3 Предотвращение повторного использования идентификатора пользователя и (или) устройства в течение установленного оператором периода времени;
ИАФ.3.4 Блокирование идентификатора пользователя после установленного оператором времени неиспользования;
ИАФ.4.1 Определение должностного лица (администратора) оператора, ответственного за хранение, выдачу, инициализацию, блокирование средств аутентификации и принятие мер в случае утраты и (или) компрометации средств аутентификации;
ИАФ.4.3 Установление характеристик пароля устойчивых к перебору (искользование нескольких алфавитов, специальных символов, регистра);
ИАФ.4.4 Блокирование (прекращение действия) и замена утерянных, скомпрометированных или поврежденных средств аутентификации;
ИАФ.4.5 Обновление аутентификационной информации (замена средств аутентификации) с периодичностью, установленной оператором;
ИАФ.4.6 Защита аутентификационной информации от неправомерного доступа к ней и модификации;
ИАФ.6.1 Использование протоколов аутентификации, обеспечивающих взаимную аутентификацию пользователей;
ИНЦ.0.1 Разработка правил и процедур (политик) реагирования на компьютерные инциденты ",Данные уточняются,Данные уточняются,Данные уточняются,Данные уточняются,Данные уточняются
СП.26.1,Воздействие на поставщика услуг системы хранения данных,СП.26 Воздействие через системы хранения и резервирования данных,"В.3 Нарушитель, обладающий средними возможностями","УБИ.1 Угроза утечки информации;
УБИ.2 Угроза несанкционированного доступа;
УБИ.3 Угроза несанкционированной модификации (искажения);
УБИ.4 Угроза несанкционированной подмены;
УБИ.5 Угроза удаления информационных ресурсов;
УБИ.6 Угроза отказа в обслуживании;
УБИ.7 Угроза ненадлежащего (нецелевого) использования;
УБИ.8 Угроза нарушения функционирования (работоспособности);
УБИ.10 Угроза распространения противоправной информации;
УБИ.11 Угроза несанкционированного массового сбора информации;
УБИ.9 Угроза получения информационных ресурсов из недоверенного или скомпрометированного источника","ЗИС.26.1 Аутентификация сервера, являющегося источником ответов на запросы (сервер доменных имен или DNS\002сервер) по определению сетевых адресов (IP-адресов) по сетевым именам (доменные имена) ;
ЗИС.26.2  Аутентификация сервера, являющегося источником ответов на запросы (кэширующийDNS-сервер) по определению сетевых имен (доменных имен) по сетевым адресам (IP-адресам) ;
АУД.1.2 Контроль состава технических средств, программного обеспечения и средств защиты информации на соответствие сведениям действующей (актуализированной) эксплуатационной документации и принятие мер, направленных на устранение выявленных недостатков;
ЗИС.39.4 Управление размещением и перемещением данных, обрабатываемых с использованием виртуальных машин, между носителями (системами хранения данных) ;
АУД.1.4 Исключение (восстановление) из состава информационной системы несанкционированно установленных (удаленных) технических средств, программного обеспечения и средств защиты информации;
ЗИС.33.1 Обеспечение запрета доступа текущему пользователю (учетной записи) или текущему процессу к системным ресурсам (реестрам, оперативной памяти, внешним запоминающим устройствам) при их повторном использовании, в которых хранится информация другого (предыдущего) пользователя",Данные уточняются,Данные уточняются,Данные уточняются,Данные уточняются,Данные уточняются
СП.26.2,Анализ временных задержек операций с зашифрованными данными сервера системы хранения данных,СП.26 Воздействие через системы хранения и резервирования данных,"В.3 Нарушитель, обладающий средними возможностями","УБИ.1 Угроза утечки информации;
УБИ.11 Угроза несанкционированного массового сбора информации","ЗИС.26.1 Аутентификация сервера, являющегося источником ответов на запросы (сервер доменных имен или DNS\002сервер) по определению сетевых адресов (IP-адресов) по сетевым именам (доменные имена) ;
ЗИС.26.2  Аутентификация сервера, являющегося источником ответов на запросы (кэширующийDNS-сервер) по определению сетевых имен (доменных имен) по сетевым адресам (IP-адресам) ;
АУД.1.2 Контроль состава технических средств, программного обеспечения и средств защиты информации на соответствие сведениям действующей (актуализированной) эксплуатационной документации и принятие мер, направленных на устранение выявленных недостатков;
ЗИС.39.4 Управление размещением и перемещением данных, обрабатываемых с использованием виртуальных машин, между носителями (системами хранения данных) ;
АУД.1.4 Исключение (восстановление) из состава информационной системы несанкционированно установленных (удаленных) технических средств, программного обеспечения и средств защиты информации;
ЗИС.33.1 Обеспечение запрета доступа текущему пользователю (учетной записи) или текущему процессу к системным ресурсам (реестрам, оперативной памяти, внешним запоминающим устройствам) при их повторном использовании, в которых хранится информация другого (предыдущего) пользователя",Данные уточняются,Данные уточняются,Данные уточняются,Данные уточняются,Данные уточняются
СП.26.3,Снижение качеств обслуживания в результате атак на системы хранения данных,СП.26 Воздействие через системы хранения и резервирования данных,"В.1 Нарушитель, обладающий базовыми возможностями","УБИ.6 Угроза отказа в обслуживании;
УБИ.8 Угроза нарушения функционирования (работоспособности)","АУД.2.1 Выявление (поиск) уязвимостей, связанных с ошибками кода в программном (микропрограммном) обеспечении (общесистемном, прикладном, специальном), а также программном обеспечении средств защиты информации, правильностью установки и настройки средств защиты информации, технических средств и программного обеспечения, а также корректностью работы средств защиты информации при их взаимодействии с техническими средствами и программным обеспечением ;
АУД.2.2 Разработка по результатам выявления (поиска) уязвимостей отчетов с описанием выявленных уязвимостей и планом мероприятий по их устранению; анализ отчетов с результатами поиска уязвимостей и оценки достаточности реализованных мер защиты информации ;
АУД.2.3 Устранение выявленных уязвимостей, в том числе путем установки обновлений программного обеспечения средств защиты информации, общесистемного программного обеспечения, прикладного программного обеспечения или микропрограммного обеспечения технических средств ;
АУД.2.4 Информирование должностных лиц оператора (пользователей, администраторов, подразделения по защите информации) о результатах поиска уязвимостей и оценки достаточности реализованных мер защиты информации ;
ЗИС.26.1 Аутентификация сервера, являющегося источником ответов на запросы (сервер доменных имен или DNS\002сервер) по определению сетевых адресов (IP-адресов) по сетевым именам (доменные имена) ;
ЗИС.26.2  Аутентификация сервера, являющегося источником ответов на запросы (кэширующийDNS-сервер) по определению сетевых имен (доменных имен) по сетевым адресам (IP-адресам) ;
ЗИС.27.1 Обеспечение подлинности сетевых соединений (сеансов взаимодействия), в том числе для защиты от подмены сетевых устройств и сервисов (защита от атак типа «человек посередине»);
ЗИС.35.1 Фильтрация сетевого трафика, в том числе между внешними сетями и внутренними, в том числе при организации сетевого обмена с сетями связи общего пользования;
АУД.5.1 Применение систем анализа сетевого трафика, предназначенных для перехвата потоков данных и обнаружения признаков сложных, чаще всего целевых атак;
СОВ.1.1 Обнаружение (предотвращение) вторжений (компьютерных атак), направленных на преднамеренный несанкционированный доступ к информации, специальные воздействия на информацию (носители информации) в целях ее добывания, уничтожения, искажения и блокирования доступа к ней, с использованием систем обнаружения вторжений ;
АУД.1.2 Контроль состава технических средств, программного обеспечения и средств защиты информации на соответствие сведениям действующей (актуализированной) эксплуатационной документации и принятие мер, направленных на устранение выявленных недостатков;
ЗИС.34.2 Резервирование информации и технических средств, программного обеспечения, каналов передачи информации;
ЗИС.34.1 Повышение характеристик производительности телекоммуникационного оборудования и каналов передачи;
АУД.7.1 Мониторинг (просмотр и анализ) записей регистрации (аудита) должен проводиться для всех событий, подлежащих регистрации, и с периодичностью, установленной оператором, и обеспечивающей своевременное выявление признаков инцидентов безопасности в информационной системе;
АУД.7.2 Планирование и проведение мероприятий по реагированию на выявленные инциденты безопасности;
АУД.8.1 Предупреждение (сигнализация, индикация) администраторов о сбоях (аппаратных и программных ошибках, сбоях в механизмах сбора информации или переполнения объема (емкости) памяти) при регистрации событий безопасности);
АУД.8.2 Реагирование на сбои при регистрации событий безопасности путем изменения администраторами параметров сбора, записи и хранения информации о событиях безопасности, в том числе отключение записи информации о событиях безопасности от части компонентов информационной системы, запись поверх устаревших хранимых записей событий безопасности;
ОДТ.1.1 Определение сегментов информационной системы, в которых должны применяться отказоустойчивые технические средства, обладающие свойствами сохранять свою работоспособность после отказа одного или нескольких их составных частей, и перечня таких средств исходя из требуемых условий обеспечения непрерывности функционирования информационной системы и доступности информации, установленных оператором;
ОДТ.1.2 Определение предельных (пороговых) значений характеристик (коэффициента) готовности, показывающего, какую долю времени от общего времени работы информационной системы техническое средство (техническое решение) находится в рабочем состоянии, и характеристик надежности (требуемое значение вероятности отказа в единицу времени) исходя из требуемых условий обеспечения непрерывности функционирования информационной системы и доступности информации, установленных оператором;
ОДТ.1.3 Применение в информационной системе технических средств с установленными оператором характеристиками (коэффициентом) готовности и надежности, обеспечивающих требуемые условия непрерывности функционирования информационной системы и доступности информации ;
ОДТ.1.4 Контроль с установленной оператором периодичностью за значениями характеристик (коэффициентов) готовности и надежности технических средств и реагирование на ухудшение значений данных характеристик (инициализация плана восстановления работоспособности и иные методы реагирования) ;
ОДТ.3.1 Контроль безотказного функционирования технических средств, обнаружение и локализация отказов функционирования, принятие мер по восстановлению отказавших средств и их тестирования",Данные уточняются,Данные уточняются,Данные уточняются,Данные уточняются,Данные уточняются
СП.26.4,"Удаление (изменение, шифрование) данных в системе резервирования",СП.26 Воздействие через системы хранения и резервирования данных,"В.3 Нарушитель, обладающий средними возможностями","УБИ.2 Угроза несанкционированного доступа;
УБИ.3 Угроза несанкционированной модификации (искажения);
УБИ.4 Угроза несанкционированной подмены;
УБИ.5 Угроза удаления информационных ресурсов;
УБИ.7 Угроза ненадлежащего (нецелевого) использования;
УБИ.8 Угроза нарушения функционирования (работоспособности)","УКФ.4.1 Контроль действий по внесению изменений в информационной системе;
УПД.1.1 Определение типа учетной записи (внутреннего пользователя, внешнего пользователя; системная, приложения; гостевая (анонимная), временная и (или) иные типы записей);
УПД.1.3 Верификация пользователя (проверка личности пользователя, его должностных (функциональных) обязанностей) при заведении учетной записи пользователя;
УПД.1.5 Пересмотр и, при необходимости, корректировка учетных записей пользователей с периодичностью, определяемой субъектом;
УПД.1.9 Предоставление пользователям прав доступа к объектам доступа, основываясь на задачах, решаемых пользователями;
ЗИС.26.1 Аутентификация сервера, являющегося источником ответов на запросы (сервер доменных имен или DNS\002сервер) по определению сетевых адресов (IP-адресов) по сетевым именам (доменные имена) ;
ЗИС.26.2  Аутентификация сервера, являющегося источником ответов на запросы (кэширующийDNS-сервер) по определению сетевых имен (доменных имен) по сетевым адресам (IP-адресам) ;
ЗИС.27.1 Обеспечение подлинности сетевых соединений (сеансов взаимодействия), в том числе для защиты от подмены сетевых устройств и сервисов (защита от атак типа «человек посередине»);
УПД.2.1 Реализация дискреционного метода управления доступом, предусматривающего управление доступом субъектов доступа к объектам доступа на основе идентификационной информации субъекта и для каждого объекта доступа – списка, содержащего набор субъектов доступа (групп субъектов) и ассоциированных с ними типов доступа;
УПД.2.2 Реализация ролевого метода управления доступом, предусматривающего управление доступом субъектов доступа к объектам доступа на основе ролей субъектов доступа (совокупность действий и обязанностей, связанных с определенным видом деятельности);
УПД.2.3 Реализация мандатного метода управления доступом, предусматривающего управление доступом субъектов доступа к объектам доступа на основе сопоставления классификационных меток каждого субъекта доступа и каждого объекта доступа, отражающих классификационные уровни субъектов доступа и объектов доступа, являющиеся комбинациями иерархических и неиерархических категорий;
УПД.4.1 Разделение полномочий (ролей) пользователей, администраторов и лиц, обеспечивающих функционирование информационной системы, в соответствии с их должностными обязанностями (функциями). Определение в организационно-распорядительных документах по защите информации (документирование) полномочий (ролей) пользователей, администраторов и лиц, обеспечивающих функционирование информационной системы.;
ЗИС.35.6 Обеспечение изоляции потоков данных, передаваемых и обрабатываемых компонентами инфраструктуры и сетевых потоков вычислительной сети;
АУД.1.2 Контроль состава технических средств, программного обеспечения и средств защиты информации на соответствие сведениям действующей (актуализированной) эксплуатационной документации и принятие мер, направленных на устранение выявленных недостатков;
ЗИС.39.4 Управление размещением и перемещением данных, обрабатываемых с использованием виртуальных машин, между носителями (системами хранения данных) ;
ЗИС.17.9 Определение перечня действий возможных внутренних нарушителей, связанных с доступом к информационным активам конфиденциальной информации, подвергаемых мониторингу и анализу для цели выявления потенциальных утечек информации. При этом рекомендуется подвергать мониторингу и анализу;
ИАФ.7.1 Организация защиты аутентификационной информации криптографическими методами шифрования трафика. Осуществление контроля целостности передаваемой аутентификационной информации. Организация защищенной передачи данных с использованием идентификаторов. Реализация методов динамической аутентификации.;
ОЦЛ.2.1 Контроль целостности с периодичностью, установленной оператором, структуры базы данных по наличию имен (идентификаторов) и (или) по контрольным суммам программных компонент базы данных в процессе загрузки и (или) динамически в процессе работы информационной системы;
УПД.12.1 Поддержка (обновление, назначение, изменение) и сохранение атрибутов безопасности (меток безопасности), связанных с информацией в процессе ее хранения и обработки;
АУД.1.4 Исключение (восстановление) из состава информационной системы несанкционированно установленных (удаленных) технических средств, программного обеспечения и средств защиты информации;
ЗИС.33.1 Обеспечение запрета доступа текущему пользователю (учетной записи) или текущему процессу к системным ресурсам (реестрам, оперативной памяти, внешним запоминающим устройствам) при их повторном использовании, в которых хранится информация другого (предыдущего) пользователя;
ОЦЛ.2.2 Контроль целостности с периодичностью, установленной оператором, объектов баз данных, определяемых оператором, по контрольным суммам и (или) с использованием криптографических методов в соответствии с законодательством Российской Федерации в процессе загрузки и (или) динамически в процессе работы информационной системы;
ЗИС.4.1 Разбиение информационной системы на сегменты (сегментирование информационной системы) и обеспечение защиты периметров сегментов информационной системы",Данные уточняются,Данные уточняются,Данные уточняются,Данные уточняются,Данные уточняются
СП.26.5,Внедрение вредоносного ПО через компрометацию инфраструктуры системы хранения данных,СП.26 Воздействие через системы хранения и резервирования данных,"В.2 Нарушитель, обладающий базовыми повышенными возможностями","УБИ.1 Угроза утечки информации;
УБИ.2 Угроза несанкционированного доступа;
УБИ.3 Угроза несанкционированной модификации (искажения);
УБИ.4 Угроза несанкционированной подмены;
УБИ.5 Угроза удаления информационных ресурсов;
УБИ.6 Угроза отказа в обслуживании;
УБИ.7 Угроза ненадлежащего (нецелевого) использования;
УБИ.8 Угроза нарушения функционирования (работоспособности);
УБИ.10 Угроза распространения противоправной информации;
УБИ.11 Угроза несанкционированного массового сбора информации;
УБИ.9 Угроза получения информационных ресурсов из недоверенного или скомпрометированного источника","ОПС.2.5 Определение и применение параметров настройки компонентов программного обеспечения, включая программные компоненты средств защиты информации, обеспечивающих реализацию мер защиты информации, а также устранение возможных уязвимостей информационной системы, приводящих к возникновению угроз безопасности информации;
УКФ.4.1 Контроль действий по внесению изменений в информационной системе;
ЗИС.26.1 Аутентификация сервера, являющегося источником ответов на запросы (сервер доменных имен или DNS\002сервер) по определению сетевых адресов (IP-адресов) по сетевым именам (доменные имена) ;
ЗИС.26.2  Аутентификация сервера, являющегося источником ответов на запросы (кэширующийDNS-сервер) по определению сетевых имен (доменных имен) по сетевым адресам (IP-адресам) ;
АВЗ.1.5 Проверка в масштабе времени, близком к реальному, объектов (файлов) из внешних источников (съемных машинных носителей информации, сетевых подключений, в том числе к сетям общего пользования, и других внешних источников) при загрузке, открытии или исполнении таких файлов;
АВЗ.1.1 Применение средств антивирусной защиты на автоматизированных рабочих местах, серверах, периметральных средствах защиты информации (средствах межсетевого экранирования, прокси-серверах, почтовых шлюзах и других средствах защиты информации), мобильных технических средствах и иных точках доступа в информационной системе, подверженных внедрению (заражению) вредоносными компьютерными программами (вирусами) через съемные машинные носители информации или сетевые подключения, в том числе к сетям общего пользования (вложения электронной почты, веб- и другие сетевые сервисы) ;
АВЗ.2.1 Применение средств антивирусной защиты на прокси-серверах, почтовых шлюза, почтовых серверах и иных точках доступа в информационную систему, подверженных внедрению (заражению) вредоносными компьютерными программами (вирусами) через съемные машинные носители информации или сетевые подключения, в том числе к сетям общего пользования (вложения электронной почты, веб- и другие сетевые сервисы);
ОПС.2.1 Определение компонентов программного обеспечения (состава и конфигурации), подлежащих установке после загрузки операционной системы;
ОПС.2.2 Настройка параметров установки компонентов программного обеспечения, обеспечивающая исключение установки (если осуществимо) компонентов программного обеспечения, использование которых не требуется для реализации информационной технологии;
ОПС.2.3 Конфигурация устанавливаемых компонентов программного обеспечения (в том числе конфигурации, предусматривающие включение в домен, или не включение в домен);
ОПС.2.4 Контроль за установкой компонентов программного обеспечения (состав компонентов, параметры установки, конфигурация компонентов);
АВЗ.3.1 Проверку в масштабе времени, близком к реальному, объектов (файлов) архивных, исполняемых и зашифрованных при загрузке, открытии или исполнении таких файлов.;
АВЗ.4.1 Получение уведомлений о необходимости обновлений и непосредственном обновлении базы данных признаков вредоносных компьютерных программ (вирусов) ;
АВЗ.4.2 Получение из доверенных источников и установка обновлений базы данных признаков вредоносных компьютерных программ (вирусов);
АВЗ.4.3 Контроль целостности обновлений базы данных признаков вредоносных компьютерных программ (вирусов) ;
АВЗ.5.1 Реализация на разных уровнях информационной системы средств антивирусной защиты разных производителей;
ЗИС.7.1 Применение специально созданных (эмулированных) ложных компонентов информационной системы или создание ложных информационных систем, предназначенных для обнаружения, регистрации и анализа действий нарушителей в процессе реализации угроз безопасности информации;
УКФ.3.1 Разработка перечня программного обеспечения и (или) его компонентов, разрешенных оператором к установке («белый список»), и (или) перечнем программного обеспечения и (или) его компонентов, запрещенных оператором к установке («черный список»);
УКФ.3.2 Установка (инсталляция) в информационной системе программного обеспечения и (или) его компонентов должна осуществляться только от имени администратора;
УКФ.3.3 Проведение периодического контроля установленного (инсталлированного) в информационной системе программного обеспечения на предмет соответствия его перечню программного обеспечения, разрешенному к установке в информационной системе, а также на предмет отсутствия программного обеспечения, запрещенного оператором к установке;
ОПО.1.1 Проведение поиска и получение обновлений программного обеспечения от доверенного источника;
ОПО.2.1 Проведение проверки целостности программного обеспечения путем сверки контрольных сумм, предоставляемых разработчиком;
ОПО.3.1 Проведение проверки обновлений программного обеспечения на изолированном от основной информационной системы сегменте ;
ОПО.4.1 Реализация технологии централизованного обновления программного обеспечения, предусматривающая однократную передачу обновлений на сервер для их последующего применения на всех элементах информационной системы",Данные уточняются,Данные уточняются,Данные уточняются,Данные уточняются,Данные уточняются
СП.26.6,"Использование недостатков, связанных с невозможностью удаления информации с сервера хранения данных",СП.26 Воздействие через системы хранения и резервирования данных,"В.1 Нарушитель, обладающий базовыми возможностями","УБИ.1 Угроза утечки информации;
УБИ.11 Угроза несанкционированного массового сбора информации","ЗИС.26.1 Аутентификация сервера, являющегося источником ответов на запросы (сервер доменных имен или DNS\002сервер) по определению сетевых адресов (IP-адресов) по сетевым именам (доменные имена) ;
ЗИС.26.2  Аутентификация сервера, являющегося источником ответов на запросы (кэширующийDNS-сервер) по определению сетевых имен (доменных имен) по сетевым адресам (IP-адресам) ;
АУД.1.2 Контроль состава технических средств, программного обеспечения и средств защиты информации на соответствие сведениям действующей (актуализированной) эксплуатационной документации и принятие мер, направленных на устранение выявленных недостатков;
ЗИС.39.4 Управление размещением и перемещением данных, обрабатываемых с использованием виртуальных машин, между носителями (системами хранения данных) ;
АУД.1.4 Исключение (восстановление) из состава информационной системы несанкционированно установленных (удаленных) технических средств, программного обеспечения и средств защиты информации;
ЗИС.33.1 Обеспечение запрета доступа текущему пользователю (учетной записи) или текущему процессу к системным ресурсам (реестрам, оперативной памяти, внешним запоминающим устройствам) при их повторном использовании, в которых хранится информация другого (предыдущего) пользователя",Данные уточняются,Данные уточняются,Данные уточняются,Данные уточняются,Данные уточняются
